country,company_name,address,city,phone,website,email,place_id
Czech Republic,"České Ploty, s.r.o","Do Višňovky 10, 251 01 Herink-Říčany u Prahy, Czechia",Prague,,http://www.ceskeploty.cz/,,ChIJESJgzgGPC0cRlx8A1fJYhTA
Czech Republic,"BETONPLOT - PLOTY NA MÍRU, Praha-Kunratice - Výroba, prodej, montáž oplocení, brány a branky","Kunratice Praha 4 - Kunratice CZ, Vídeňská 49/134, 148 00 Praha 4, Czechia",Prague,,https://betonplot.cz/,,ChIJqQ-pqJ2RC0cRw7dfoZhvM6U
Czech Republic,"Cheap Fences, Ltd.","Ve žlíbku 1849, 193 00 Praha 9, Czechia",Prague,,https://www.levne-ploty.cz/,objednavky@boppe.cz,ChIJAUVJTXiTC0cRbS8FBnlMXE0
Czech Republic,"Mobilní oplocení - Výrobce stavebních plotů ,,BauZaunex,,","Slavíkova 1198, 130 00 Praha 3-Žižkov, Czechia",Prague,,,,ChIJtxNn_WqVC0cR2xG5hvM3nD8
Czech Republic,Ploty Šmíd,"Svatá 62, 267 51 Svatá, Czechia",Prague,,https://www.ploty-montaz.cz/,info@ploty-montaz.cz,ChIJ34p1acKuC0cRtVrDtrwHkA4
Czech Republic,Betonové ploty Praha,"Boleslavská 1384, 250 01 Brandýs nad Labem-Stará Boleslav 1, Czechia",Prague,,https://www.betonplotypraha.cz/,info@betonplotypraha.cz,ChIJX0OfmznxC0cRV_WsR7Yo8Ik
Czech Republic,M&M PLOTY s.r.o.,"Újezd pod Troskami 45, 512 63 Újezd pod Troskami, Czechia",Prague,,https://eshop.mmploty.cz/,jan@novak.cz,ChIJv6WRhVWvDkcRYgzlN2_QleQ
Czech Republic,UNIPloty.cz - RM comp. s.r.o.,"Skoky 138, 751 25 Dolní Újezd-Veselíčko u Lipníka nad Bečvou, Czechia",Prague,,http://www.uniploty.cz/,uniploty@seznam.cz,ChIJUQYv-kGwE0cRSYpPGFSiHKs
Czech Republic,ploty-dlazba.cz,"Okrouhlo 236, 254 01 Okrouhlo, Czechia",Prague,,http://ploty-dlazba.cz/kontakt/,info@ploty-dlazba.cz,ChIJmZ9lKGWaC0cRjpUCuS77PcI
Czech Republic,Gabionové ploty - opěrné zdi - výkopové práce,"Velvarská 1, 252 62 Horoměřice, Czechia",Prague,,https://www.gabiony-ploty-zdi.cz/,,ChIJv9bFtlfBC0cRCVBvDwY7e-w
Czech Republic,Protoria,"7, V Kapslovně 2770, 130 00 Praha 3, Czechia",Prague,,http://www.plotnaklic.cz/,info@plotnaklic.cz,ChIJY6qszV-TC0cR9TDI3kVifs4
Czech Republic,Stavíme ploty s.r.o.,"Hněvotín 90, 783 47 Hněvotín, Czechia",Prague,,http://stavime-ploty.cz/,poptavky@stavime-ploty.cz,ChIJg2EKnMZNEkcRKovGn--GIL8
Czech Republic,Prima ploty s.r.o. - ploty jednou provždy,"Nádražní 238, 503 53 Smidary, Czechia",Prague,,http://www.primaploty.cz/,obchod@primaploty.cz,ChIJzzCnpT0rDEcRTmC9iiR8Y2Y
Czech Republic,PLOTY Martin Povýšil,"Jiráskova 547, 251 64 Mnichovice, Czechia",Prague,,http://www.oploceni.org/,info@oploceni.org,ChIJh145lCOIC0cReScFheSEePc
Czech Republic,Nové-ploty-ihned.cz,"U Kapličky 153/2, 277 32 Čečelice-Byšice, Czechia",Prague,,https://noveplotyihned.cz/,noveploty.ihned@gmail.com,ChIJJYYuZ23lC0cRcAQa1eDJeb8
Czech Republic,Pavelka - ploty pro Váš dům,"Ředhošť 16, 411 20 Mšené-lázně-Ředhošť, Czechia",Prague,,http://www.ploty-pavelka.cz,info@ploty-pavelka.cz,ChIJe_vHKFrSC0cR4ztsBhNSYnI
Czech Republic,PLOTOVÉ CENTRUM KOPEČEK s.r.o. - pobočka Mukařov,"U Mototechny 274, 251 62 Tehovec-Mukařov, Czechia",Prague,,http://www.oploceni.cz/,,ChIJRa79XoKLC0cRqB0_quIWDD0
Czech Republic,GOOD FENCES,"Pražská 161, 281 04 Plaňany, Czechia",Prague,,http://www.hezke-ploty.cz/,info@hezke-ploty.cz,ChIJvbo8BqDyC0cRkCBoogcB2W4
Czech Republic,Mobilní ploty a oplocení,"Bečovská, 104 00 Praha 10, Czechia",Prague,,http://www.mobilni-oploceni.cz/,info@mobilniwecko.cz,ChIJ95Zf-aSNC0cRcJNGrHYqA98
Czech Republic,Ploty a gabiony DOPS Bohemia,"Spodní, 159 00 Zbraslav, Czechia",Prague,,http://www.pletiva.com/,info@pletiva.com,ChIJWcHEUiiXC0cRMsUN5-8JkUs
Czech Republic,"Ploty KODL, s.r.o. Plzeň | oplocení, pletivo, podhrabové desky, brány, vrata, vrátka - montáž, prodej, stavba","U Ježka 1265, 337 01 Rokycany 1, Czechia",Prague,,http://www.kodl-ploty.cz/oploceni/,obchod@kodl-ploty.cz,ChIJueA5Q778CkcRi2KjU-fk8J4
Czech Republic,Mobilní ploty Praha | ​WOLF service s.r.o.,"Bystrá, 193 00 Praha 20, Czechia",Prague,,https://ploty-mobilni.cz/,info@wolfservice.cz,ChIJ8zGKQw7zC0cRTxhxrojdfyc
Czech Republic,Jan Prokeš - realizace plotů,"Makotřasy 190, 273 54 Makotřasy, Czechia",Prague,,http://www.plotykokino.cz/,plotykokino@seznam.cz,ChIJq4oWApPLC0cRUKAG0Y8jcPE
Czech Republic,"A - Z PLOTOVÉ CENTRUM, spol. s.r.o.","Stará pošta 67, 664 61 Rajhrad, Czechia",Prague,,http://www.oploceni.cz/,info@oploceni.cz,ChIJeQcCo2O_EkcRDC5SRKzdgXo
Czech Republic,MaPo ploty,"Hostislavova 642/7a, 641 00 Brno-Žebětín, Czechia",Prague,,http://www.mapo-ploty.cz/,info@mapo-ploty.cz,ChIJhVMgPpGXEkcRmvWi-2OMTvY
Czech Republic,Gardis,"5. května 856/58, 140 00 Praha 4-Nusle, Czechia",Prague,,http://www.gardis.cz/,info@gardis.cz,ChIJn9rTkuORC0cRKN33JCiLHko
Czech Republic,HK ploty - Výstavba A Prodej Oplocení,"T. Novákové 1283/64, 621 00 Brno-Řečkovice a Mokrá Hora, Czechia",Prague,,https://www.hk-ploty.cz/,hkploty@seznam.cz,ChIJgRRCu-KTEkcRrtVpnAqJ4bg
Czech Republic,Ploty Opava: Stavba plotů a oplocení,"5, Horní 265, 747 05 Opava-Malé Hoštice, Czechia",Prague,,http://www.plotyopava.cz/,ploty@markiel.cz,ChIJm-_USYHYE0cRLEY1H9yL1eE
Czech Republic,EUROPLOTY s.r.o.,"Rukavičkářská, 263 01 Dobříš, Czechia",Prague,,https://www.europloty.cz/,,ChIJ_5RwArcKC0cRWRCxs-C58Vs
Czech Republic,EUROPLOTY s.r.o.,"Nad Pisárkami 1, 623 00 Kohoutovice, Czechia",Prague,,https://europloty.cz/,,ChIJL9x-ANaVEkcRV3pphIqg8kM
Czech Republic,HOBBY Garden Ltd.,"Pod Drahou 984, 252 30 Řevnice, Czechia",Prague,,https://plotydozahrady.cz/,,ChIJz1m9AICiC0cRmxgHmxRQyYY
Czech Republic,Ploty Benešov,"Fakturační adresa, Na Bezděkově 2005, 256 01 Benešov, Czechia",Prague,,http://beneploty.cz/,beneploty@seznam.cz,ChIJA4Jolg1_DEcRbSgjOu6U9vw
Czech Republic,PLOTYS - prodej a stavba plotů,"Otická 36, 746 01 Opava 1, Czechia",Prague,,http://www.plotys.cz/,,ChIJzffs0HPYE0cRkWCbZMk0QuI
Czech Republic,Ploty z Kovu,"Na Pořadí, 735 41 Petřvald u Karviné, Czechia",Prague,,http://www.plotyzkovu.cz/,poptavka@plotyzkovu.cz,ChIJH6uxE7L9E0cRvmrpyjpbMJI
Czech Republic,Plotové Studio,"Do Višňovky 81, 251 01 Herink-Říčany u Prahy, Czechia",Prague,,https://www.plotovestudio.cz/kontakty/centralni-sklad-herink,reklamace@ceskeploty.cz,ChIJZSJgzgGPC0cRlnbmeTzfRuc
Czech Republic,MIMA ploty s.r.o.,"Rebešovická 482/77, 643 00 Brno-Chrlice, Czechia",Brno,,https://www.betonoveploty.cz/,seo.racek@gmail.com,ChIJD2icoRDAEkcRvy5DwdhPlp0
Czech Republic,Ploty Pepe,"Kaštanová 141e, 620 00 Brno-jih, Czechia",Brno,,http://www.plotypepe.cz/,jan@novak.cz,ChIJw0o63_mVEkcRe1AgPbDFMog
Czech Republic,Betonové ploty Znojmo Brno Břeclav,"Příkopy 362, 671 67 Hrušovany nad Jevišovkou, Czechia",Brno,,http://www.betonoveplotyznojmo.cz/,j.novacek@betonoveplotyznojmo.cz,ChIJhUqnxNhKbUcRTicd6Mc8gkU
Czech Republic,A+J ploty s.r.o.,"Brněnská, 664 42 Modřice, Czechia",Brno,,http://www.ajploty.cz/,obchod@ajploty.cz,ChIJaaO6WXq_EkcRxW_SBnRpiRU
Czech Republic,Davson Ploty - David Duchoň,"Sevastopolská 348/7, 625 00 Brno-Starý Lískovec, Czechia",Brno,,http://www.davson-ploty.cz/,ploty-davson@seznam.cz,ChIJpdt9_OWVEkcR8HyxrrVLJEE
Czech Republic,Namor Ploty,"Tuřanská 689, 664 52 Sokolnice, Czechia",Brno,,http://www.namorploty.cz/,info@namorploty.cz,ChIJMf_atf_HO2oRzyS1ppz3M64
Czech Republic,Levné Ooplocení,"Stará pošta 67, 664 61 Rajhrad, Czechia",Brno,,http://www.levne-oploceni.cz/,dotazy@levne-oploceni.cz,ChIJeQcCo2O_EkcRRJ7FomXL818
Czech Republic,DESIGNFENCE,"Klímova 1, 616 00 Brno-Žabovřesky, Czechia",Brno,,http://www.designfence.cz/,info@designfence.cz,ChIJj512S03rEkcRO2Bmiaw4ahQ
Czech Republic,Betonové ploty,"Jemelkova, 625 00 Brno-Starý Lískovec, Czechia",Brno,,,,ChIJ45GIteiVEkcRAtkGXhJjXB8
Czech Republic,Ploty-Ostrava,"Hrabovská 5, 724 00 Ostrava 24, Czechia",Ostrava,,http://www.ploty-ostrava.cz/,ploty@kanclir.cz,ChIJj7hxNsD6E0cR6uDvHeArK5g
Czech Republic,ČESKÉ PLOTY | OSTRAVA,"U Cementárny 1174/38, 71000 Ostrava 3, Czechia",Ostrava,,https://www.ceskeploty.cz/,info@ceskeploty.cz,ChIJBbquPZHjE0cR-zXZyFqCkRE
Czech Republic,KM fences Ostrava,"Na Valše 48/11, 702 00 Moravská Ostrava a Přívoz, Czechia",Ostrava,,http://www.kmploty.cz/,info@plotyzostravy.cz,ChIJB0A7dgLiE0cRdreu6qDY2Yc
Czech Republic,Ploty Kincl s.r.o.,"Na Valše 48, 702 00 Moravská Ostrava a Přívoz, Czechia",Ostrava,,http://www.plotyzostravy.cz/,info@plotyzostravy.cz,ChIJ29W2RePiE0cRv1YrzbAOU9I
Czech Republic,"Ploty Lorenc, Kované ploty","U Řeky vedle č.p.682, 720 00 Ostrava, Czechia",Ostrava,,https://www.ploty-lorenc.cz/cs/,info@ploty-lorenc.cz,ChIJLZtkc-FfEUcRqE8UAzmJaKE
Czech Republic,Nejlevnější ploty Paskov - komplexní prodej výrobků a nářadí pro stavbu plotů,"Místecká 904, 739 21 Paskov, Czechia",Ostrava,,http://www.nejlevnejsiploty.cz/,faktury@dimonthdx.cz,ChIJW0LAQZr7E0cRPWAHHlVpriI
Czech Republic,Ploty a pletivo - oplocení,"5, Hrabovská 39, 724 00 Ostrava, Czechia",Ostrava,,"http://www.ploty-pletiva.cz/Sloupek-ZN-+-PVC-2000-38-125-mm-vcetne-cepicky-a-prichytky.html,det,26",,ChIJAQBsNsD6E0cRPEbmk6Fuuag
Czech Republic,Profi Ploty,"Erbenova 280/66, 703 00 Ostrava 3, Czechia",Ostrava,,https://www.profiploty.cz/,jan@novak.cz,ChIJF8t_inblE0cRohoBBoEvWuQ
Czech Republic,Ploty CZ,"Opavská 270/31, 743 01 Bílovec 1, Czechia",Ostrava,,https://plotycz.cz/,info@plotycz.cz,ChIJicObuBzoE0cRJFhgRujsC7M
Czech Republic,ePLETIVO,"5, Hrabovská 39, 724 00 Ostrava, Czechia",Ostrava,,http://www.epletivo.cz/kontakt,ploty@ploty-ostrava.cz,ChIJAQBsNsD6E0cRgYYdl_AEBQI
Czech Republic,"JOHNNY SERVIS s.r.o. - mobilní toalety, WC a oplocení","Slovenská 1103/4, 702 00 Moravská Ostrava a Přívoz, Czechia",Ostrava,,http://www.johnnyservis.cz/,,ChIJU6mInlv7E0cREuDSWrEuNTw
Czech Republic,Ploty-oploceni-ostrava,"Habrová 1132/6, 710 00 Slezská Ostrava, Czechia",Ostrava,,,,ChIJEeKLP6fkE0cRxtKaVFMvYEc
Czech Republic,Ploty Hýl - Betonové ploty,"Dlouhá, 742 83 Olbramice, Czechia",Ostrava,,http://www.ploty-hyl.cz/,,ChIJvUkq4m7vE0cRzqntQtq5gnY
Czech Republic,Ploty Matěj & Adámek s.r.o.,"Jistebník 28, 742 82 Jistebník, Czechia",Ostrava,,http://www.plotymatejadamek.cz/,plotymatejadamek@gmail.com,ChIJS26f4FXlE0cRDfWPa-3tQ4I
Czech Republic,Ploty Hokl,"Lumírova, 700 30 Ostrava-jih, Czechia",Ostrava,,http://ploty-hokl.cz/index.php/kontakt,plotyhokl@post.cz,ChIJaQ-PYoHkE0cR82xyYg23RYQ
Czech Republic,"Enespo, s.r.o. - Ploty, brány a garážová vrata Ostrava a okolí","Buničitá 201/2, 739 32 Vratimov 1, Czechia",Ostrava,,https://www.enespo.cz/,enespo@seznam.cz,ChIJ-4UBjBD7E0cROSNqNASEcXI
Czech Republic,ADAMONT.cz - VZORKOVNA (Vrata-brány-ploty-okna-dveře-stínící technika),"28. října 2020/231, 709 00 Ostrava 9, Czechia",Ostrava,,http://www.adamont.cz/,info@adamont.cz,ChIJ0wv5NQvhE0cRJNeAMZdRTcc
Czech Republic,Ploty Plzeň s.r.o.,"Vrchlického 1354, 332 02 Starý Plzenec, Czechia",Plzeň,,http://www.plotyplzen.cz/,,ChIJGbTWJGzlCkcRv2CgacQDHU8
Czech Republic,DFploty.cz - stavba plotů Plzeň,"Klatovská tř. 1460/83, 301 00 Plzeň 3, Czechia",Plzeň,,https://www.dfploty.cz/,FortD@seznam.cz,ChIJB36NSdnvCkcRdJ8XvDC-7b0
Czech Republic,TOPPLOTBETON,"Domažlická 1135/190, 318 00 Plzeň 3, Czechia",Plzeň,,https://www.topplotbeton.cz/,info@topplotbeton.cz,ChIJyYir607_1kkR2DGhfhch9Bw
Czech Republic,"MDploty - montáž plotů, pletiv, bran i branek","Na Roudné 443/18, 301 00 Plzeň 1, Czechia",Plzeň,,https://www.mdploty.cz/,Mail@Gardenhub.com,ChIJX17XbcKRCkcRK6CC8yzDR-c
Czech Republic,levnepletivo.cz - Ploty Ivo & Roman,"Tovární, 345 61 Holýšov, Czechia",Plzeň,,http://www.levnepletivo.cz/,0xe9523a63c3fbd6e2798a978f1f7905727ce874fee9ac0fceae41d94b85d9597dabffe-i.vo@seznam.cz,ChIJATzDXJO-CkcRrmv6wTPRKGE
Czech Republic,Stavby Plotů S.r.o.,"Klatovská tř. 1460/83, 301 00 Plzeň 3-Jižní Předměstí, Czechia",Plzeň,,https://rejstrik-firem.kurzy.cz/06879209/stavby-plotu-sro/,info@kurzy.cz,ChIJjetf5ivyCkcRGvpoMXlOjII
Czech Republic,Brány Plzeň,"Borská 61, 301 00 Plzeň 3, Czechia",Plzeň,,https://www.branyplzen.cz/kontakty/,,ChIJJdIuYgfuCkcRKPUc-jzr8MY
Czech Republic,Ploty Liberec,"Doubská 356, 460 06 Liberec, Czechia",Liberec,,http://www.plotyliberec.cz/,info@plotyliberec.cz,ChIJ-UYwMFg1CUcRchSpBfllMS8
Czech Republic,Ploty Jablonec,"Lučany nad Nisou 582, 468 71 Lučany nad Nisou, Czechia",Liberec,,http://www.plotyjablonec.cz/,info@plotyjablonec.cz,ChIJg6pr8Q7LDkcRHVX6mN9ab24
Czech Republic,"JOHNNY SERVIS s.r.o. - mobilní toalety, kontejnery a oplocení","Lučanská 46015, 15 Liberec 15, Czechia",Liberec,,http://www.johnnyservis.cz/,,ChIJEy2_ikE1CUcRyncyz1hKgDY
Czech Republic,Ploty - ST,"Krkonošská 875, 468 61 Desná v Jizerských horách-Desná III, Czechia",Liberec,,https://www.firmy.cz/detail/13610501-ploty-st-desna-iii.html,,ChIJS0NEV0DPDkcRSIjue67SRBI
Czech Republic,Ploty ST,"Nád CZ, Krkonošská 875, 468 61 Nád, Czechia",Liberec,,https://www.firmy.cz/detail/13610501-ploty-st-desna-iii.html,kovosst@seznam.cz,ChIJcQn_1D_PDkcRC_1SXM5WtAc
Czech Republic,Ploty Skočík,"471 23 Zákupy, Czechia",Liberec,,http://www.plotyskocik.cz/,r.skocik@email.cz,ChIJAQAAAARqCUcRbDekwzK1N60
Czech Republic,Fabrika na ploty s.r.o.,"Hněvotín 90, 783 47 Hněvotín, Czechia",Olomouc,,https://fabrikanaploty.cz/,,ChIJa_856VpPEkcRuo3PMbu_RlU
Czech Republic,Ploty a oplocení Olomouc,"Není, 783 46 Těšetice, Czechia",Olomouc,,http://www.plotyaoploceníolomouc.cz/,,ChIJNT6u-RBFEkcRPXN2Bqe6V1s
Czech Republic,Ploty Olomouc,"Rataje 89, 783 46 Těšetice, Czechia",Olomouc,,http://www.plotyolomouc.cz/,info@plotyolomouc.cz,ChIJ4ypSdnlFEkcRugRgHirD6Ic
Czech Republic,Plotové centrum Olomouc,"Na Sezníku 309/4, 779 00 Olomouc 9-Černovír, Czechia",Olomouc,,,,ChIJM64sNMFOEkcR-uSxS3j9O2Q
Czech Republic,Screen servis spol. s r.o. - plotové centrum,"Luběnice 156, 783 46 Luběnice, Czechia",Olomouc,,http://www.ploty-sita.cz/,jzachara@screenservis.cz,ChIJ_zygyk5FEkcRu1R46GRu7Go
Czech Republic,"JOHNNY SERVIS s.r.o. - mobilní toalety, kontejnery a oplocení","Štúrova 11, 772 00 Olomouc 9-Nedvězí, Czechia",Olomouc,,http://www.johnnyservis.cz/,,ChIJF7xfkxtPEkcRxUn3MD1qqxE
Czech Republic,Pletivo Grygov s.r.o.,"Za Tratí 255, 783 73 Grygov, Czechia",Olomouc,,https://www.pletivogrygov.cz/kontakt/,,ChIJU_m71H1SEkcR8oAS9esmShk
Czech Republic,Ploty KOMPLET,"Věry Pánkové, 779 00 Olomouc 9, Czechia",Olomouc,,https://www.plotykomplet.cz/,271e9fa3230b4eec94b02bf95780f5f2@sentry.wixpress.com,ChIJ-2N6YJ4i3ycRY9kjn_tPOu4
Czech Republic,Pronájem mobilních generátorů a elektrocentrál Olomouc,"Přerovská 494, 779 00 Olomouc 9-Holice, Czechia",Olomouc,,https://www.pronajem-generatoru-elektrocentral.cz/,info@manek.cz,ChIJP-WQQ81NEkcRt24ZrVSfkKA
Czech Republic,"GUARDI CZ - PLOTY, BRÁNY, TERASY","Jožky Jabůrkové 560/1, 779 00 Olomouc 9-Neředín, Czechia",Olomouc,,http://www.guardi.cz/,info@guardi.cz,ChIJMTaOeapPEkcRozyxHwXw2P8
Czech Republic,Ploty Grygov s.r.o.,"Za Tratí 255, 783 73 Grygov, Czechia",Olomouc,,https://ploty-grygov.cz/,plotygrygov@gmail.com,ChIJ10XTpBVTEkcRVYI1Vcqh-d8
Czech Republic,Ploty Hradec Králové s.r.o.,"Cukrovarská 341, 503 03 Hradec Králové-Smiřice, Czechia",Hradec Králové,,https://ploty-hradeckralove.cz/,info@ploty-hradeckralove.cz,ChIJ3xaSvZHVDUcROtvpXpOEbOY
Czech Republic,AMSTOR s.r.o.,"Vážní 1184, 500 03 Hradec Králové 3-Slezské Předměstí, Czechia",Hradec Králové,,http://www.amstor.cz/,info@amstor.cz,ChIJq77duurUDUcRjwt3p6RU1HU
Czech Republic,YXA s.r.o. Hliníkové ploty a brány,"Vážní 488 503 41, Pouchov 3, 3 Hradec Králové, Czechia",Hradec Králové,,http://www.yxa.cz/,info@yxa.cz,ChIJV_1aHKHYAYwR8SizYeP_1zc
Czech Republic,Oplocení Huňáček,"náměstí E. F. Buriana, 500 04 Hradec Králové 4, Czechia",Hradec Králové,,https://oplocenihunacek.cz/kontakt/,michal.hunacek@seznam.cz,ChIJtYCbJxorDEcRJzW6gr6qN8Y
Czech Republic,"JOHNNY SERVIS s.r.o. - mobilní toalety, kontejnery a oplocení","Trčkova, 503 46 Třebechovice pod Orebem, Czechia",Hradec Králové,,http://www.johnnyservis.cz/,,ChIJ79bTS6TXDUcRTgtgp0qRhjg
Czech Republic,Betonové ploty LKB,"Pardubická 345, 533 45 Opatovice nad Labem, Czechia",Hradec Králové,,http://www.lkb-ploty.cz/,lkbploty@gmail.com,ChIJW2yeMcotDEcRd4zC1MyOllk
Czech Republic,Centrumplotu - stavba oplocení,"13, Pod Zámečkem 1762, 500 06 Hradec Králové 6, Czechia",Hradec Králové,,,,ChIJ46_gO73UDUcRVM1_a5g4wds
Czech Republic,"LAMARK s.r.o. | Český výrobce bran, plotů a pergol","Pražská tř. 850, 500 04 Hradec Králové 4, Czechia",Hradec Králové,,https://lamark.cz/,info@lamark.de,ChIJVQWQYG0rDEcRhmeb-beMHqc
Czech Republic,Ploty Pardubice s.r.o.,"Ploty Pardubice s.r.o, Průmyslová 344, 533 01 Pardubice IV, Czechia",Hradec Králové,,http://www.ploty-pardubice.cz/,info@ploty-pardubice.cz,ChIJbwNPphTMDUcRQtsgdMZRzsQ
Czech Republic,Ploty z jihu,"Nová 6, 370 01 České Budějovice 1, Czechia",České Budějovice,,http://plotyzjihu.cz/,plotyzjihu@email.cz,ChIJkU46iD1Pc0cRaapi2Fr78yY
Czech Republic,PLOTY-DLAŽBY,"Otakarova 1364/45, 370 01 České Budějovice 3, Czechia",České Budějovice,,https://www.ploty-dlazby.cz/,info@ploty-dlazby.cz,ChIJMYa_RrpPc0cRiyDPn0iCkGo
Czech Republic,Royas KS Fence center,"Dobrovodská 2284, 370 06 České Budějovice 6, Czechia",České Budějovice,,http://www.royas.cz/,vyroba@royas.cz,ChIJoe5D4KlPc0cRLg0xP2g3uRM
Czech Republic,levné-brány-ploty,"Františka Ondříčka, 370 11 České Budějovice 5, Czechia",České Budějovice,,http://www.levne-brany-ploty.cz/kontakt/,bjmetal@seznam.cz,ChIJd7DNK9JRc0cRt_VkmJzcl7c
Czech Republic,"JOHNNY SERVIS s.r.o. - mobilní toalety, WC a oplocení","Planá 92, 370 01 Planá, Czechia",České Budějovice,,https://www.johnnyservis.cz/,,ChIJxxGtKsVFc0cRg4uMrcVBvAs
Czech Republic,Ploty na klíč - montáže oplocení,"Pod Tratí 562, 384 51 Volary, Czechia",České Budějovice,,https://www.facebook.com/plotynaklic/,,ChIJqzXYISy9dEcRC0obsN63GNo
Czech Republic,"EZ Týn nad Vltavou, s.r.o. plotyzdratu.cz","Hněvkovice na levém břehu Vltavy 18, 375 01 Týn nad Vltavou 1, Czechia",České Budějovice,,http://www.plotyzdratu.cz/,zuntmartin@email.cz,ChIJV4fJnQ6pDEcRUVb-H0MU5gM
Czech Republic,Drátěné ploty,"Dašická 848, 530 03 Pardubice I-Bílé Předměstí, Czechia",Pardubice,,http://www.dratene-ploty.cz/,info@dratene-ploty.cz,ChIJK5s-9PPMDUcRdk7sAG_Ua3U
Czech Republic,Ploty na klíč - INFAK,"Průmyslová 718, 533 01 Pardubice IV-Studánka, Czechia",Pardubice,,http://www.infak.com/,,ChIJKYhZyLnNDUcRbBUR2pSEOdQ
Czech Republic,NovyPlot,"K Parku 461, 533 52 Staré Hradiště u Pardubic, Czechia",Pardubice,,https://www.novyplot.cz/,info@novyplot.cz,ChIJE4P8wk_NDUcRUEMlMLEn7XA
Czech Republic,Pletivo Elbeenetting s.r.o.,"Dašická 848, 530 03 Pardubice I-Bílé Předměstí, Czechia",Pardubice,,http://www.drateneploty.cz/,info@dratene-ploty.cz,ChIJrYqSr4rMDUcR7AS0dXu4g2s
Czech Republic,INFAK - Ploty na klíč,"Chrudimská 1656, 535 01 Přelouč, Czechia",Pardubice,,http://www.infak.com/,info@infak.com,ChIJ7Q7HUc82DEcRbp16n3ZtKOw
Czech Republic,Drátěné Ploty,"Holubova 638, 530 03 Pardubice I-Bílé Předměstí, Czechia",Pardubice,,https://www.dratene-ploty.cz/ploty-na-klic.htm,info@dratene-ploty.cz,ChIJ05o-9PPMDUcRlSQqa88IPhs
Czech Republic,Ploty Slezák,"12 Zlín 12 CZ, Nová cesta 474, 763 14 Zlín, Czechia",Zlín,,https://www.plotyzlin.cz/,info@plotyzlin.cz,ChIJj7vT_My05mQRN6xYsDMNQv0
Czech Republic,Plotové Centrum Zlín - Kovovýroba Dobeš,"Hvozdenská 240, Lužkovice, 763 11 Zlín-Želechovice nad Dřevnicí, Czechia",Zlín,,https://www.dobes.eu/,dobes@dobes.eu,ChIJxcNswXl0E0cRTNo26FBSnRI
Czech Republic,Ploty a oplocení Zlín - Plotař,"Lípa 93, 763 11 Lípa, Czechia",Zlín,,http://www.plotar.cz/,info@plotar.cz,ChIJ6TpYwP9zE0cR3WiTWat--6w
Czech Republic,Stavba oplocení - Plotové centrum PD,"Hvozdenská 240, Lužkovice, 763 11 Zlín-Želechovice nad Dřevnicí, Czechia",Zlín,,https://plotove-centrum-pd.cz/,,ChIJ8wFgtQd1E0cRzMQVxZSpMz8
Czech Republic,Oplocení Tlumačov s.r.o.,"Jiráskova 910, 763 62 Tlumačov, Czechia",Zlín,,http://oploceni.eu/,moravec.matej94@gmail.com,ChIJ9_hbz9QOE0cRzb82TP9in5M
Czech Republic,"Bezúdržbové hliníkové ploty, brány, branky, zábradlí, pergoly, sítě proti hmyzu","Hradební 1547, 686 01 Uherské Hradiště 1, Czechia",Zlín,,http://www.bezudrzbovyplot.cz/,info@bezudrzbovyplot.cz,ChIJH9zEt64VE0cRaJurGlIEmQA
Czech Republic,Brány Kladno Zdeněk Čermák,"Sokolská 1304, 272 01 Kladno 1-Kročehlavy, Czechia",Kladno,,https://www.brany-kladno.cz/,,ChIJAynEJ-S3C0cRo1rXOY5J3iM
Czech Republic,Kladenské ploty,"Důl Max, 273 06 Libušín, Czechia",Kladno,,http://www.kladenskeploty.cz/,kladenskeploty@seznam.cz,ChIJa2N5fRK3C0cRDFuokLf4rz8
Czech Republic,Wrought iron fences. KlaTan,"Hlavní 21, 273 42 Stehelčeves, Czechia",Kladno,,http://www.kovane-ploty.net/,info@klatan.cz,ChIJCUEwCrrHC0cRbvKpq1Me0ZE
Czech Republic,Ploty Unger S.r.o.,"Karlovarská 13, 252 61 Jeneč, Czechia",Kladno,,https://www.plotyunger.cz/,fakturace@plotyunger.cz,ChIJW3RvWiS4C0cRoeH7ezLyNkg
Czech Republic,Ploty Štefan Čermák,"Krauzovna 178, 277 41 Kly, Czechia",Kladno,,http://www.ploty-cermak.cz/,stefancermak@seznam.cz,ChIJz6QrwarnC0cR_h88l45bUEI
Czech Republic,Gates drives Zýka,"Brožíkova 195, 272 01 Kladno 1-Kročehlavy, Czechia",Kladno,,http://www.vrata-pohony.eu/,info@vrata-pohony.eu,ChIJnVrf9eS3C0cRIgtiJAAIB0A
Czech Republic,Proutěné ploty,"5. května 14, 252 29 Dobřichovice, Czechia",Kladno,,http://www.prouteneploty.cz/,objednavky@prouteneploty.cz,ChIJ8UQgq2SYC0cRg4ENGHyQewM
Czech Republic,PROWERK poctivé řemeslo | prémiové kovové ploty a vjezdové brány | zakázková výroba na míru,"Jungmannova 9, 267 01 Králův Dvůr u Berouna-Zahořany, Czechia",Kladno,,https://www.prowerk.cz/,INFO@PROWERK.CZ,ChIJcUbdvYKvC0cRZUdtdg6zuL0
Czech Republic,Betonový plot VM Beton,"Chebská 53, 356 01 Sokolov-Dolní Rychnov, Czechia",Karlovy Vary,,http://www.vmbeton.cz/,info@vmbeton.cz,ChIJJfIYNL6ToEcREgACTKqhkKE
Czech Republic,"JOHNNY SERVIS s.r.o. - mobilní toalety, kontejnery a oplocení","Dolní 98, 362 63 Dalovice-Všeborovice, Czechia",Karlovy Vary,,https://www.johnnyservis.cz/,,ChIJoWB9DTGZoEcRzYuwNSGQYuc
Czech Republic,Sega ploty Jihlava,"Příseka 94, 588 32 Brtnice, Czechia",Jihlava,,http://aluredo.cz/,najman@aluredo.cz,ChIJSUameFcaDUcRHK1eKUHgb9A
Czech Republic,ADH-PLOTY s.r.o.,"Dolní Město 361, 582 33 Dolní Město, Czechia",Jihlava,,https://www.adh-ploty.cz/,jan@novak.cz,ChIJEW6hBVkEDUcR2ncd8T3iGyc
Czech Republic,PLOTY VAMBERK - WIRE METAL s.r.o. - provozovna a expedice Telč,"Třebíčská, 588 56 Telč-Štěpnice, Czechia",Jihlava,,https://e-pletivo.cz/,wiremetal@wiremetal.cz,ChIJqY2zbl0lDUcRfKBFHkPNaCc
Czech Republic,Ploty Kolín,"Na Pobřeží 117/280 02, 280 02 Kolín IV, Czechia",Jihlava,,https://www.ploty-kolin.cz/,plotykolin@gmail.com,ChIJ9TDfSJMVDEcRlFEtURK5Zjw
Czech Republic,PLETIVO TRINEC,"Oldřichovice 50, 739 61 Třinec 1, Czechia",Jihlava,,http://www.pletivo-trinec.cz/,pletivotrinec@seznam.cz,ChIJv8doOpMPFEcREzF_IsCx8CU
Czech Republic,"JOHNNY SERVIS s.r.o. - mobilní toalety, kontejnery a oplocení","Nová kasárna, Pístov, 586 01 Jihlava, Czechia",Jihlava,,https://www.johnnyservis.cz/,,ChIJDftnzgQbDUcR1qZerm6lzuM
Czech Republic,STAVEX BV - Betonové ploty,"Na Číně, 691 89 Bulhary, Czechia",Jihlava,,https://www.stavexbv.cz/,,ChIJy2xVQ0PTEkcRXaTc3Hro9SI
Czech Republic,KONSTANTA – hliníkové ploty s.r.o.,"Maleč 36, 582 76 Maleč, Czechia",Jihlava,,https://konstantahp.cz/,sleekfence@seznam.cz,ChIJ92x1l2OtDUcRgYfxiYCdZZY
Czech Republic,Betonové ploty Fimalstav s.r.o.,"Nad Rezkovcem 2044, 286 01 Čáslav-Nové Město, Czechia",Jihlava,,https://fimalstav.cz/,info@fimalstav.cz,ChIJG87M_mhGDEcRHVMjXY3GLaE
Czech Republic,typloty,"Školní, 396 01 Humpolec, Czechia",Jihlava,,http://www.typloty.cz/,lubomir.simon@typloty.cz,ChIJAdWUtxX9DEcR5eW1zHpwR1I
Czech Republic,PLOTY i PLETIVA Kutná Hora,"Puškinská 757, 284 01 Kutná Hora 1, Czechia",Jihlava,,https://plotyipletiva.cz/,poptavky@plotyipletiva.cz,ChIJK6KGJodBDEcREmJNGx2ZSqA
Czech Republic,Plotové centrum - Ing. Oldřich Jireček,"Sebuzín 202, 403 02 Ústí nad Labem-Střekov, Czechia",Teplice,,http://www.ploty-levne.eu/,,ChIJX6TRaK2ECUcR-ZhX-az_yYw
Czech Republic,Gabiony Teplice,"Mstišovská 315, 417 01 Dubí u Teplic 1, Czechia",Teplice,,,,ChIJQzeJO8GNCUcRiX1KBfDNltM
Czech Republic,Ploty-terasy.cz,"Rovné 117, 411 87 Krabčice u Roudnice nad Labem, Czechia",Teplice,,http://www.ploty-terasy.cz/,obchod.ploty.terasy@gmail.com,ChIJgW8lqGTZC0cR5nBSzbe2-bY
Czech Republic,PLOTY VAMBERK - WIRE METAL s.r.o. - provozovna Tymákov,"Průmyslová zóna 249, 332 01 Tymákov, Czechia",Teplice,,https://www.e-pletivo.cz/,,ChIJRY19KtzlCkcR7Ts7HaCAEbc
Czech Republic,Eoplocení,"Hornická 337, 435 42 Litvínov 8-Janov, Czechia",Teplice,,http://www.eoploceni.cz/,info@eoploceni.cz,ChIJcT_l6xv1CUcR9a1wQaRcZOw
Czech Republic,"Stavba plotů, oplocení Český Brod","Přistoupim 170, 282 01 Přistoupim, Czechia",Teplice,,http://www.ploty-oploceni-ceskybrod.cz/,ttakus@onlinestar.cz,ChIJ1ZWlGTALDEcR6I_lDkuVoLM
Czech Republic,Bezděk stavby - betonové ploty,"Práče 202, 671 61 Práče, Czechia",Teplice,,https://www.bezdekstavby.cz/,bezdek@bezdekstavby.cz,ChIJW7DHsditEkcRtqzYUMhP1eE
Czech Republic,AST ploty - výrobní závod,"Dukelská 5637, 430 01 Chomutov 1, Czechia",Chomutov,,https://hlinikoveplotycz.cz/,info@astploty.cz,ChIJy6itpV8bCkcRALs8AJTdZ9A
Czech Republic,AST PLOTY s.r.o.,"Horova 1396, 431 11 Jirkov 1, Czechia",Chomutov,,http://www.milujemebydleni.cz/,info@astploty.cz,ChIJY4YVMWQcCkcREwjH-TSsQo4
Czech Republic,Petr Šanda - Plotové systémy,"Děčínská 204, 470 01 Česká Lípa 1, Czechia",Děčín,,https://www.ploty-sanda.cz/,pe.sanda@tiscali.cz,ChIJuwLNq7JuCUcRd1RUyWExU6Y
Czech Republic,Ploty Sever,"Rožany 23, 407 47 Šluknov-Varnsdorf 1, Czechia",Děčín,,https://www.plotysever.cz/,plotysever@gmail.com,ChIJD62geEEHCUcRD-jROOzEVZs
Czech Republic,Ploty a oplocení,"204, Děčínská, 470 01 Česká Lípa, Czechia",Děčín,,http://www.ploty-sanda.cz/kontakt.html,pe.sanda@tiscali.cz,ChIJbVNr9aBuCUcRT1L4NbkCx1M
Czech Republic,Pletivo Třinec - Prodejna - Pletivo-Ploty3nec,"Oldřichovice 738, 739 61 Třinec 1, Czechia",Děčín,,http://www.pletivo3nec.eu/,info@pletivo3nec.eu,ChIJU00FIZMPFEcRyju7LmrG6oA
Czech Republic,"Petr Šupík - Ploty, brány posuvné s el. pohonem, dvoukřídlé, jeklové i kované, mříže, schodiště, atd.","8, Zahradní 615, 746 01 Opava, Czechia",Opava,,http://www.supik.cz/,info@petrsindler.cz,ChIJX5Q6j0DYE0cRV5EjCeaijNM
Czech Republic,"PLOTY OPAVA: prodej pletiv, panelů a betonovych plotů","Horní 5, 747 05 Opava 5, Czechia",Opava,,http://www.markiel.cz/,jan@markiel.cz,ChIJyZAfB3zZE0cRXMMtAHo2TOs
Czech Republic,"AW PLOTY - PLOTY, BRÁNY, VRATA","Smetanova 332/9, 747 05 Opava 5, Czechia",Opava,,https://awploty.cz/,info@awploty.cz,ChIJySJN84PYE0cRmaQkYEsD31M
Czech Republic,MMS Promont - Betonové ploty,"Družstevní 844, 738 01 Frýdek-Místek 1, Czechia",Frýdek-Místek,,,,ChIJUXaP1jj3E0cR58rm76p2yZ0
Czech Republic,PLOTY VAMBERK - WIRE METAL s.r.o. - provozovna Vsetín,"Bobrky 2164 průmyslová zona, 755 01 Vsetín, Czechia",Frýdek-Místek,,http://www.e-pletivo.cz/,wiremetal@wiremetal.cz,ChIJszIWnF2bE0cRQ-i-d3DCpyU
Czech Republic,Megatechnik s.r.o,"Tiskařská 49, 434 01 Most 1, Czechia",Most,,https://www.megatechnik.cz/,,ChIJc3Th47ghCkcRGR8nRobAuC0
Czech Republic,EMV Oplocení s.r.o.,"Hroznová Lhota 128, 696 63 Hroznová Lhota, Czechia",Prostějov,,https://emv-oploceni.cz/,info@emv-oploceni.cz,ChIJeapkku44E0cRicEoP9x8HIE
Czech Republic,Plotové centrum,"Průmyslová 719/4, 682 01 Vyškov 1, Czechia",Prostějov,,https://www.e-shop-ploty.cz/,,ChIJV3Gwj_X6EkcR5Cas2zE1MVw
Czech Republic,PLOTOV s.r.o.,"Tovární 95/9, 750 02 Přerov I-Město, Czechia",Přerov,,https://www.plotov.cz/,okplotov@seznam.cz,ChIJBUgzRdmvE0cRX-pMp70TaCM
Czech Republic,"Výstavba plotů, oplocení na klíč Ústí nad Labem","Větrná, 466 01 Jablonec nad Nisou 1, Czechia",Jablonec nad Nisou,,,,ChIJqaRtmtPKDkcRC8qDscvu4CE
Czech Republic,Ploty Turnov,"J. Palacha 995, 511 01 Turnov 1, Czechia",Jablonec nad Nisou,,http://www.plotyturnov.cz/,info@plotyturnov.cz,ChIJpxAXlAWzDkcR4ojQFS0G4TM
Czech Republic,BETONOVÉ ploty JMK s.r.o.,"Sklepní 243, 671 67 Hrušovany nad Jevišovkou, Czechia",Třebíč,,https://betonoveploty-jmk.cz/,info@betonoveploty-jmk.cz,ChIJc8maIb5LbUcRde7IybNF8B8
Czech Republic,Betonové ploty Grigor,"675 56 Dukovany, Czechia",Třebíč,,,,ChIJ978E-3unEkcRx2gXdxCZ6yI
Czech Republic,Dasplot - Daniel Sako,"Trstěnice 168, 671 71 Trstěnice, Czechia",Třebíč,,https://www.dasplot.cz/,dasplot@seznam.cz,ChIJhfGqcS2pEkcRKaACmYnWVus
Czech Republic,Čechová Pavla - Stavoplot,"674 01 Třebíč 1, Czechia",Třebíč,,,,ChIJgzBTFzFCDUcR4-64NgcuLAo
Czech Republic,Gaves-plot – prodej pletiv a příslušenství ke stavbě oplocení,"Lahoferova 577, 671 82 Dobšice, Czechia",Třebíč,,https://www.plotygaves.cz/,marianga@seznam.cz,ChIJY3OKp4pUbUcRuYOE-OIfQuA
Czech Republic,Pletivo - Pokorný R. - Zámečnictví,"Krahulov 92, 675 21 Krahulov, Czechia",Třebíč,,https://www.ploty-pokorny.cz/?_gl=1*ilznnr*_up*MQ..*_ga*NDc1MzA5ODQzLjE3MTY1MzE2NzU.*_ga_VZYTG4RMZS*MTcxNjUzMTY3NC4xLjEuMTcxNjUzMjEyNi4wLjAuMA..,pokorny@ploty-pokorny.cz,ChIJG8tOsKtBDUcR30Uz3Wl3wAc
Czech Republic,Ploty-SAKA Roman Fujtík,"Mládí 1097/4, 736 01 Havířov 1-Šumbark, Czechia",Havířov,,http://www.ploty-saka.cz/,info@ploty-saka.cz,ChIJN_yEGgL8E0cRnYNqNiviZgk
Czech Republic,Ms ploty,"Na Kopci 364/3f, 735 64 Havířov 4, Czechia",Havířov,,http://www.msploty.cz/,,ChIJE4NH0qL_E0cRkOodw0XE2Do
Czech Republic,plotymoravia,"U Křížů 461/27b, 736 01 Havířov 1, Czechia",Havířov,,,,ChIJ_S6aS0H5E0cRw0m6VqHg4Cs
Czech Republic,"FRIMATSTAVO s.r.o Montáže plotů,betonové ploty","Borovy 88, 334 01 Borovy, Czechia",Karviná,,http://www.frimatstavo.cz/,topploty@seznam.cz,ChIJKfzkG6OLl6MRahQWZFEglJM
Czech Republic,České Ploty s.r.o.,"Židněves 67, 294 06 Židněves, Czechia",Mladá Boleslav,,,,ChIJhSl8NACrDkcRfQYoJImkRyk
Czech Republic,BBR CZ s.r.o. Nejpevnější betonový plot. Nejlevnější realizace. Vše skladem.,"Areál Lučební závody a.s, Pražská 54, 280 02 Kolín, Czechia",Mladá Boleslav,,http://www.beton-cz.cz/,info@beton-cz.cz,ChIJFTYxrLUVDEcR6KniMc4rJV8
Czech Republic,PZ Ploty,"Narysov 51, 261 01 Narysov, Czechia",Příbram,,http://www.pzploty.cz/,info@pzploty.cz,ChIJcYPhWDoPC0cRymRT1HYiQYs
Czech Republic,Pletivo Lundák,"Petrovice 29, 262 55 Petrovice, Czechia",Příbram,,http://www.pletivolundak.cz/,,ChIJydK6E8ZlC0cR1ry1iUaLBxI
Czech Republic,Želivský - prodej a montáž oplocení,"Rohozná 12, 386 01 Osek-Strakonice 1, Czechia",Příbram,,http://www.ploty-prodej-montaz.cz/,info@plotyzelivsky.cz,ChIJuW0WmAhKC0cRz4eXOuVBzF0
Czech Republic,PLOTY OD OTY s.r.o.,"Lom 64, 390 02 Lom, Czechia",Příbram,,http://www.plotyodoty.cz/,info@plotyodoty.cz,ChIJA0d6KRajDEcRf_S9xicjaNI
Czech Republic,Hopplot | Oplocení pozemků,"Hlavní 420, 252 07 Štěchovice, Czechia",Příbram,,https://hopplot.cz/,info@hopplot.cz,ChIJu6sKdldvJ2MRDGpoJBOvoXg
Czech Republic,Oplocení PVC,"Zámecký obvod, 262 72 Březnice, Czechia",Příbram,,http://www.oploceni-pvc.cz/kontakt,oploceni-pvc@seznam.cz,ChIJQ9nbEicUC0cRKPDVqVipQMA
Czech Republic,Filplot.cz - betonové ploty,"Pucheř 11, 286 01 Kluky-Čáslav, Czechia",Kolín,,https://filplot.cz/,info@filplot.cz,ChIJcyqjAjRFDEcRdHkLjRGrGsI
Czech Republic,MPC Ploty a brány,"285 33 Církvice u Kutné Hory, Czechia",Kolín,,http://www.montazmpc.cz/,montaz.mpc@email.cz,ChIJAQAAANNODEcRKw99WuFbJ1M
Czech Republic,Ploty (Josef Nouza),"Blatské sídl., 391 81 Veselí nad Lužnicí 1, Czechia",Tábor,,https://www.jnploty.cz/kontakt/,,ChIJlekFZc-2DEcRBMY-lLtfOAU
Czech Republic,Ploty-Stavba a montáže plotů,"Ústrašice 53, 390 02 Ústrašice, Czechia",Tábor,,,,ChIJl3d6PLS9DEcRk74CeLCtlI8
Czech Republic,HMPLOTY,"Malšice 333, 391 75 Malšice, Czechia",Tábor,,https://www.hmploty.cz/,info@hmploty.cz,ChIJVfEkH_yjDEcRk-2w6hg3DDM
Czech Republic,Ploty Vlašim s.r.o.,"Vlasákova 222, 258 01 Vlašim, Czechia",Tábor,,http://www.ploty-vlasim.cz/,eshop@ploty-vlasim.cz,ChIJ71kP9SyIDEcRbJLU9ZDtmuw
Czech Republic,ploty Boček,"Rovná 13, 386 01 Rovná, Czechia",Tábor,,https://www.ploty-bocek.cz/,xxx@yyy.cz,ChIJzYJyms9JC0cR7peuHSOEXPM
Czech Republic,Zahrady a ploty MK,"Příční 556, 671 82 Dobšice, Czechia",Znojmo,,http://zahrady-plotymk.cz/,info@zahrady-plotymk.cz,ChIJ8exG5hZVbUcR3pqXeFlzDms
Czech Republic,NOJA betonové ploty Jan Novák,"Šumná 94, 671 02 Šumná, Czechia",Znojmo,,https://www.noja-betonovevyrobky.cz/,noja80@seznam.cz,ChIJgYyfIACtckcRCoEp4CYDO5k
Czech Republic,Petr Harašta - Production of concrete fences,"Areál bývalého statku, Nová Ves 53, 691 23 Pohořelice, Czechia",Znojmo,,https://www.betonovyplot.cz/,petrharasta@seznam.cz,ChIJnVh0evK3EkcRhKQa61l_F2s
Czech Republic,RS BETON Ltd. - concrete fences,"Šardice 777, 696 13 Šardice, Czechia",Hodonín,,http://www.rsbeton.cz/,,ChIJCXh49AwnE0cRCAIBNwqoJ5M
Czech Republic,PlotMont.sk,"Staničná 1522/20, 908 51 Holíč, Slovakia",Hodonín,,https://www.plotmont.sk/,info@plotmont.sk,ChIJW9NOq_ExE0cRkOCq1gP3HLg
Czech Republic,Střechy ploty Uherské Hradiště,"Babice 168, 687 03 Babice, Czechia",Uherské Hradiště,,https://www.strechy-plotyuh.cz/,strechy-plotyuh@email.cz,ChIJY83CW20TE0cREkhodX5xhSY
Czech Republic,CZ Ploty,"Uherský Ostroh 772, 687 24 Uherský Ostroh, Czechia",Uherské Hradiště,,http://www.czploty.cz/,,ChIJWRkobzQ_E0cRwKkakiNRio8
Czech Republic,PLOTBET s.r.o.,"Žerotínova 10, 763 61 Napajedla, Czechia",Uherské Hradiště,,https://plotbet.cz/,info@plotbet.cz,ChIJj66Bg9kTE0cRkxgT-Iyut-M
Czech Republic,Dastych stavíme ploty,"Machovská 410, 763 62 Tlumačov, Czechia",Kroměříž,,http://ploty.unas.cz/,JANDASTYCH@seznam.cz,ChIJSRpAXGIPE0cRzJ0ChDEXEWs
Czech Republic,kovoploty,"Ovocná 767 01, 767 01 Kroměříž 1, Czechia",Kroměříž,,http://www.kovoploty.cz/cz/Kontakty/,info@kovoploty.cz,ChIJ9yVn8kMGE0cRuZc3W64VQyY
Czech Republic,Montujeme ploty,"J. z Poděbrad 1, 787 01 Šumperk 1, Czechia",Šumperk,,https://montujemeploty.cz/,montujemeploty@email.cz,ChIJx3uOc7AbEkcRDIsuVzlEV9o
Czech Republic,Vrata brány,"Lidická 2875/66, 787 01 Šumperk 1, Czechia",Šumperk,,https://www.vrata-brany.eu/12798/vzorkova-prodejna/,,ChIJf_zcGEwaEkcRzATqX6Eh7go
Czech Republic,Radek FOLTA - brány / branky / plotové dílce / vrata / závory / stínění,"Hulince 871, 757 01 Valašské Meziříčí 1, Czechia",Valašské Meziříčí,,http://www.radek-folta.cz/,info@radek-folta.cz,ChIJjcEpOSSRE0cREFARB9q_GDQ
Czech Republic,Blankyt - Kärcher autorizovaný partner Valašské Meziříčí,"Křižná 184, 757 01 Valašské Meziříčí 1-Krásno nad Bečvou, Czechia",Valašské Meziříčí,,https://www.blankyt.cz/prodejna-blankyt,info@blankyt.cz,ChIJJQaw5sCRE0cR0Dcccnx1qZE
Czech Republic,Ploty Veřovice,"Veřovice 476, 742 73 Veřovice, Czechia",Valašské Meziříčí,,http://pcve.webnode.cz/,,ChIJNelCoXSNE0cRZ30jWoAy7fQ
Czech Republic,ipletivo,"Dolní Nezly 21, 412 01 Litoměřice 1, Czechia",Litoměřice,,http://ipletivo.cz/,,ChIJGZXJY6B_CUcRWG-GNH3Xzuc
Czech Republic,V E B R A gate - stínící a vratová technika,"Provozovna, SHOWROOM, Pokratická 1853/71, 412 01 Litoměřice 1, Czechia",Litoměřice,,https://www.vebra.cz/,eshop@vebra.cz,ChIJg4CbBx5_CUcRPXDrwrAkooA
Czech Republic,Victory Lawns s.r.o.,"Štursova 1375/20, 412 01 Litoměřice 1, Czechia",Litoměřice,,https://www.victorylawns.cz/,info@victorylawns.cz,ChIJTRoHa-6IDagRjJ65UUszEJU
Czech Republic,ploty24.cz,"Mokřiny 89, 352 01 Aš 1, Czechia",Cheb,,https://ploty24.cz/,vas@email.cz,ChIJOwPdODrjoEcR60mA-ipY2BA
Czech Republic,Visitor center Novy Jicin - town of hats,"Masarykovo nám. 45, 741 01 Nový Jičín 1, Czechia",Nový Jičín,,http://www.icnj.cz/,icentrum@novyjicin.cz,ChIJa8LGa6yUE0cR25MLp4dxzi4
Czech Republic,"Fence consulting, s. r. o.","Průmyslová 3602, 580 01 Havlíčkův Brod 1, Czechia",Havlíčkův Brod,,http://www.plotychytre.cz/,obchod@plotychytre.cz,ChIJG6JkFZQADUcRttJRbXrvaAM
Czech Republic,Ploty Kalas,"Soukopovo nám. 97, 679 11 Doubravice nad Svitavou, Czechia",Blansko,,https://www.plotykalas.cz/,info@plotykalas.cz,ChIJ9-OHmimJEkcRm0kN1LSVIsY
Czech Republic,Stavebniny Orlová,"Doktora Miroslava Tyrše 1175, 735 11 Orlová 1, Czechia",Orlová,,http://www.stavebninyorlova.cz/,,ChIJuUo04Nr9E0cRvehANWYZAjY
Czech Republic,PLOTY B&V s.r.o.,"J. Palacha 1195, 735 81 Bohumín 1, Czechia",Orlová,,http://www.plotybohumin.cz/,ploty@plotybohumin.cz,ChIJxbelpZNXEUcRWJpMsgvuqU4
Czech Republic,Czech Fence,"Hraniční 1399, 691 41 Břeclav 4, Czechia",Břeclav,,http://www.jpavelka.cz/,info@jpavelka.cz,ChIJcfm9hKIqbUcRft4brOwD5Ls
Czech Republic,"Wooden fences, pergolas, terraces - Jaroslav Nálevka","Nový Přím 28, 503 15 pošta Nechanice-Nechanice, Czechia",Náchod,,http://www.drevoploty.cz/,info@drevoploty.cz,ChIJMwVMcBIpDEcRsquB12PEpk0
Czech Republic,Castorama,"Graniczna 80, 43-400 Cieszyn, Poland",Český Těšín,,https://www.castorama.pl/sklepy/cieszyn.html?utm_source=maps&utm_medium=linkmap&utm_campaign=GoogleMaps&utm_id=gmap,iod@castorama.pl,ChIJadvxPVkBFEcR9pD7gUXBEgY
Czech Republic,Expert Ogrodzenia,"Bielska 205, 43-400 Cieszyn, Poland",Český Těšín,,https://www.ogrodzenia.cieszyn.pl/,expert20@op.pl,ChIJlaygUJkDFEcRLx4nVwE-zi0
Czech Republic,PLOTANA,"Kvapilova, 339 01 Chudenice-Klatovy 1, Czechia",Klatovy,,https://plotana.cz/,bezdek@plotana.cz,ChIJA8pfoFTGCkcRWnQqvqTPHfk
Czech Republic,"KOVUM s.r.o. - kované ploty a mříže, výroba a montáž","Kbelany 13, 330 23 Kbelany-Nýřany, Czechia",Klatovy,,https://www.ploty-mrize.cz/,,ChIJ786Dg_LxCkcRAyytzUL5c_E
Czech Republic,PLOT-TEAM s.r.o.,"1374, Průmyslová II, 383 01 Prachatice, Czechia",Klatovy,,http://www.plot-team.cz/,info@plot-team.cz,ChIJzTAKDwewdEcRARmgXK03K48
Czech Republic,Ploty-dlažby,"Sídl. 1. máje 1143, 386 01 Strakonice 1, Czechia",Strakonice,,http://ploty-dlazby.cz/,info@ploty-dlazby.cz,ChIJ-cP7cAc2C0cRAkJnE0qcFoI
Czech Republic,Ploty Jaroslav Švehla,"Pod Malsičkou 709, 387 01 Volyně, Czechia",Strakonice,,http://ploty-strakonice.cz/,ttakus@onlinestar.cz,ChIJgfhzJF21dEcRosJrc862SC4
Czech Republic,Betonové ploty exclusive,"nábř. Dr. Kafky, 387 01 Volyně, Czechia",Strakonice,,https://betonoveplotyexclusive.cz/,info@betonoveplotyexclusive.cz,ChIJa7w8h061dEcReqkL7POPDhI
Czech Republic,Betonové ploty BETONIUM,"Rohozec 126, 284 01 Rohozec, Czechia",Kutná Hora,,https://betonium.cz/,info@betonium.cz,ChIJxT1IF-FHDEcRLzNPEfkkYlY
Czech Republic,Betonárna Kopřivnice – TRANSBETON s.r.o.,"Panská – areál TATRY (u brány č. 6), 742 21 Kopřivnice, Czechia",Kopřivnice,,http://www.transbeton.cz/betonarna-koprivnice,,ChIJJS4EdpDyE0cRR2JCPaHSMz4
Czech Republic,"Plotové systémy, oplocení, ploty","Čs. Armády, 537 01 Chrudim 1, Czechia",Chrudim,,http://www.oploceni-ploty.cz/plotove-systemy/,eshop@derovaneplechy.cz,ChIJCT2XCRbKDUcR8RYVxWBKdg4
Czech Republic,Ploty Liška,"Lukavice 193, 538 21 Lukavice, Czechia",Chrudim,,https://www.ploty-liska.cz/,info@ploty-liska.cz,ChIJ2eSbHzi3DUcRpUEsAjE-2fA
Czech Republic,Žatecká Gate,"Žatecká, 432 01 Kadaň 1, Czechia",Kadaň,,http://www.mesto-kadan.cz/,web@kadan.cz,ChIJ4Yrs_1IOCkcRC2l-TFyo9w4
Czech Republic,Kanceláře Sokolov - pronájem nebytových prostor,"B. Němcové 2042, 356 01 Sokolov 1, Czechia",Sokolov,,https://kancelare-sokolov.cz/,pronajem@kancelare-sokolov.cz,ChIJXa7KY9aToEcRIQdvPNWx0xo
Czech Republic,MVMPLOTY,"683 33 Nesovice, Czechia",Uherský Brod,,http://www.mvmploty.cz/,info@mvmploty.cz,ChIJI3gZN47hEkcRBi5gIM6zcjM
Czech Republic,Mobile Storage s.r.o.,"U Korečnice 2653, 688 01 Uherský Brod 1, Czechia",Uherský Brod,,http://www.mstorage.cz/,info@mstorage.cz,ChIJU-wDgoNpE0cRxX895Q5Q0tk
Czech Republic,ploty Crhonek,"M. Majerové 2, 682 01 Vyškov 1, Czechia",Vyškov,,http://www.plotove-centrum-vyskov.cz/,example@email.com,ChIJCdJnrn37EkcR7aCXphn8QX8
Czech Republic,RS BETON s.r.o. - betonové ploty,"Pod Dálnicí 326, 267 01 Králův Dvůr u Berouna-Počaply, Czechia",Beroun,,https://www.rsbeton.cz/,obchod@rsbeton.cz,ChIJey4Iv2qvC0cRiUYIAMOxMVs
Czech Republic,"JOHNNY SERVIS - mobile toilets, toilet and fencing","Tetín 1, 266 01 Tetín, Czechia",Beroun,,https://www.johnnyservis.cz/,podpora@johnnyservis.cz,ChIJ0Zb2R_ykC0cRagtxCBx1uS0
Czech Republic,Gabiony obchod - výkopové práce - stavební firma,"nám. 1. máje 683, 253 01 Hostivice, Czechia",Beroun,,https://www.gabiony-ploty-zdi.cz/,info@gabionove-konstrukce.cz,ChIJ_YaWFd6_C0cRkUMZ52CyTZ4
Slovakia,Gabion fences,"Klincová 37, 821 08 Bratislava, Slovakia",Bratislava,,http://www.gabionoveploty.sk/,info@gabionoveploty.sk,ChIJVRbtkDKJbEcRYfFMnIXpILg
Slovakia,ExterierStav pokládka zámkovej dlažby a stavba plota,"Studené, 900 46 Most pri Bratislave, Slovakia",Bratislava,,http://www.exterierstav.sk/,ekonom@exterierstav.sk,ChIJ7S_-bMd2a0cR-9iVPPPVuuI
Slovakia,Betafence s.r.o,"Stará Vajnorská 37, 831 04 Bratislava, Slovakia",Bratislava,,https://www.betafence.com/en?utm_source=google&utm_medium=maps-SK,,ChIJzwdb0f-ObEcR5FSbfb2MrCI
Slovakia,"Mplot, s.r.o. Ploty Pletivá Brestovany","Lovčická 12, Horné Lovčice, 919 27 Brestovany, Slovakia",Bratislava,,https://www.ploty.sk/,info@ploty.sk,ChIJETfyTnNfa0cRAZW3E8w07b4
Slovakia,REMU betónové ploty,"Poros 781/27, Poros, 925 28 Pusté Úľany, Slovakia",Bratislava,,https://remu.sk/,info@remu.sk,ChIJrSGAL7Fja0cRXCfL589kE3M
Slovakia,Plotysk.sk,"Suchá nad Parnou 38, 919 01 Suchá nad Parnou, Slovakia",Bratislava,,https://www.plotysk.sk/,info@plotysk.sk,ChIJr1jTt9Psn6QRGHREMel5SEI
Slovakia,A-Z Plotové centrum s.r.o.,"Hôrky 208 okres Žilina okres Žilina, 010 04, Slovakia",Bratislava,,http://www.plotyslovensko.sk/,obchod@plotyslovensko.sk,ChIJJagzU-VeFEcRF1wo23U0Ork
Slovakia,Concrete fences BEVES,"Ľudmily Podjavorinskej 1614/1, 915 01 Nové Mesto nad Váhom, Slovakia",Bratislava,,http://beves.sk/,info@beves.sk,ChIJy90EmMJXE0cRJDUiZS-Vnw0
Slovakia,Ploty,"Farského, 851 01 Petržalka, Slovakia",Bratislava,,https://www.plotybratislava.sk/content/6-kontakt,,ChIJkY1i0wyJbEcRW1s1XQLymS8
Slovakia,"JF FENCE, s.r.o.","Nezábudková, 900 43 Hamuliakovo, Slovakia",Bratislava,,https://jffence.sk/,jffence@jffence.sk,ChIJAbHcL4aMbEcRkcAvHLD6Ez8
Slovakia,Mobilné oplotenie,"Vápenná, 821 04 Bratislava, Slovakia",Bratislava,,http://www.jffence.sk/neplatici,jffence@jffence.sk,ChIJOa_DytiObEcRvFuNWhZL8Zk
Slovakia,fences Skala,"Dlhá 3122/43A, Senica, 905 01 Senica, Slovakia",Bratislava,,http://www.ploty-skala.sk/,predaj@ploty-skala.sk,ChIJRVGObSe1bEcRWnejUtczf3g
Slovakia,Mobilné oplotenie,"Nezábudková 735, 900 43 Hamuliakovo, Slovakia",Bratislava,,https://jffence.sk/kontakt/,jffence@jffence.sk,ChIJVStkzSuJbEcRoF0TfUJOA5Q
Slovakia,Fence Center,"Poľská 5, 040 01 Juh, Slovakia",Bratislava,,http://www.plotovecentrum.sk/,info@plotovecentrum.sk,ChIJf-YewOLfPkcRBKZLMxYn5ok
Slovakia,Potrebujem plot,"Mäsiarska, 437/18 Košice, Slovakia",Košice,,http://www.potrebujemplot.sk/,info@potrebujemplot.sk,ChIJIeCCvGXgPkcRdE_wD7DX4Vs
Slovakia,všetko O PLOTOCH,"Rastislavova 2362/88, 040 01 Košice, Slovakia",Košice,,http://www.oplotoch.sk/,info@oplotoch.sk,ChIJ9Q3EwfzfPkcR-YIiMA3dy0I
Slovakia,Tvoj plot s.r.o.,"Vodárenská 636/3, 040 01 Košice I, Slovakia",Košice,,https://tvojplot.com/,info@tvojplot.com,ChIJ46OxMcLhPkcR0uHuSebPIaU
Slovakia,Brany-Oplotenia,"Herlianska, 040 01 Košice, Slovakia",Košice,,http://brany-oplotenia.sk/,info@brany-oplotenia.sk,ChIJLerGB_vfPkcRaoaPwOr4b7s
Slovakia,Bombaplot,"Slovenská 2743/93, 040 01 Košice, Slovakia",Košice,,http://www.bombaplot.sk/,info@bombaplot.sk,ChIJ7_iPHmDgPkcR0pPwuGJHEqg
Slovakia,"Ploty, plotovky, plotové dosky","Šebastovská 150, 040 17 Šebastovce, Slovakia",Košice,,http://www.plotovky99.sk/,capulic@mail.com,ChIJo5YLz2ghP0cRcBYkYcaJtV0
Slovakia,XCEL - Ploty - Slovensko,"Južná trieda 1597/78, 040 01 Košice, Slovakia",Košice,,https://xcel.pl/en/,pytania@xcel.pl,ChIJDyZUfkvfPkcR6901kgq68sI
Slovakia,Profil Invest - Betónové ploty,"Čemernianska 3/1, Čemerné, 093 03 Vranov nad Topľou, Slovakia",Košice,,https://www.profilinvest.sk/sluzby/betonove-ploty/,betonoveploty@profilinvest.sk,ChIJbXi88nrJPkcR7ZtCiVa0_LU
Slovakia,Plusservis brány ploty,"Južná trieda 1597/78, 040 01 Košice, Slovakia",Košice,,http://www.plusservis.sk/,plusserviss@gmail.com,ChIJib637QffPkcRv1MIdwyLl1k
Slovakia,hlinikove ploty kosice,"Školská 662/12, 040 11 Košice, Slovakia",Košice,,http://hlinikoveplotykosice.sk/kontakt.html,,ChIJP4j56wvgPkcRBeApZjeb5oU
Slovakia,"ABRA automatické brány, s.r.o.","Myslavská 2/A, 040 16 Košice - mestská časť Západ, Slovakia",Košice,,https://www.automatickebrany.eu/,,ChIJ_eG8RyTgPkcRziMI-wM19Vo
Slovakia,EKOfence - Prešov,"Vajanského 5710/73, 080 01 Prešov, Slovakia",Prešov,,https://www.ekofence.sk/,,ChIJXQrMyGPtPkcR8RiSNq8DQg4
Slovakia,DEKORAČNÉ PLOTY - predaj a montáž 3D plotov a pletív na kľúč,"Soľanková 11933/2, Solivar, 080 05 Prešov, Slovakia",Prešov,,http://www.dekoracneploty.sk/,info@dekoracneploty.sk,ChIJf4AJquztPkcRPEGg4xisOyY
Slovakia,Ploty Plus,"Jelšová 24A, Solivar, 080 05 Prešov, Slovakia",Prešov,,https://www.plotyplus.sk/,plotyplus@gmail.com,ChIJuauXfmPYFg4R6p1DA1uNaG4
Slovakia,"Danielsson s.r.o., OKNÁ | BRÁNY | PLOTY | DVERE | ROLETY | ŽALÚZIE","Duklianska 8, 080 01 Prešov, Slovakia",Prešov,,https://www.danielsson.sk/,danielsson@danielsson.sk,ChIJxZDIEmDtPkcRTI42xmGw47Y
Slovakia,Ploty Slovakia,"Hlavná 080 01, 080 01 Prešov, Slovakia",Prešov,,,,ChIJgZCQNGPtPkcRiwgODe1-Ho8
Slovakia,Moderné Brány,"Hlavná 9, 065 41 Ľubotín, Slovakia",Prešov,,http://www.modernebrany.sk/,,ChIJT6EKJPFvPkcRPmuYeMk2D-Y
Slovakia,EKOfence - Plotové centrum Humenné,"Tolstého 5/A, 066 01 Humenné, Slovakia",Prešov,,https://www.ekofence.sk/,,ChIJl6vmOKe1PkcRl8YQkqD4QTU
Slovakia,SR Police - Traffic Inspectorate Prešov,"Vajanského 6519, 080 01 Prešov, Slovakia",Prešov,,http://www.minv.sk/,,ChIJdapAJ3vtPkcRKdnN39mIkPw
Slovakia,EKOfence - Plotové centrum Žilina,"Kamenná 12, 010 01 Žilina, Slovakia",Žilina,,https://www.ekofence.sk/,,ChIJl_rGb8heFEcRq1N7ReQx1ms
Slovakia,"ALUMIX, s.r.o. - Hliníkové ploty, brány, zábradlia","Pusté 868, 013 22 Rosina, Slovakia",Žilina,,http://www.ploty-alumix.sk/,servis@alumix.sk,ChIJOzSshh1ZFEcRIN7Hxsl9lAQ
Slovakia,EKOfence - plotové centrum Považský Chlmec,"Bytčianska 120A, 010 03 Žilina-Považský Chlmec, Slovakia",Žilina,,https://www.ekofence.sk/,,ChIJv_vxJOpdFEcRSCob8mqX1EE
Slovakia,KDN - kované ploty a brány,"Rosinská cesta 47, 013 22 Rosina-Žilina, Slovakia",Žilina,,http://kdn-ploty.sk/en/index.html,,ChIJxxBY7T9ZFEcRBPpJ3Eg7qjM
Slovakia,MOBILNÉ OPLOTENIE,"Dolné Rudiny, 010 01 Žilina, Slovakia",Žilina,,,,ChIJMWbVDqNeFEcRJnYKMQ4nt9Y
Slovakia,"Event Service, s.r.o.","K cintorínu 93/41, Závodie, 010 04 Žilina, Slovakia",Žilina,,http://eventservice.sk/,,ChIJfyxBA1BfFEcR2Wc_JMKy058
Slovakia,KP - KOVANÉ PLOTY,"KP - KOVANÉ PLOTY Rastislav Vrobel, Medvedzie 143/23-5, 027 44 Tvrdošín, Slovakia",Žilina,,https://www.kovane-ploty.sk/,obchod@kovane-ploty.sk,ChIJT6GrHZu5FUcRQCZP1m5IUcI
Slovakia,Mirdif s.r.o. - Betónové ploty Nitra,"Krížna 675 10, Janíkovce, 949 07 Nitra, Slovakia",Nitra,,https://mirdif.sk/,dpetrik@hotmail.sk,ChIJZVnqT1o9a0cRlmmIKVGDBH0
Slovakia,EKOfence - Ivanka pri Nitre,"Novozámocká 755, 951 12 Ivanka pri Nitre, Slovakia",Nitra,,https://www.ekofence.sk/,,ChIJD-zIUgIWa0cRF-yTIxAPmdA
Slovakia,S&S betónové ploty s.r.o,"Ulica Kajsa II 17A, 951 41 Lužianky, Slovakia",Nitra,,,,ChIJH4szfyA_a0cRGhkV3s73kSs
Slovakia,EKOfence - Plotové centrum Nitra,"Chrenovská 16, Chrenová, 949 01 Nitra, Slovakia",Nitra,,https://www.ekofence.sk/,,ChIJ3d0Hv8M-a0cRWyOC137I8E8
Slovakia,"N&P Group, s.r.o. - NP Ploty","Hviezdoslavova 2168/35, 915 01 Nové Mesto nad Váhom, Slovakia",Nitra,,http://www.npgroup.sk/,objednavky@ploty-np.sk,ChIJ-2p7FtFXE0cRbMbQwO4mt3Y
Slovakia,PLOTY stacha - Ing. Vladimír Stacha,"Sládkovičova 634/131, 017 01 Považská Bystrica, Slovakia",Banská Bystrica,,https://www.plotystacha.sk/,vstacha@gmail.com,ChIJQ5eNi1CJFEcR-oMeOltfzNg
Slovakia,"Paška - Brány, Ploty, Zábradlia","Lesná 664, 974 01 Banská Bystrica, Slovakia",Banská Bystrica,,,,ChIJu5iWuQA-FUcRq0rB2QW4sZw
Slovakia,LUNA-PLOTY - Betonové ploty a doplnky pre Vašu záhradu,"Malženice 31, 919 29 Malženice, Slovakia",Trnava,,http://www.lunaploty.sk/,info@lunaploty.sk,ChIJGRO9fVxYa0cRBS-xbQmHKcs
Slovakia,LUNA-PLOTY s.r.o.,"Bučany 536, 919 28 Bučany, Slovakia",Trnava,,,,ChIJf7pVHl9Za0cRgVY4D9AbAIg
Slovakia,Polícia SR - Dopravný inšpektorát Trnava,"Starohájska 7129/3, 917 01 Trnava, Slovakia",Trnava,,https://www.minv.sk/?strankove-dni-na-or-pz-v-trnave,,ChIJYbWUuX1fa0cR051FUqV9c5o
Slovakia,"ALU-DESIGN, s. r. o. | Hliníkové ploty • brány & bráničky • zábradlia & balkóny • prístrešky & doplnky","Na Bystričku 44, Martin, 036 01 Martin, Slovakia",Martin,,https://alu-design.sk/,info@alu-design.sk,ChIJWUuxPGD_FEcRexiqCpRw9W8
Slovakia,Ploty TN,"Kasárenská 132/7, Zlatovce, 911 05 Trenčín, Slovakia",Trenčín,,http://ploty-tn.sk/,,ChIJnzWLMJWhFEcRDSnutWrT28A
Slovakia,EKOfence - Plotové centrum Trenčín,"Zlatovská 2181/32, Záblatie, 911 05 Trenčín, Slovakia",Trenčín,,https://www.ekofence.sk/,shop@ekofence.sk,ChIJh1rYMaKhFEcRJsUVxhi-9b0
Slovakia,Rollos s.r.o. - ŽALUZIE | ROLETY | MARKÍZY | PLOTY | GARÁŽOVÉ BRÁNY,"Zlatovská 2143, Zlatovce, 911 01 Trenčín, Slovakia",Trenčín,,http://www.rollos.sk/,obchod@rollos.sk,ChIJx3s4J4mhFEcRmzj8tz41Qx4
Slovakia,Ploty a brany - Poprad,"Priemyselný Areál Východ, Stráže, 058 01 Poprad, Slovakia",Poprad,,https://www.umeleckezam.sk/,,ChIJW-M8FoM7PkcRklU1-KHgnw8
Slovakia,Ploty KONADO s.r.o.,"areál spol. SI. TO. RO, Veľká Čausa 177, 971 01 Veľká Čausa, Slovakia",Prievidza,,,,ChIJP3iTUrLYFEcRGgZ3hMHAmcY
Slovakia,V-STAV Betonové ploty,"Milana Rastislava Štefánika 116, 972 71 Nováky, Slovakia",Prievidza,,http://betonoveploty.weebly.com/,,ChIJX5I0VS7bFEcRMTMpZbtc-yA
Slovakia,Svet plotov Zvolen,"Neresnická cesta 253/12, 960 01 Zvolen-Pod Dráhy, Slovakia",Zvolen,,https://www.facebook.com/svetplotov/,,ChIJtS0fKvM3FUcRj1k5i7q5yDo
Slovakia,Ploty Hravo,"Hliny 1410/2, 017 07 Považská Bystrica, Slovakia",Považská Bystrica,,http://www.plotyhravo.sk/,info@plotyhravo.sk,ChIJATtWfFSNFEcRNFhkYERg04k
Slovakia,"Chozé - Ploty, Brány, Pohony","Žilinská 4986/37, 017 01 Považská Bystrica, Slovakia",Považská Bystrica,,http://www.choze.sk/,choze@choze.sk,ChIJ_3azU_2LFEcR2X916IfTyJ4
Slovakia,Ploty Matejka,"Robotnícka 2277, 017 01 Považská Bystrica, Slovakia",Považská Bystrica,,https://www.plotymatejka.sk/,,ChIJkfRgr_uNFEcRawI7nI-Hrl0
Slovakia,Ploty,"Hliny 1412, 017 07 Považská Bystrica, Slovakia",Považská Bystrica,,http://www.ploty-oplotenia.sk/kontakt.html,,ChIJz0aZwXCMFEcRxE5032QPt8I
Slovakia,Hliníkové ploty a brány ELMAR,"Topoľčianska Cesta 322, 958 52 Žabokreky nad Nitrou, Slovakia",Považská Bystrica,,https://ploty-elmar.sk/,info@ploty-elmar.sk,ChIJKc5kc1nJFEcRCas4EfLQnRA
Slovakia,Nerezové brány,"189, 018 61, Slovakia",Považská Bystrica,,,,ChIJvQL3D0WOFEcR-WsCHBGqvow
Slovakia,Beton Rauch - Betónové ploty,"Trenčianska, Horné Kočkovce, 020 01 Púchov, Slovakia",Považská Bystrica,,http://www.betonrauch.eu/,,ChIJ4cAMQlmPFEcR4gQcyiRUfg8
Slovakia,Polícia SR - Dopravný inšpektorát,"Centrum 1/1, 017 01 Považská Bystrica, Slovakia",Považská Bystrica,,https://www.minv.sk/?strankove-dni-a-hodiny-na-or-pz-povazska-bystrica,,ChIJGbUn7VeJFEcRCWD34pY9IRw
Slovakia,Alena Maslošová - Betónové ploty BP Fence,"Hlavná 7/37, Úpor, 076 16 Zemplínska Nová Ves, Slovakia",Michalovce,,http://www.betonovy-plot.sk/,info@betonovy-plot.sk,ChIJO8rcRSvVOEcR0gKEVs3AS5I
Slovakia,Betónové Ploty | Slovenská výroba | Predaj a montáž,"935 82 Plášťovce, Slovakia",Michalovce,,http://www.slovenskebetonoveploty.sk/,info@slovenskebetonoveploty.sk,ChIJrafYsW2_akcRKcC1p1gCXgQ
Slovakia,Kovostyl- Kované a Hliníkové ploty a brány,"Komárňanská cesta 18, Dolná kapsa, 940 02 Nové Zámky, Slovakia",Nové Zámky,,http://www.kovanabrana.sk/,info@kovanabrana.sk,ChIJ8x2Uh-wEa0cRqFv8IT-nQfk
Slovakia,DOMINO betónové ploty,"Komoča 73, 941 21 Komoča, Slovakia",Nové Zámky,,https://www.bizref.sk/betonoveploty-novezamky,dominoploty@gmail.com,ChIJ_b3JRMYHa0cRI6QeXvGUxSM
Slovakia,"JUHOKOV- kované polotovary, komponenty na brány a ploty, pohony NICE a príslušenstvo brán","Komárňanská cesta 18, Dolná kapsa, 940 02 Nové Zámky, Slovakia",Nové Zámky,,https://juhokov.sk/,info@juhokov.sk,ChIJ9S7q5wUBa0cRJDu9BgfEnEs
Slovakia,R-Stone Betónové ploty,"Antona Bernoláka 21, 946 03 Kolárovo, Slovakia",Komárno,,,,ChIJvQ60x92na0cRhC3Jj6DArtg
Slovakia,Elektricky plot,"Stavbárov 2749/4, Komárno, 945 01 Komárno, Slovakia",Komárno,,https://www.elektrickyplot.sk/kontakt/,jan@novak.sk,ChIJRTcMgVeta0cReNmAnj2XeX4
Slovakia,DŽATKO JUNIOR - BETÓNOVĚ PLOTY,"Brestov 862, 066 01 Brestov, Slovakia",Humenné,,http://dzatko-junior.sk/kontakt/,betonoveploty@dzatko-junior.sk,ChIJ7c1_7Ka1PkcRf6XS1-d0jeg
Slovakia,"HNL Steel - hliníkové brány, ploty, zábradlia a schody","Starinská 2134/21, 066 01 Humenné, Slovakia",Humenné,,https://www.hnlsteel.sk/,info@hnlsteel.sk,ChIJ-_7gXFy1PkcR7Q2C_cWxTVM
Slovakia,MP-FENCE s.r.o.,"Alojza Jiráska 39, 984 01 Lučenec, Slovakia",Lučenec,,,,ChIJgfv_1bb5P0cR2EzHU4FGc1k
Slovakia,PlotSystem,"Vrbovská cesta, 921 01 Piešťany, Slovakia",Piešťany,,http://www.plotsystem.sk/,bratislava@plotsystem.sk,ChIJTQv2iPdUa0cRf9Fh3XtAn1U
Slovakia,Bezpečnostné oplotenie,"Delipro Chirana, Vrbovská cesta 2511/19, 921 01 Piešťany, Slovakia",Piešťany,,http://www.bezpecnostneoplotenie.sk/,jr.pavolkapral@troaxsk.sk,ChIJxXCK7fNUa0cRDKHnHKGiqzo
Slovakia,Betónové Ploty,"Nová, 053 61 Olcnava, Slovakia",Spišská Nová Ves,,http://www.kamen-obklady.sk/,info@kamen-obklady.sk,ChIJz11mue1QPkcRNywuuad8OtU
Slovakia,MM Ploty,"Pruské 279, 018 52 Pruské, Slovakia",Dubnica nad Váhom,,https://www.mmploty.sk/,,ChIJafeRLTCbFEcRQswIsbvffIk
Slovakia,Hlinikové ploty,"Dolná Breznica 257, 020 61 Dolná Breznica, Slovakia",Dubnica nad Váhom,,http://www.hlinikove-ploty.com/,Rastipavlus@gmail.com,ChIJH9giaH-FFEcREfwAG_JCHE8
Slovakia,PlotMont.sk,"Staničná 1522/20, 908 51 Holíč, Slovakia",Dubnica nad Váhom,,https://www.plotmont.sk/,info@plotmont.sk,ChIJW9NOq_ExE0cRkOCq1gP3HLg
Slovakia,"Ploty, brány","Hviezdoslavova, 915 01 Nové Mesto nad Váhom, Slovakia",Dubnica nad Váhom,,http://www.npgroup.sk/kontakt/,objednavky@ploty-np.sk,ChIJ-2p7FtFXE0cRSMVbhDHgenY
Slovakia,Hliníkové ploty,"Ilava č.257, 020 61 Púchov, Slovakia",Dubnica nad Váhom,,http://hlinikove-ploty.com/kontakt,pavlus@stavebneprofily.sk,ChIJazn3d2uFFEcRdT7S1o4EJEc
Slovakia,ALUPLOTY Slovakia s.r.o.,"Nezábudková, 955 01 Topoľčany, Slovakia",Topoľčany,,http://www.aluploty.com/,info@aluploty.sk,ChIJR3VbqstKa0cRx_4IXb_vUKQ
Slovakia,MOBEP Betónové ploty,"Nadlice 134, 956 32 Nadlice, Slovakia",Topoľčany,,http://www.mobep.sk/,,ChIJJWL6HRXLFEcRJ6tqunqt3Rw
Slovakia,Nice-Inox - Nerezové ploty a zábradlia,"Velušovce 131, 955 01 Velušovce, Slovakia",Topoľčany,,http://www.nice-inox.sk/,info@nice-inox.sk,ChIJZf_YHJGzFEcRjZqrRJNjcPQ
Slovakia,Braany - Kované brány a ploty,"Partizánska 447/36, 955 01 Chrabrany, Slovakia",Topoľčany,,http://www.braany.sk/,info@braany.sk,ChIJlyKsBxNLa0cRseS59rBD7kM
Slovakia,COOL PLOTY,"Hlohovská cesta 446, 955 01 Nemčice, Slovakia",Topoľčany,,http://www.coolploty.sk/,info@coolploty.sk,ChIJcxT9uQJLa0cReAzjE-4dkmk
Slovakia,HouseGarden | Topoľčany,"Odbojárov 678, 955 01 Tovarníky, Slovakia",Topoľčany,,http://www.housegarden365.sk/,housegarden_showroom_bratislava_0e054259b1aca6a4@2x.jpeg,ChIJIc6FgqtKa0cRBFJmmRaquRs
Slovakia,"Moje PLOTY, BRÁNY, POHONY","Janka Matušku 16, 957 01 Bánovce nad Bebravou, Slovakia",Topoľčany,,http://mojeploty.sk/,mojeploty@mojeploty.sk,ChIJlzPeFOm3FEcRVNP1y39gAhg
Slovakia,Betónové ploty - NajkrajšiePloty.sk - Výroba a montáž betónových plotov,"Tehelniarska, 956 13 Hrušovany, Slovakia",Topoľčany,,https://www.najkrajsieploty.sk/,najkrajsieploty@gmail.com,ChIJP9lFNLBJa0cRJw2i2K0dgH8
Slovakia,PEMAT Garážové brány a priemyselné brány,"Hlohovská cesta 415, 955 01 Nemčice, Slovakia",Topoľčany,,https://www.pematbrany.sk/,,ChIJhcv7S_NOa0cRdrr4jv-a_qo
Slovakia,montovaneploty,"Námestie slobody 18/41, 972 47 Oslany, Slovakia",Topoľčany,,http://montovaneploty.sk/,info@montovaneploty.sk,ChIJJRngoibOFEcR7XjZ7Xk2ckY
Slovakia,Hliníkový plot,"1. mája 4541, 031 01 Liptovský Mikuláš, Slovakia",Liptovský Mikuláš,,http://www.hlinikovyplot.sk/,info@hlinikovyplot.sk,ChIJG04fwE6ZFUcRoDZFaInJhJs
Slovakia,"DANAJ SLOVAKIA - DVERE, BRÁNY, PLOTY","1. mája 4541, 031 01 Liptovský Mikuláš, Slovakia",Liptovský Mikuláš,,http://www.alles.sk/,alles@alles.sk,ChIJNWp86k6ZFUcRl1MZMIMi9dA
Slovakia,"Michal Gabčo - pokládka zámkovej dlažby, okrasné ploty, stavebné práce","Komenského 499/2, 033 01 Liptovský Hrádok, Slovakia",Liptovský Mikuláš,,http://mgstavbyplotydlazby.sk/,tereziagabcova@gmail.com,ChIJOc1liHKdFUcRv9Bpl2CkEPw
Slovakia,"PLOTY - BRÁNY - ZÁBRADLIA - FLIM, s.r.o.","Mostová 286 30, 958 04 Partizánske, Slovakia",Partizánske,,http://www.flim.sk/,info@flim.sk,ChIJyVwLlRTPFEcRK6Q0R88bJDE
Slovakia,Brány- ploty T-KOV - Martin Toth,"Šimonovianska 6/22, 958 03 Partizánske, Slovakia",Partizánske,,,,ChIJd6sAWpTOFEcRwEleHQ8-3Ao
Slovakia,Ploty & Záhrada,"Myslenická 3528/1A, 902 01 Pezinok, Slovakia",Pezinok,,https://www.ploty-zahrada.sk/,info@ploty-zahrada.sk,ChIJ7UL8H-yQbEcRjkpEtZpN68E
Slovakia,Maxstore,"Bratislavská 195/79, 902 01 Pezinok, Slovakia",Pezinok,,http://www.maxstore.sk/,obchod@maxstore.sk,ChIJ_985FXCabEcRWKFP9xlVfWg
Slovakia,PLOTY - BART Complex s.r.o.,"Novojelčanská 63, 925 23 Jelka, Slovakia",Pezinok,,http://www.beton-plotysk.sk/,ploty.pezinok@gmail.com,ChIJja5YedaebEcRBsqDsImc_rs
Slovakia,Montáž Plotov,"Šenkvická cesta 14E, 902 01 Pezinok, Slovakia",Pezinok,,https://www.montazplotov.sk/contact.html,info@montazplotov.sk,ChIJ2VPB3rGQbEcRwc8beW6PlU0
Slovakia,Brány-ploty-kovo s.r.o.,"Jánovce 215, 925 22 Jánovce, Slovakia",Senec,,https://www.brany-ploty-kovo.sk/,info@brany-ploty-kovo.sk,ChIJ0Vq0weucbEcRwn2g-40M_5s
Slovakia,Betónové ploty,"Hornočepeňská 4394, Horný Čepeň, 926 01 Sereď, Slovakia",Šaľa,,http://www.betonoveploty.sk/kontakt,lukabeton@lukabeton.sk,ChIJjXJ0On5na0cR_Tiv1SrRLYs
Slovakia,Ploty Javorina,"Hrušové 1004, 916 11 Bzince pod Javorinou, Slovakia",Šaľa,,https://www.plotyjavorina.sk/,jan@novak.sk,ChIJs5GNGM5XE0cRmO-3qR3S5rI
Slovakia,Danter brány s.r.o.,"Bratislavská cesta 5608, 929 01 Dunajská Streda, Slovakia",Dunajská Streda,,http://www.danter.sk/,,ChIJjbn-n1uda0cRdwjSjGtXxFk
Slovakia,Betónové ploty - BigBeton,"Hlavná, 929 01 Veľké Dvorníky, Slovakia",Dunajská Streda,,https://www.bigbeton.sk/?utm_source=google&utm_medium=wix_google_business_profile&utm_campaign=1786681111764843069,605a7baede844d278b89dc95ae0a9123@sentry-next.wixpress.com,ChIJpUY-vqN3a0cR_Z3mEOJYVl4
Slovakia,Allgarden,"Pörmöče 325, 929 01 Malé Dvorníky, Slovakia",Dunajská Streda,,https://www.allgarden.sk/,58c85fbb6ad742229ab5294d1d3a3777@cssentry.creativesites.sk,ChIJ-91OWM93a0cR68coPCO_UVI
Slovakia,AMP plast ploty a brany,"Veľké Blahovo 53, 930 01 Veľké Blahovo, Slovakia",Dunajská Streda,,https://www.ampplast.sk/,ampplast@ampplast.sk,ChIJ85JogWada0cRYq9QXSTmpPo
Slovakia,Stavebniny - Kántor,"Kračanská cesta 5467, 929 01 Dunajská Streda, Slovakia",Dunajská Streda,,http://www.kantorstav.sk/,info@kantorstav.sk,ChIJURDN4Uida0cRfKA9k-CO39s
Slovakia,STERICH s.r.o. - Betónové ploty,"Herlianska 547/2, Čemerné, 093 03 Vranov nad Topľou, Slovakia",Vranov nad Topľou,,http://www.plotysterich.sk/,info@plotysterich.sk,ChIJV2uTkJjJPkcR8lADD9unKag
Slovakia,ROBEKOV Pavol Bendik,"Cintorínska 330, Čemerné, 093 03 Vranov nad Topľou, Slovakia",Vranov nad Topľou,,,,ChIJneuVuKPIPkcRPX4eoazpiqM
Slovakia,Betónové ploty - Šoth s.r.o.,"Zahradná 666/1A, 067 61 Stakčín, Slovakia",Snina,,https://www.bpsoth.sk/,info@bpsoth.sk,ChIJB0NukR9POUcRjXOSSrwJ9L0
Slovakia,Stavinvest RS s.r.o. - Betónové ploty a výrobky,"Školská, 979 01 Rimavská Sobota, Slovakia",Rimavská Sobota,,http://stavomont.weblahko.sk/,stavoplot@gmail.com,ChIJM7ac9CaNP0cR8KoxvHxYOE8
Slovakia,"INCON - okná a dvere, autorizované zastúpenie Rimavská Sobota - Montag, s.r.o.","Škultétyho 350, 979 01 Rimavská Sobota, Slovakia",Rimavská Sobota,,http://www.montag.sk/,montag@montag.sk,ChIJ8YhyLtPyP0cRRnXDtFLw830
Slovakia,Gemer - Metal,"Cintorínska č.3950, 979 01 Rimavská Sobota, Slovakia",Rimavská Sobota,,http://www.gemermetal.sk/,,ChIJ4Q33rzqNP0cRm7bmPugN-CI
Slovakia,Pletivá Albert Rimavská Sobota,"Cintorínska 3646/3646, 979 01 Cintorínska-Rimavská Sobota, Slovakia",Rimavská Sobota,,https://www.zbersurovin.sk/pletiva/,albert@zbersurovin.sk,ChIJg3WWY7SNP0cRpKmubMtRgsQ
Slovakia,Zber surovín Albert s.r.o.,"Cintorínska 3646, 979 01 Rimavská Sobota, Slovakia",Rimavská Sobota,,https://www.zbersurovin.sk/,,ChIJo_nMuLaNP0cR4rgHmywQp8g
Slovakia,"W-Mont s.r.o. - brány, ploty, kovovýroba a garážové brány.","Košická cesta 2014, 979 01 Rimavská Sobota, Slovakia",Rimavská Sobota,,https://www.wmont.sk/,wmont621@gmail.com,ChIJEX7KzS_zP0cRA6Fq-VbjERM
Slovakia,RG-Kovoplot,"Brehov 076 05, 076 05 Brehov, Slovakia",Trebišov,,https://www.facebook.com/profile.php?id=100064138000363,,ChIJSRYh4XDROEcRKFM6emlyvkk
Slovakia,Betónové ploty,"Hlavná 142/7, Úpor, 076 16 Zemplínska Nová Ves, Slovakia",Trebišov,,http://www.betonovy-plot.sk/kontakt.html,info@betonovy-plot.sk,ChIJO8rcRSvVOEcR5UGpEtoeBCY
Slovakia,"Tibor Baška - KOVOVÝROBA PÚCHOV | Brány a ploty, pergoly, zimné záhrady, schodiská, zábradlia, balkóny a iné","Dohňany 751, 020 51 Dohňany, Slovakia",Púchov,,http://www.kovovyroba-puchov.sk/,kovovyroba.pu@gmail.com,ChIJHRGSlFOPFEcRaGfPtPauimI
Slovakia,Lacné pletivo,"Dlhá 905 01, Senica, 905 01 Senica, Slovakia",Senica,,http://www.lacnepletivo.sk/,,ChIJDcKyGxm1bEcRTBiwyKvQcSI
Slovakia,Kamenné ploty,"Schiffelova 908 51, 908 51 Holíč, Slovakia",Skalica,,http://kamenne-ploty.com/kontakt/,info@kamenne-ploty.com,ChIJjVxswfsxE0cRZYPfaUKX1tc
Slovakia,"Stavebniny Skalica | Torx, s.r.o.","Nádražná 33, Skalica, 909 01 Skalica, Slovakia",Skalica,,http://www.torx.sk/,obchod@torx.sk,ChIJ45tcNU8wE0cRgGmz1vXEzXU
Slovakia,"Bezúdržbové hliníkové ploty, brány, branky, zábradlí, pergoly, sítě proti hmyzu","Hradební 1547, 686 01 Uherské Hradiště 1, Czechia",Skalica,,http://www.bezudrzbovyplot.cz/,info@bezudrzbovyplot.cz,ChIJH9zEt64VE0cRaJurGlIEmQA
Slovakia,Ploty s. r. o.,"Jarmočná, 064 01 Stará Ľubovňa, Slovakia",Stará Ľubovňa,,https://www.lacnyplot.sk/,plotysro@gmail.com,ChIJTZHojqoNPkcRNFIBJEBMPnk
Slovakia,"Martin Kaleta ,brány","Továrenská 33, 064 01 Stará Ľubovňa, Slovakia",Stará Ľubovňa,,http://www.transferrum.sk/,,ChIJCSWrkx4NPkcRQvVfMXnw8Rw
Slovakia,GARÁŽOVÉ BRÁNY - PLOTY - POHONY,"Jarabina 260, 065 31 Jarabina, Slovakia",Stará Ľubovňa,,,,ChIJvzBQtxoNPkcRRFspHhxyhTs
Slovakia,MYJAVSKÉ PLOTOVÉ CENTRUM,"Horná 1233, 907 01 Myjava, Slovakia",Moldava nad Bodvou,,http://www.mypc.sk/,peter.jakubec@gmail.com,ChIJjzT7zhJOE0cRCLmgL20T1hY
Slovakia,Betónové ploty SEDOP STAV s.r.o.,"Štefana Majora 440, 925 22 Veľké Úľany, Slovakia",Galanta,,http://www.sedopstav.sk/,sedopstav@gmail.com,ChIJYVdnyDd9a0cRsVw82HLhNGY
Slovakia,PLOTREAL s.r.o.,"Hlohová 111, 920 01 Hlohovec, Slovakia",Galanta,,http://www.plotreal.sk/,eshop@plotreal.sk,ChIJvyxyuq1da0cRStpBlSpQhY8
Slovakia,Lukaplot,"Hornočepeňská 4394, Horný Čepeň, 926 01 Sereď, Slovakia",Galanta,,http://www.lukaplot.sk/kontakt.html,lukabeton@lukabeton.sk,ChIJjXJ0On5na0cReFII9Dhgl18
Slovakia,"PRODAX - okná, dvere, brány, pohony...","Cintorínska 250, 925 01 Matúškovo, Slovakia",Galanta,,,,ChIJz51pKLhva0cRhA-2O0fWVkM
Slovakia,Betónové ploty,"37 Sološnica, Slovakia",Malacky,,https://www.facebook.com/share/16Wesp7MPu/,,ChIJI7_JXgC_bEcR0zJ0DSFj1iM
Slovakia,Jozef Rác - Montplot,"Wolkerova 1617/26, 900 31 Stupava, Slovakia",Malacky,,https://ploty-montplot.sk/,ploty.montplot@gmail.com,ChIJweXXuG_tbEcRnsUV6nAPUPg
Slovakia,Posuvné brány,"Záhorácka 35, 901 01 Malacky, Slovakia",Malacky,,,,ChIJFbApexTCbEcRLzsXtrEVFTY
Slovakia,"Alumax - Hliníkové ploty, brány, zábradlia a prístrešky.","Timravy 30, 920 01 Hlohovec, Slovakia",Hlohovec,,http://www.alumax-ploty.sk/,info@alumax.sk,ChIJCbsEfwhba0cRcG37XFuDOag
Slovakia,Sypane ploty,"73, Rázusova 3527, 920 01 Hlohovec, Slovakia",Hlohovec,,http://www.sypaneploty.sk/,objednavky@sypaneploty.sk,ChIJ4aOtgPxaa0cRbxUkGm2xg3U
Slovakia,HANZA brány,"7, M. R. Štefánika 225, 920 01 Hlohovec, Slovakia",Hlohovec,,http://www.hanza.sk/,,ChIJF9W4L1Raa0cR-J_X44GFUAE
Germany,Bauzaun Vermietung Berlin,"Marktpl. 3, 15831 Blankenfelde-Mahlow, Germany",Berlin,,https://www.bauzaun-vermietung-berlin.de/,info@bauzaun-vermietung-berlin.de,ChIJteb93bpDqEcRrGCQrzfCJVM
Germany,Bauzaun Discount,"Lise-Meitner-Straße 50, 10589 Berlin, Germany",Berlin,,http://bauzaun-discount.de/,verkauf@mf-baustoffhandel.de,ChIJ76DaCUdRqEcRcz1KxLjHnBs
Germany,Bauzaun kaufen in Berlin und Brandenburg,"Am Weidendamm 9, 15831 Blankenfelde-Mahlow, Germany",Berlin,,https://www.bauzaun-berlin-brandenburg.de/,verkauf@bauzaun-berlin-brandenburg.de,ChIJ1w9gV1tBqEcR8qfg7bO88gs
Germany,Bauzaun - Berlin,"Wittestraße 30K, 13509 Berlin, Germany",Berlin,,https://bauzaun.berlin/,info@bauzaunex.de,ChIJLeQBG9BVqEcR9siVolTPqlU
Germany,Pauls Bauzaun- und Anhängervermietung,"Buchenstraße 9, 15378 Rüdersdorf bei Berlin, Germany",Berlin,,http://www.bauzaun-jaehnke.de/,info@bauzaun-jaehnke.de,ChIJBZHFQqIxqEcRDX7kfi8fhr4
Germany,Deutschland-Zaun,"Bizetstraße 92, 13088 Berlin, Germany",Berlin,,https://www.deutschland-zaun.de/,max@mustermann.de,ChIJBaotJexUhAkRsRERBeUiie0
Germany,Zäune aus Polen - Kowalik Zaun,"Fennstraße 20A, 12439 Berlin, Germany",Berlin,,https://kowalikzaun.de/,info@kowalikzaun.de,ChIJ96YbJtNJqEcR4zHIYs8Rwq0
Germany,Zaun-Matten,"Schichauweg 52, 12307 Berlin, Germany",Berlin,,https://www.zaun-matten.de/,info@zaun-matten.de,ChIJtZPwNTJFqEcRJEsmRpfKqrs
Germany,Heras mobile fences GmbH,"Zum Schürmannsgraben 24, 47441 Moers, Germany",Berlin,,https://www.heras-mobile.de/,info@heras-mobile.de,ChIJR5E4U3i6uEcRtxXJsCPAVOU
Germany,Bauzaun24,"Turmhofstraße 17, 53894 Mechernich, Germany",Berlin,,https://www.bauzaun24.de/,kontakt@bauzaun24.de,ChIJk7YcLGEMv0cRwrM848LGcVU
Germany,MAC Miet-Bauzaun Hamburg GmbH,"Rubbertstraße 25, 21109 Hamburg, Germany",Hamburg,,http://www.mac-miet-bauzaun.de/,,ChIJP6IGqDmOsUcRkmn2IfcAQ5I
Germany,Bernfjord Bauzaun,"Kanzlerstraße 14, 21079 Hamburg, Germany",Hamburg,,http://www.bernfjord.de/,info@bernfjord.de,ChIJ1QwU8XqRsUcRYQPeu9H5f4Q
Germany,Bargfeld Bauzaunvermietung e.K.,"Heykenaukamp 2B, 21147 Hamburg, Germany",Hamburg,,https://www.bauzaun-hamburg.de/,info@hkl-baumaschinen.de,ChIJ2z_zgJiasUcR0Z-rmPrbfjg
Germany,HANSE Zauntechnik | Zaunhandel & Zaunbau,"Wendenstraße 309, 20537 Hamburg, Germany",Hamburg,,http://www.hanse-zauntechnik.de/,anfrage@hanse-zauntechnik.de,ChIJYaZWZ3N3skcRAOnMGbmaf10
Germany,mobilzaunshop.ch,"Kirchweg 1, 3510 Konolfingen, Switzerland",Hamburg,,http://mobilzaunshop.ch/,info@mobilzaunshop.ch,ChIJj--M_KNKjkcRVPHbC0wbq9g
Germany,"ELBZAUN - Zaune, Toren, Pforten","Trelder Weg 5, 21079 Hamburg, Germany",Hamburg,,http://elbzaun.de/,info@adris-galabau.de,ChIJcaVQrHKRsUcR2U2yXUgQU_0
Germany,Zaunteam Hamburg-Ost,"Sollredder 1 Ecke, Südring 50, 21465 Wentorf bei Hamburg, Germany",Hamburg,,https://www.zaunteam.de/de/partner/81-zaunteam-hamburg-ost,hamburg-ost@zaunteam.de,ChIJYWeO2xnysUcRqcYXERGYeN0
Germany,Bauzaunvermietung Lindenmaier,"Triester Str. 44, 81669 München, Germany",Munich,,,,ChIJVbFU0ZbfnUcRe2MXkQIYGhw
Germany,Bauzaunvermietung Bayern,"Hofmarkstraße 15, 85445 Oberding, Germany",Munich,,https://bundb-service.eu/index.php/bauzaunvermietung,mail@bundb-service.eu,ChIJxYfPLwYRnkcRJ26CEufvDDY
Germany,MAC Miet - Bauzaun Torsten Gottschling e. K.,"Rottmannsharter Str. 5, 85077 Manching, Germany",Munich,,,,ChIJzyxBNkFbnkcR0OkzrhbqVu8
Germany,MAC - Miet-Bauzaun,"Rottmannsharter Str. 5, 85077 Manching, Germany",Munich,,,,ChIJ-xE2_bVankcRGPihAfvc5Yw
Germany,Zaun Dietrich GmbH,"Kurzhuberstraße 2, 81825 München, Germany",Munich,,https://www.zaun-dietrich.de/,605a7baede844d278b89dc95ae0a9123@sentry-next.wixpress.com,ChIJyV7-_D_gnUcRN293zTh5C84
Germany,Bauzaunmarkt,"Hugo-Junkers-Straße 7, 60314 Frankfurt am Main, Germany",Munich,,http://www.bauzaunmarkt.de/,,ChIJ__8vrj8OvUcRyD_ik17UYr8
Germany,M A C Miet-bauzaun GmbH,"Wirtstraße 1, 81539 München, Germany",Munich,,https://www.mac-vs.de/mietbauzaun,sued@mac-vs.de,ChIJLZbd4xLfnUcRSnCnA6Xqwn8
Germany,Zaunteam München-Ost,"Neupullach 1a, 85661 Forstinning, Germany",Munich,,https://www.zaunteam.de/de/partner/165-zaunteam-muenchen-ost,muenchen-ost@zaunteam.de,ChIJb6sadn0GnkcRhWSWa-8dotM
Germany,a3-zaunbau.de,"Klosengartenstraße 60, 50374 Erftstadt, Germany",Cologne,,http://www.a3zaunbau.de/,a3zaunbau@gmail.com,ChIJzZ0_iwojv0cRxTAhuQms_FA
Germany,BauzaunProfi,"Emil-Schäfer-Straße 48, 47800 Krefeld, Germany",Cologne,,https://bauzaunprofi.eu/,info@bauzaunprofi.eu,ChIJm8lzpFi6uEcR81ZHZwYCkt4
Germany,EDG Draht Großhandel GmbH & Co. KG,"Ettore-Bugatti-Straße 47, 51149 Köln, Germany",Cologne,,https://www.edg-koeln.de/,,ChIJdwt8_Bknv0cRkNAjLqCuzWI
Germany,Zaunbau Simon,"Silesiusstraße 28, 51065 Köln, Germany",Cologne,,http://www.zaunbau-simon.de/,info@zaunbau-simon.de,ChIJ17pm4MQkv0cRxDQB2V0xiJw
Germany,Gitter Profi - Bauzäune & Absperrungen,"Turmhofstraße 17, 53894 Mechernich, Germany",Cologne,,https://www.gitter-profi.de/,kontakt@gitter-profi.de,ChIJ7YalLmEMv0cRk_9vDr1jRuE
Germany,Schwarzfeller Draht und Zaun GmbH,"Hans-Böckler-Straße 44, 40764 Langenfeld (Rheinland), Germany",Cologne,,http://www.schwarzfeller.de/,info@schwarzfeller.de,ChIJSXJsU58yv0cRFyPHgfjwYus
Germany,Bauzaun-Experte GmbH (Bauzaun & Absperrungen / Absperrtechnik mieten oder kaufen),"Rudolf-Diesel-Straße 1, 67227 Frankenthal, Germany",Frankfurt,,https://www.bauzaun-experte.de/,info@bauzaun-experte.de,ChIJkQ7GtaMzlkcRcuC5d2gsfNc
Germany,Bauzaunmarkt.de - Bauzaunmarkt Heilbronn,"Raiffeisenstraße 43, 74182 Obersulm, Germany",Stuttgart,,http://www.bauzaunmarkt.de/,,ChIJBabwj04xmEcR61JNt0eIGKc
Germany,Zauntechnik Stuttgart,"Hafenbahnstraße 10 A, 70327 Stuttgart, Germany",Stuttgart,,http://zauntechnik-stuttgart.de/,info@zauntechnik-stuttgart.de,ChIJDbfamxbEmUcRpW8xSHw56tw
Germany,BETA ZAUN GmbH,"Kaiserstraße 5, 40479 Düsseldorf, Germany",Düsseldorf,,https://beta-zaun.de/,hello@website.com,ChIJ56uWpMvLuEcRqvQkYOaPmUc
Germany,HeMa-ZaunSysteme GmbH,"Eichsfelder Str. 4, 40595 Düsseldorf, Germany",Düsseldorf,,https://www.hema-zaunsysteme.de/,,ChIJU3NZMbgyv0cRkJ8EbLcgjgQ
Germany,Zaun- und Torsysteme Günbek e.K.,"Lintorfer Weg 3-5, 40885 Ratingen, Germany",Düsseldorf,,http://www.zaunhandel-guenbek.de/,info@zaunhandel-guenbek.de,ChIJUfyAPl_GuEcR-pLIngV25Fg
Germany,Zaun&mehr,"Lichtenbroicher Weg 232, 40472 Düsseldorf, Germany",Düsseldorf,,,,ChIJE-jbagDJuEcRKKjHNGByjnE
Germany,Limes Zaun,"Prinz-Friedrich-Karl-Straße 61, 44135 Dortmund, Germany",Dortmund,,http://www.limes-zaun.de/,kontakt@limes-zaun.de,ChIJvSphsEMXuUcRN68Bmn-llXQ
Germany,Curt Ebert Zaun und Tor GmbH,"Westfälische Str. 173/44 309, 44309 Dortmund, Germany",Dortmund,,http://www.curt-ebert.de/,,ChIJSTXBx7UWuUcRNaV1_xMNifU
Germany,Morganland Zaunbau,"Schweizer Allee 93, 44287 Dortmund, Germany",Dortmund,,http://www.morganland.de/,info@morganland.de,ChIJ2RO7KEMYuUcRFspcvPS9rug
Germany,M&M-Zaunbau,"Manderscheidtstraße 92A, 45141 Essen, Germany",Essen,,http://zaeune-essen.de/,mundmzaun@gmx.de,ChIJEUxB8o00cEERTmsD_rfEPqY
Germany,GM Zaun- und Torsysteme,"Alleestraße 22, 45279 Essen, Germany",Essen,,https://www.gm-zaunsysteme.de/,info@gm-zaunbau.de,ChIJuXjCMf3duEcR3wWR1Y9dLDg
Germany,Zaunteam Essen,"Fachbetrieb Zäune und Tore, Am Schacht Hubert 1-5, 45139 Essen, Germany",Essen,,https://www.zaunteam.de/de/partner/106-zaunteam-essen,essen@zaunteam.de,ChIJC2gm8O3ouEcRDAPFQeymNbM
Germany,GM Zaun- und Torsysteme,"Schwarzbachstraße 8, 45309 Essen, Germany",Essen,,https://gm-zaunsysteme.de/,info@gm-zaunbau.de,ChIJjV-MLp3nuEcRsHjaV9iLnGA
Germany,Tor- und Zaunsysteme W. Wiechert,"Ruhrau 34, 45279 Essen, Germany",Essen,,http://www.zaunsysteme-wiechert.de/,info@zaunsysteme-wiechert.de,ChIJmdJ_E7vduEcRxen-Ql-xMLI
Germany,Bauzaunwelt Niederlassung Leipzig,"Riesaer Str. 100, 04319 Leipzig, Germany",Leipzig,,http://bauzaunwelt.de/,license@prestashop.com,ChIJAbUH59H5pkcRXiQLt78Fvv4
Germany,Bauzaun Leipzig,"Franz-Flemming-Straße 27, 04179 Leipzig, Germany",Leipzig,,,,ChIJLee0XEz2pkcRp8UnmBSKZiE
Germany,Zaunteam Leipzig,"Ernst-Keil-Straße 4, 04179 Leipzig, Germany",Leipzig,,https://www.zaunteam.de/de/partner/128-zaunteam-leipzig,name@email.de,ChIJe-hGiAT3pkcRbwB6gdwLq3g
Germany,Tino Großhans Zaunbau,"Schlehdornweg 2, 04319 Leipzig, Germany",Leipzig,,https://www.zaunbau-grosshans.de/,info@zaunbau-grosshans.de,ChIJB0kpwKz4pkcRxkdA0z-hqzc
Germany,ZAUNHAUS GmbH,"Angerstraße 15, 04420 Markranstädt, Germany",Leipzig,,https://zaunhaus.com/,,ChIJAWG-kWXxpkcRfWBwEhM69RU
Germany,Arbeitsbühnen Stabel GmbH - Stapler & Arbeitsbühne mieten Leipzig,"Torgauer Str. 231, 04347 Leipzig, Germany",Leipzig,,https://arbeitsbuehne-leipzig.de/?y_source=1_MTAyMTIyNjI4NC03MTUtbG9jYXRpb24ud2Vic2l0ZQ%3D%3D,,ChIJvYAX_ppXpkcRGvyDRQhOeZY
Germany,Block Bauzäune GmbH & Co. KG,"Neu-Rautendorfer Str. 168, 28879 Grasberg, Germany",Bremen,,http://www.block-bauzaun.de/,info@block-bauzaun.de,ChIJKypjcz4isUcRgYkHP9wDxxc
Germany,WeserZaun GbR,"Karl-Bücher-Straße 3, 28307 Bremen, Germany",Bremen,,http://www.weserzaun.de/,info@weserzaun.de,ChIJ6Vnd-kHfsEcRE7ZhXJIsVMU
Germany,Office for Roads and Traffic,"Herdentorsteinweg 49/50, 28195 Bremen, Germany",Bremen,,http://asv-bremen.de/,,ChIJa599dxEosUcRdM83kW2Te4k
Germany,Zaun-Nagel,"Parallelweg 18, 28219 Bremen, Germany",Bremen,,http://www.zaun-nagel.de/,info@zaun-nagel.de,ChIJfYghsF4osUcR6TI603NVgTc
Germany,Zaunteam Weser-Wümme,"Marie-Curie-Straße 6, 28876 Oyten, Germany",Bremen,,https://www.zaunteam.de/de/partner/39-zaunteam-weser-wuemme,weser-wuemme@zaunteam.de,ChIJBXOndw4gsUcRgXrvuPHMZvI
Germany,Zaun-Musfeld,"Werner musfeld, Steller Heide 12, 28790 Schwanewede, Germany",Bremen,,http://www.zaun-musfeld.de/,musfeld@t-online.de,ChIJ3csWvCXStkcRP4mqo8hrWUo
Germany,Zaun-Bremen,"Zum Allerhafen 1, 28309 Bremen, Germany",Bremen,,https://zaun-bremen.de/,,ChIJtX4so6jZsEcRnK7CAfNmqkE
Germany,ZAUNPLUS,"Bürgerstraße 37, 01127 Dresden, Germany",Dresden,,https://www.zaunplus.de/,info@zaunplus.de,ChIJh5dRMKrPCUcRMlqrdgAHDJU
Germany,Zaunteam Dresden-Nord,"Gartenstraße 71, 01445 Radebeul, Germany",Dresden,,https://www.zaunteam.de/dresden-nord,name@email.de,ChIJ_W76lxqdp0cRfwPgTRUoN2I
Germany,Zaun- und Metallbau Dresden,"Heilbronner Str. 11, 01189 Dresden, Germany",Dresden,,http://dresdner-zaun.de/,post@dresdner-zaun.de,ChIJtz-yFa_FCUcRM3RNiSMUxms
Germany,Zaunteam Dresden-Süd,"Zwickauer Str. 72-74, 01187 Dresden, Germany",Dresden,,https://www.zaunteam.de/dresden-sued,dresden-sued@zaunteam.de,ChIJfy-nP4TFCUcROB1KJfbW0gw
Germany,ZBD Zaun Bau Dresden,"Robert-Klett-Ring 24, 01796 Pirna, Germany",Dresden,,https://www.zaunbaudresden.de/,dpo-google@google.com,ChIJ-wOyJo64CUcRaaPiO1J8tjg
Germany,BAUZAUN HANNOVER-OST VERKAUF + MIETE + MONTAGE,"Borsigring 59 C Terminvereinbarung notwendig, 31319 Sehnde, Germany",Hanover,,https://eshop.mietweb.de/,44@mietweb.de,ChIJXcNjShAHsEcRVpdqcM8a0aw
Germany,"BilligerBauzaun - Bauzäune, Absperrungen & Zubehör","Wetthoope 2, 38159 Vechelde, Germany",Hanover,,https://billigerbauzaun.de/,service@billigerbauzaun.de,ChIJUeuurx35r0cRsJ5_6ZLoSRI
Germany,E. A. D Mobilzaun,"Am Hohen Holz 4, 31515 Wunstorf, Germany",Hanover,,https://www.stabzaun.de/,,ChIJlxovbnV9sEcRmIqljhVSOds
Germany,Zaun-Zentrale GmbH,"Am Hohen Holz 4, 31515 Wunstorf, Germany",Hanover,,https://www.stabzaun.de/,info@stabzaun.de,ChIJA59-dpB9sEcRJYcDwnkzH24
Germany,Bauzaunvermietung Bielefeld,"Lakefeldpl. 1, 30926 Seelze, Germany",Hanover,,http://bauzaun-bielefeld.de/,info@Mietzaun.de,ChIJR7VIofhzsEcR4QsExOBQtnY
Germany,Bauzaun mieten und kaufen,"Lakefeldpl. 1, 30926 Seelze, Germany",Hanover,,http://bauzaun-vermieten.de/,,ChIJR7VIofhzsEcR8_3J_al9zg8
Germany,Stäblein Zaun- und Toranlagen GmbH - ZAUNFACHMANN Hannover,"Fränkische Str. 51, 30455 Hannover, Germany",Hanover,,http://www.zaunbau-staeblein.de/,info@zaunbau-staeblein.de,ChIJV7dssUx0sEcROsXAiMDACnI
Germany,Zaunbau Peter GmbH,"Nürnberger Str. 19, 90602 Pyrbaum, Germany",Nuremberg,,http://zaunbau-peter.de/,info@zaunbau-peter.de,ChIJ4ekdEQppn0cRUlrTua06V4w
Germany,Zaunteam Nürnberg,"Waldstraße 1, 91189 Rohr, Germany",Nuremberg,,https://www.zaunteam.de/de/partner/193-zaunteam-nuernberg,name@email.de,ChIJAQBwXHJbn0cRl6kKF6Cm0fo
Germany,Metropol Zaunbau,"Walter-Bouhon-Straße 7, 90427 Nürnberg, Germany",Nuremberg,,https://metropol-zaunbau.de/,info@metropol-zaunbau.de,ChIJgdTImyP_oUcRgvKd-ow_YQQ
Germany,AMA Bau Betonzaun,"Wanheimer Str. 48, 47053 Duisburg, Germany",Duisburg,,,,ChIJJaldYL2_uEcRdzzPX9i8N-s
Germany,Zaunbau Mary,"Im Eichwäldchen 28, 47259 Duisburg, Germany",Duisburg,,https://zaunbau-mary.de/,info@zaunbau-mary.de,ChIJx-JXYn0u3y8RnCat0PrCDI8
Germany,RheinRuhrZaun.de,"Lindnerstraße 163, 46149 Oberhausen, Germany",Duisburg,,http://www.rheinruhrzaun.de/,,ChIJj47Sgk3HuEcRf9oPZVDZNfs
Germany,AC ZAUN-CENTER GmbH,"Rombacher Hütte 5, 44795 Bochum, Germany",Bochum,,https://shop.ac-zaun-center.de/,shop@ac-zaun-center.de,ChIJDcIdiHjguEcR8OC78EMGowE
Germany,Zaun-Partner24,"Ruhrstraße 108, 44869 Bochum, Germany",Bochum,,http://www.zaun-partner24.de/,,ChIJbcEeNjHeuEcR51Qm48NSxNw
Germany,AS Zaunbau Bochum,"An d. Maarbrücke 1, 44793 Bochum, Germany",Bochum,,http://www.gitterzaun-bochum.de/,,ChIJTTZb1mDguEcRZ6AZob0j8NM
Germany,Tumay Zaunsysteme GmbH,"Feldstraße 6, 44867 Bochum, Germany",Bochum,,http://www.tumay.de/,info@tumay.de,ChIJZy6RoFbnuEcRD5ufoCQNPDc
Germany,Zaun Paradies,"Brenscheder Str. 24, 44799 Bochum, Germany",Bochum,,https://zaun-paradies.de/,,ChIJq3Ip65rhuEcRvc1jzqBvoeU
Germany,AY-ZA Zaunsysteme,"Oststraße 8, 44866 Bochum, Germany",Bochum,,http://www.ayzazaunsysteme.de/,ay-zaun@gmx.de,ChIJY2n3yEznuEcROSihqCGn9Yg
Germany,DG Zaun,"Hattinger Str. 296, 44795 Bochum, Germany",Bochum,,https://dg-zaun.de/,info@dg-zaun.de,ChIJwfT2wqzhuEcRw2kDzziXxsg
Germany,Zaun & Draht,"Bonnstraße 24, 50226 Frechen, Germany",Bochum,,https://www.zaun-draht.de/,info@zaun-draht.de,ChIJxRozvE47v0cRfZE-HGmfwzw
Germany,Zaunbau Wuppertal GmbH,"Tiergartenstraße 208, 42117 Wuppertal, Germany",Wuppertal,,http://www.zaunbauwuppertal.de/,,ChIJlfTnTOXWuEcRRH21tZtYWBo
Germany,ZBW Zaunbau Wuppertal GmbH,"Elberfelder Str. 74, 42285 Wuppertal, Germany",Wuppertal,,http://www.zaunbauwuppertal.de/,info@zaunbauwuppertal.de,ChIJg9Et1hy5cUERAom0qEBc-e0
Germany,Zaunbau Wolkenburg,"Wolkenburg 95, 42119 Wuppertal, Germany",Wuppertal,,https://www.zaunbau-wolkenburg.de/,,ChIJM0fIa7vXuEcR5p6B14nZUnc
Germany,Zaunbau-Bielefeld.de,"Meller Str. 32, 33613 Bielefeld, Germany",Bielefeld,,http://zaunbau-bielefeld.de/,,ChIJed0umqQ9ukcRhURVTuVMHqA
Germany,BAUZAUN-BONN.de,"Godesberger Str. 17, 53175 Bonn, Germany",Bonn,,http://www.bauzaun-bonn.de/,,ChIJ6_FbWe7lvkcRZV9siGNwyLQ
Germany,A & H GbR Zäune und Toranlagen,"In den Wiesen 31, 53227 Bonn, Germany",Bonn,,https://www.ah-zaunbau.de/,info@ah-zaunbau.de,ChIJn-KFxDrhvkcREw1A3ezbRPg
Germany,DRAHTZAUNBAU MÜNSTER GMBH Zaun- u. Tortechnik,"Hessenbusch 202, 48157 Münster, Germany",Münster,,http://www.drahtzaunbau-muenster.de/,info@drahtzaunbau-muenster.de,ChIJ03ulp8-7uUcR3lSyn_tTyyo
Germany,DM Zaunsysteme,"Wattstraße 45 A, 68199 Mannheim, Germany",Mannheim,,http://www.dm-zaunsysteme.de/,,ChIJueNlu-DIl0cRV_aJvkMsOyY
Germany,Bernhardt Zaunsysteme GmbH & Co. KG,"Kreuzholzstraße 10, 67069 Ludwigshafen am Rhein, Germany",Mannheim,,http://www.bernhardt-zaun.de/,kontakt@bernhardt-zaun.de,ChIJZybyDVvNl0cR3dq1UlbzlVg
Germany,FS Zaune und Toranlagen,"Pflügersgrundstraße 23, 68169 Mannheim, Germany",Mannheim,,http://www.fszaunmontage.de/,Info@fszaunmontage.de,ChIJCywaKzvNl0cRry6-NDfR3iM
Germany,Zaun Sheriff - Zaunmontage & Beratung,"Vogesenstraße, 68229 Mannheim, Germany",Mannheim,,http://www.zaun-sheriff.de/,info@zaun-sheriff.de,ChIJI9OXiy_Hl0cRCyb7l_c039Q
Germany,Zaun Projekt Rebholz GmbH,"Mannheimer Str. 5, 68766 Hockenheim, Germany",Mannheim,,https://www.zaunprojekt.de/Kontakt,info@zaunprojekt.de,ChIJq6pa19W5l0cRE0W5DqMvb_c
Germany,Zaunteam Karlsruhe,"Lindenstraße 10a, 75196 Remchingen, Germany",Karlsruhe,,https://www.zaunteam.de/de/partner/167-zaunteam-karlsruhe,karlsruhe@zaunteam.de,ChIJLwTdsocNl0cRsHqSId-CdBc
Germany,Boels Rental Germany GmbH Karlsruhe - Hagsfeld,"Am Storrenacker 6, 76139 Karlsruhe, Germany",Karlsruhe,,https://www.boels.com/de-de/?utm_source=google&utm_medium=yext&utm_content=278,,ChIJA-ADJ2EIl0cRZ15mLLdYqQM
Germany,Augusta Fence Zaunbau Augsburg,"Gessertshausener Str. 6, 86356 Neusäß, Germany",Augsburg,,https://www.augustafence-zaunbau.de/,info@augustafence-zaunbau.de,ChIJ24Y7ZCa9nkcRy8DOtc_FRqQ
Germany,Asllani Zaunbau,"Carl-Schurz-Straße 3A, 86156 Augsburg, Germany",Augsburg,,http://asllani-zaunbau.de/,info@asllani-zaunbau.de,ChIJK32DQKu9nkcRE0fzAyNvxAA
Germany,Kurrer Zaunbau,"Hainbuchenweg 26, 86169 Augsburg, Germany",Augsburg,,http://www.kurrer-zaunbau.de/,,ChIJDQcA7n-9nkcRZyYa6cvLtPA
Germany,Wagner ToreTürenZäune GmbH,"Am Bahndamm 6-8, 86459 Gessertshausen, Germany",Augsburg,,https://wagner-handwerk.de/,info@pflasterbau-wagner.de,ChIJ-bB2agilnkcRX3mr1YHPRZ0
Germany,Kurrer - Zaunbau,"Ottobeurer Str. 34, 86163 Augsburg, Germany",Augsburg,,http://www.kurrer-zaunbau.de/,,ChIJsxhlvYaXnkcRQUgvcYdQmXc
Germany,Zaunbau Hellmann,"Edisonstraße 8, 86399 Bobingen, Germany",Augsburg,,http://www.zaunbau-augsburg.de/,ronny.hellmann@t-online.de,ChIJEbbNCeuhnkcRLRuZ9wVaViQ
Germany,Wind Zaun-Center | Zaunbau | Doppelstabmattenzaun,"Konradinstraße 11, 65205 Wiesbaden, Germany",Wiesbaden,,http://wa.me/491772450622,,ChIJw85Yqzy9vUcRHbm8Qt9Qah4
Germany,Zaunbau-Schrömgens GmbH ZAUNFACHMANN Mönchengladbach,"Karstraße 110, 41068 Mönchengladbach, Germany",Mönchengladbach,,https://schroemgens.de/,zaunbau@schroemgens.de,ChIJgf2W50KruEcRq6SeBmvNDKA
Germany,Zaunteam Mönchengladbach,"Schwalmstraße 204, 41238 Mönchengladbach, Germany",Mönchengladbach,,https://www.zaunteam.de/de/partner/178-zaunteam-moenchengladbach,name@email.de,ChIJeR_JnWutuEcR6h6Vw6RtfpU
Germany,ABZ-Zaunsysteme GmbH,"Virmondstraße 137, 47877 Willich, Germany",Mönchengladbach,,https://www.abz-zaun.de/,info@abz-zaun.de,ChIJORIB6ZuvuEcRON9xKiMKyOE
Germany,Betafence Deutschland GmbH,"Dülkener Str. 200, 41366 Schwalmtal, Germany",Mönchengladbach,,http://www.betafence.de/,,ChIJR_eVfQhVx0cRV110I6nN57c
Germany,SB Zaun & Torsysteme,"Kirchstraße 63, 45888 Gelsenkirchen, Germany",Gelsenkirchen,,https://www.sb-zaunbau.de/,info@sb-zaunbau.de,ChIJOUQnpKDnuEcRZ7_X_YDcybQ
Germany,"Gelsen Zaun - Zaunbau, Gabione und Tore","Udostraße 9, 45888 Gelsenkirchen, Germany",Gelsenkirchen,,https://www.gelsenzaun.de/,,ChIJ1-UjtcHnuEcRK3DMhJc52t4
Germany,ZAUN MAY,"Uechtingstraße 19, 45881 Gelsenkirchen, Germany",Gelsenkirchen,,http://www.zaun-may.de/,,ChIJXewwoFrnuEcRRumNYbG48T4
Germany,Ruhrpott Zaun & Tor Systeme,"Wanner Str. 47, 45888 Gelsenkirchen, Germany",Gelsenkirchen,,https://www.ruhrpottzaun.de/,,ChIJSSEvbNfnuEcRDknfy0Ov7DY
Germany,Alkan Zaunsysteme,"Bergmannstraße 162, 45886 Gelsenkirchen, Germany",Gelsenkirchen,,https://www.alkan-zaunsysteme.de/,info@alkan-zaun.de,ChIJ4ZHY-9DnuEcRYyiRwIxMMcI
Germany,ZaunköniGElsenkirchen UG (haftungsbeschränkt),"Braukämperstraße 95, 45899 Gelsenkirchen, Germany",Gelsenkirchen,,https://die-zaunkoenige.de/,info@die-zaunkoenige.de,ChIJ5av1SNnpuEcRYlbWP3ASGhg
Germany,Bauzaun Becks Turnau GmbH,"Königsbenden 11-13, 52249 Eschweiler, Germany",Aachen,,http://www.bauzaun-becks-turnau.de/,Bauzaun-Becks-Turnau@t-online.de,ChIJkUfDRF9gv0cRKQQ-kV3g9Fk
Germany,OBI store in Aachen,"Debyestraße 20, 52078 Aachen, Germany",Aachen,,https://www.obi.de/markt/aachen-debyestrasse?wt__mc=gp.de527_Aachen_Debyestra%C3%9Fe%E2%80%A6,service@obi.de,ChIJRezmYiScwEcRFi0XYI0S6RE
Germany,Zaundepot,"Prager Ring 55, 52070 Aachen, Germany",Aachen,,https://www.zaundepot.shop/,ZaunDepot@gmail.com,ChIJFZgD5DmZwEcRdmVnnRZUviI
Germany,Zaun- & Torsysteme Corsten,"Gewerbegebiet, In d. Krause 55, 52249 Eschweiler, Germany",Aachen,,http://www.zaunbau-corsten.de/,20info@zaunbau-corsten.de,ChIJIRLX9ddfv0cRlORTqLUf1y8
Germany,Kurt König Baumaschinen GmbH | Braunschweig,"Kreuztor 9, 38126 Braunschweig, Germany",Braunschweig,,http://www.kurt-koenig.de/,,ChIJEaZ-mXP1r0cR7laBrRiYzsM
Germany,Safety Zaun & Gartenbau,"Im Grund 3, 09114 Chemnitz, Germany",Chemnitz,,http://www.safetyzaun.de/,u00a0info@safetyzaun.de,ChIJ7zkyaMtBp0cRd-raaNShrfM
Germany,"Tor & Zaunbau Lasch aus Chemnitz, Zwickau, Glauchau","Markersdorfer Str. 85, 09123 Chemnitz, Germany",Chemnitz,,https://www.lasch-zaunbau.de/,,ChIJ7w9dLZpIp0cRBMTwwaklR30
Germany,Tor- und Zaunanlagen GmbH Chemnitz,"Slevogtstraße 85, 09114 Chemnitz, Germany",Chemnitz,,https://www.tor-und-zaunanlagen.de/standort/chemnitz,kontakt@tor-und-zaunanlagen.de,ChIJxx0ECUpBp0cR3rDQJMhDlz8
Germany,deutsche Zauntechnik,"Röhrsdorfer Allee 13, 09247 Chemnitz, Germany",Chemnitz,,http://www.deutsche-zauntechnik.de/,nutzer@beispiel.de,ChIJTw84GmBHp0cRiu_fp8r_Zlc
Germany,A1 ZAUNDISCOUNT - Der Stahlgitter-Zaunprofi,"Röhrsdorfer Allee 13, 09247 Chemnitz, Germany",Chemnitz,,https://www.a1-zaundiscount.de/,nutzer@beispiel.de,ChIJ0fsltZFHp0cRKwUZGYboW68
Germany,Zaunbau Chemnitz,"Chemnitzer Str. 36a, 09247 Chemnitz, Germany",Chemnitz,,https://www.zaunbau-chemnitz.de/,,ChIJLaJNd8lktIYRhA_pkPBI4dM
Germany,Draht-Werner Zaun GmbH,"Braunstraße 5, 24145 Kiel, Germany",Kiel,,https://draht-werner-zaun.de/,zaun@draht-werner.de,ChIJEYAN0xhXskcRvXAU5MQtLyI
Germany,Bau-Zaun-Dienst GmbH,"Grödeweg 12, 24107 Kiel, Germany",Kiel,,,,ChIJ5cEzYbP4skcR-qtlJdkPVoo
Germany,BauzaunProfi NRW,"Saalestraße 1, 47800 Krefeld, Germany",Krefeld,,https://www.my-bauzaunprofi.de/,,ChIJs_S2ks67uEcR7vKASoE4FVg
Germany,Zäune Effertz. Zaunfachmann Krefeld - Kempen - Viersen. Zaunbau aus Leidenschaft.,"Am Strathhof 34, 47839 Krefeld, Germany",Krefeld,,https://effertz-zaun.de/,,ChIJOaAILq-luEcRpBKGX8i1f6s
Germany,Freunde M&M Zaunbau-Zaunhandel,"Martinstraße 57, 47805 Krefeld, Germany",Krefeld,,https://zaunbau-handwerkservice.com/,marekhart@interia.eu,ChIJs3eD2KOvuEcRFB-QRkBmuxw
Germany,rundumzaun,"Neustraße 2, 47809 Krefeld, Germany",Krefeld,,http://www.rundumzaun.de/,info@rundumzaun.de,ChIJHUCG8r26uEcRF_AppoE5fr8
Germany,ZAUNFACHMANN - Die Expertengemeinschaft der deutschen Zaunbauer.,"Am Strathhof 34, 47839 Krefeld, Germany",Krefeld,,http://www.zaunfachmann.com/,,ChIJUxkJaEukuEcRH_IzW1K-IC0
Germany,Www.zaunbau-handwerkservice.com,"Martinstraße 57, 47805 Krefeld, Germany",Krefeld,,http://www.zaunbau-handwerkservice.com/,marekhart@interia.eu,ChIJ_-cB6OKvuEcR1Or0ciatM2w
Germany,Zäune Klaaßen GmbH,"Donkweg 48, 47877 Willich, Germany",Krefeld,,http://www.zaeune-klaassen.de/,info@zaeuneklaassen.de,ChIJaUfIvYmuuEcRgrBLWqS0H-c
Germany,Zaunteam Halle,"Berliner Str. 68, 06116 Halle (Saale), Germany",Halle,,https://www.zaunteam.de/de/partner/31-zaunteam-halle,halle@zaunteam.de,ChIJjWdTtIRkpkcR9mPsc5w_Q1c
Germany,BETONZAUN-FABRIK,"Beimsstraße 89a, 39110 Magdeburg, Germany",Magdeburg,,http://www.betonzaun-fabrik.de/,info@betonzaun-fabrik.de,ChIJhR2P__pgr0cRx4WHlG6czOU
Germany,Wascher Zaunbau,"Ackerstraße 2, 39112 Magdeburg, Germany",Magdeburg,,https://wascher-ok.de/,wascher-magdeburg@t-online.de,ChIJdZNP9ez1pUcRu9UavlSBoFM
Germany,M.K.D - Zäune und mehr,"Langer Weg 3, 39112 Magdeburg, Germany",Magdeburg,,,,ChIJu4Ak6jP1pUcRt61jfC_5jGY
Germany,ZAUNZAR Mitteldeutschland,"Alt Prester 84, 39114 Magdeburg, Germany",Magdeburg,,http://www.zaunzar.de/,info@zaunzar.de,ChIJwybwRz_2pUcR1DV9SvdS5cU
Germany,Firma Marcel Riediger Tore und Zäune aus Polen,"Klein Germerslebener Str. 2, 39164 Wanzleben-Börde, Germany",Magdeburg,,http://www.riediger-zaunsysteme.de/,info@riediger-zaunsysteme.de,ChIJSzSP9o2NpUcRoXI2qnjURMw
Germany,Bördezaun,"An d. Hospitalstraße 12, 39240 Calbe (Saale), Germany",Magdeburg,,http://www.boerdezaun.de/,,ChIJuRSSXl7kpUcRQI7PdTbHd9Y
Germany,Zaunteam Magdeburg-Harz,"Braunschweiger Str. 36-37, 38820 Halberstadt, Germany",Magdeburg,,https://www.zaunteam.de/de/partner/118-zaunteam-magdeburg-harz,magdeburg-harz@zaunteam.de,ChIJC0t-Le6epUcR9F4usZIm2Gw
Germany,die zaunfabrik,"Mühlengäßle 5, 79312 Emmendingen, Germany",Freiburg,,https://www.zaunfabrik.com/,privacy@defiant.com,ChIJlc_46JcYkUcRZBuEbEMGL6U
Germany,"Draht Tröhler GmbH, Zaunfachmann 79111 Freiburg im Breisgau","Bötzinger Str. 1, 79111 Freiburg im Breisgau, Germany",Freiburg,,https://draht-troehler.de/,info@draht-troehler.de,ChIJOdi4CN4akUcRNNjtyKVWMcs
Germany,Schwabentorgarage,"Leo-Wohleb-Straße 4A, 79098 Freiburg im Breisgau, Germany",Freiburg,,http://www.freiburger-stadtbau.de/,info@fsb-fr.de,ChIJk5JJ5JcckUcRYFUZPRncDrQ
Germany,Lübecker Zaunmanufaktur,"Masselbett 14, 23569 Lübeck, Germany",Lübeck,,http://www.hl-zaun.de/,info@luebecker-zaunmanufaktur.de,ChIJDUOWmn_1rUcR-QflXmidLE8
Germany,Zaunglobus GmbH,"Am Graben 1, 23923 Lüdersdorf, Germany",Lübeck,,http://www.zaunglobus.de/,info@zaunglobus.de,ChIJoSH1KYMNskcRwvlFk6JrppY
Germany,sackkarre-mieten.de Lübeck Hüxtertor,"Geniner Str. 2, 23560 Lübeck, Germany",Lübeck,,https://sackkarre-mieten.de/stationen/luebeck/,info@sackkarre-mieten.de,ChIJf27e-x8JskcRmrF4tmQ6INo
Germany,Dienstleistungsservice Thissen - Zaunbau - Gartenbau,"Centroallee 263B, 46047 Oberhausen, Germany",Oberhausen,,http://www.thissen-zaunbau.de/,info@zaunbau-thissen.de,ChIJfSZvH8TquEcRewrlZBOdMDU
Germany,Zaunbau NORD WEST Rostock,"Willi-Bredel-Straße 19, 18106 Rostock, Germany",Rostock,,http://www.zaunbau-nord-west-rostock.de/,info@zaunbau-nord-west-rostock.de,ChIJ2cs4jlRXrEcRijrqmE7qszQ
Germany,MZS Metall-Zaun-Stahlbau GmbH & Co. KG,"Reuterstraße 6, 18211 Admannshagen-Bargeshagen, Germany",Rostock,,https://www.mzs-24.de/,info@mzs-zaunbau.de,ChIJ4XLXwhNUrEcR_G5MMsdCCAw
Germany,SUR Sicherheitsbauelemente GmbH,"Wendenstraße 1, 18184 Broderstorf, Germany",Rostock,,https://poller-zutrittskontrolle.de/,,ChIJ_V8K8HhZrEcR21na7tgEmss
Germany,Atlas Rostock GmbH,"Rostocker Landstraße 4, 18184 Broderstorf, Germany",Rostock,,http://www.atlas-rostock.de/,,ChIJk3CNiJg9YkERLgJqGhmadUE
Germany,Zaunteam Rhein-Mainz,"Schulstraße 71, 65468 Trebur, Germany",Mainz,,https://www.zaunteam.de/de/partner/95-zaunteam-rhein-mainz,name@email.de,ChIJwWDmb66cvUcRgCfG4p1rHeM
Germany,Zäune aus Polen,"Bouguenais-Allee 5, 65462 Ginsheim-Gustavsburg, Germany",Mainz,,http://www.zaunauspolen24.de/,info@zaunauspolen24.de,ChIJUSfofI2ZvUcRjIHCNAOnEJM
Germany,Zaunschmiede Kassel GmbH,"Rastebergweg 12, 34123 Kassel, Germany",Kassel,,https://www.zaunschmiede-kassel.de/kontakt,Info@zaunschmiede-kassel.de,ChIJq6q2JWM4u0cRZMc0bUPRbFs
Germany,Zaunschmiede Kassel GmbH,"Niesteblick 4, 34266 Niestetal, Germany",Kassel,,http://www.zaunschmiede-kassel.de/,Info@zaunschmiede-kassel.de,ChIJVUggapA5u0cRk71lRhSLH7I
Germany,Zaun und Tor Gorecki,"Berliner Str. 26-36, 58135 Hagen, Germany",Hagen,,http://www.zaun-gorecki.de/,info@zaun-gorecki.de,ChIJW0MUEkDfuEcRDwQMR4K0YuY
Germany,Sven Krämer gardenKeeper GmbH,"Großblittersdorfer Str. 329, 66130 Saarbrücken, Germany",Saarbrücken,,https://gardenkeeper.de/,info@gardenkeeper.de,ChIJXWqAswC1lUcRTFabzZZocHg
Germany,Betonzaunsysteme Andreas Müller,"Verwaltung Heinestr.2 Saarbrückerstr.-Ecke Ostring Musterfläche-Verkauf, 66740 Saarlouis, Germany",Saarbrücken,,https://betonzaunsysteme.de/,info@betonzaunsysteme.de,ChIJ9WkWr5uolUcRTcm2-H6pbLo
Germany,Fritec Zaun & Torsysteme GbR,"Fels-Loh-Straße 12, 59077 Hamm, Germany",Hamm,,http://www.fritecsysteme.de/,info@fritecsysteme.de,ChIJ53oIpQJzuUcRdwJeYTy-qXw
Germany,Gadiel | Tor- und Zaunanlagen,"Herbert-Rust-Weg 16, 59071 Hamm, Germany",Hamm,,https://www.gadiel-zaunanlagen.de/,,ChIJq6qqqjp3uUcR8YCRPlv9Ybs
Germany,Kramer Tor- und Zaunanlagen GmbH & Co. KG,"Hüserstraße 25, 59075 Hamm, Germany",Hamm,,http://www.kramerzaun.de/,info@kramerzaun.de,ChIJXdkwtIR0uUcR_CJ5thjKlOE
Germany,J.A. Zaun und Tormontage,"Ahornallee 27, 59063 Hamm, Germany",Hamm,,https://www.facebook.com/JA-Zaun-und-Tormontage-Hamm-112588211248208/,,ChIJL7auxy51uUcR0hkyvLvx-E4
Germany,Motorbike rental Hamm,"Auf dem Knuf 3, 59073 Hamm, Germany",Hamm,,https://motorrad-verleih-hamm.de/,info@motorrad-verleih-hamm.de,ChIJnYqbMcF2uUcRQX7yWN8LzAk
Germany,MJ Zaunsysteme GmbH,"Frigenstraße 11, 67065 Ludwigshafen am Rhein, Germany",Ludwigshafen,,http://www.zaunsysteme-lu.de/,info@zaunsysteme-lu.de,ChIJ3Y28tAafDEERCXJzsAHcAZw
Germany,MOMZAUN,"Friedrich-Naumann-Straße 21b, 67071 Ludwigshafen am Rhein, Germany",Ludwigshafen,,https://www.momzaun.de/,mariusolimpiumealha@gmail.com,ChIJHe_awakzlkcRe2mUPUFhRYs
Germany,ATM Zaunmontage UG,"Christine-Teusch-Anlage 30, 67067 Ludwigshafen am Rhein, Germany",Ludwigshafen,,https://atm-zaunmontage.de/,info@atm-zaunmontage.de,ChIJW-Q9jXPLl0cR0Zi-5xkAP_c
Germany,Ammerländer Zaunbau GmbH,"Feldlinie 17, 26160 Bad Zwischenahn, Germany",Oldenburg,,https://www.ammerlaender-zaunbau.de/,info@ammerlaender-zaunbau.de,ChIJHXAieG7htkcRdy7Q4FyhEEs
Germany,Zaunteam Osnabrücker Land,"Hager Feld 19, 49191 Belm, Germany",Osnabrück,,https://www.zaunteam.de/de/partner/149-zaunteam-osnabrucker-land,name@email.de,ChIJu1hrybj9uUcRI1XYl5kyLso
Germany,"Ralf Moor, Zaun Tor & more","Glockenstraße 6, 49143 Bissendorf, Germany",Osnabrück,,http://www.zaunmoor.de/,,ChIJmdHr4pH6uUcRSQazIrLUrxo
Germany,Zaunkontor,"Holsten-Mündruper-Straße 18, 49086 Osnabrück, Germany",Osnabrück,,https://www.zaunkontor.eu/,info@zaunkontor.eu,ChIJoRQ7eDPvuUcRYmS4tc2PE1g
Germany,AC Zaunanlagen GmbH,"Hagebaustraße 6, 49492 Westerkappeln, Germany",Osnabrück,,https://ac-zaunanlagen.de/,info@ac-zaunanlagen.de,ChIJ9SUUX6nCuUcRtQ7ZsbU6CE8
Germany,M+F Zaunsysteme GmbH,"Wernher-von-Braun-Straße 19, 49134 Wallenhorst, Germany",Osnabrück,,http://www.mf-zaunsysteme.de/,info@mf-zaunsysteme.de,ChIJz8QVLDrhuUcRNnK_pRRI92I
Germany,AZ Zaunbau,"Mühlenesch 5, 49525 Lengerich, Germany",Osnabrück,,http://www.az-zaunbau.de/,dd0a55ccb8124b9c9d938e3acf41f8aa@sentry.wixpress.com,ChIJf2J6pz9PqAIRBhfA4MlCUiU
Germany,ZAUN- und STEINHAFEN GmbH,"Bürgerbuschweg 1 &, Schlangenhecke 2, 51381 Leverkusen, Germany",Leverkusen,,http://www.steinhafen.com/,info@steinhafen.com,ChIJtxkwIakuv0cR62eMLcTOKSs
Germany,MM-Zauntore GmbH & Beschichtung,"Langenfelder Str. 142, 51371 Leverkusen, Germany",Leverkusen,,https://www.mm-zauntore.de/,info@mm-zauntore.de,ChIJ3_MQ8Wctv0cRnYMBp5kmqwo
Germany,Metallbau Zaun,"Untenmankhaus 28, 42699 Solingen, Germany",Solingen,,http://www.metallbau-zaun.de/,info@metallbau-zaun.de,ChIJzRGTRBbTuEcRQgJ_pmAuTAE
Germany,A&Y Zauntechnik GmbH,"Wuppertaler Str. 111, 42653 Solingen, Germany",Solingen,,http://www.ay-zauntechnik.com/,info@ay-zauntechnik.com,ChIJBy_niGXTuEcRGv-27g0kRTY
Germany,Zaunteam Bobach,"Löhdorfer Str. 156-176, 42699 Solingen, Germany",Solingen,,https://www.zaunteam.de/,name@email.ch,ChIJJfEPz3otv0cRZwEd8h3j5pQ
Germany,blitzzaun,"Am Großmarkt 22, 44653 Herne, Germany",Herne,,http://www.blitzzaun.de/Kontakt/,info@blitzzaun.de,ChIJ_V6y-GfhuEcREgs4BzAIru8
Germany,Zaunbau-Knoop,"Dorastraße 16, 44625 Herne, Germany",Herne,,http://www.zaunbau-knoop.de/,info@zaunbau-knoop.de,ChIJUZQzLuHhuEcRgzOIwlyWRZM
Germany,BE FENCED GmbH,"Heerstraße 74, 44653 Herne, Germany",Herne,,https://befenced.de/,info@befenced.de,ChIJFy7wRl7huEcReEG8GFI5fx4
Germany,Zaunteam Neuss,"Norfer Weg 60, 41468 Neuss, Germany",Neuss,,,,ChIJadimQ9DKuEcRVQrf2884_E0
Germany,Zaunteam Regensburg,"Tegelbreite 3, 93170 Bernhardswald, Germany",Regensburg,,https://www.zaunteam.de/de/partner/85-zaunteam-regensburg,regensburg@zaunteam.de,ChIJJxU1cRHqn0cRjH2RjLupyd4
Germany,Zaunbau Glier,"Dahlienweg 2, 93197 Zeitlarn, Germany",Regensburg,,https://zaunbauglier.de/,info@zaunbauglier.de,ChIJP9zTZ-brn0cRoowARBcYuYo
Germany,Bläser Zaunsysteme GmbH,"Hofer Str. 12, 93057 Regensburg, Germany",Regensburg,,http://blaeser.com/,NLNO@blaeser.com,ChIJxRWXEw7qn0cRbFsR-MCm0s0
Germany,Zaunfuchs GmbH,"Detmolder Str. 93, 33100 Paderborn, Germany",Paderborn,,http://www.zaunfuchs.de/,info@zaunfuchs.de,ChIJAQC8RZlMukcRziwWf33VGIU
Germany,BMS Zaun- und Torsysteme Paderborn,"Rosmarinstraße 52, 33106 Paderborn, Germany",Paderborn,,,,ChIJa3WN43FKukcRQMsZqg-gfdY
Germany,Zaunteam Paderborn,"Lange Str. 26, 34439 Willebadessen, Germany",Paderborn,,https://www.zaunteam.de/de/partner/44-zaunteam-paderborn,name@email.de,ChIJ3Xr0ZyKxu0cRCj7DalnCYfk
Germany,Zaun-Kreisel GmbH,"Zum Strothebach 22, 33175 Bad Lippspringe, Germany",Paderborn,,http://www.zaun-kreisel.de/,,ChIJh5E7i5VLukcR3oH-Nm3UyBA
Germany,Zaunbär,"Zum Strothebach 22, 33175 Bad Lippspringe, Germany",Paderborn,,https://zaunbaer.de/,hallo@zaunbaer.de,ChIJjX7f8HZPukcRSbH4ETY8Wfo
Germany,Gartenzaun24,"Oberer Westring 32, 33142 Büren, Germany",Paderborn,,https://www.gartenzaun24.de/,vertrieb@gartenzaun24.de,ChIJq6rqzoNOukcRKIIWB9pfU1s
Germany,Roman Kirchner - EHL Zaun Handel,"Käthe-Kruse-Straße 12a, 85055 Ingolstadt, Germany",Ingolstadt,,http://www.ehl-zaun-handel.de/,,ChIJLek8B0lTnkcRgyQquTzWPjg
Germany,MultiZaun Zaun Handel,"Zieglerweg 9, 85098 Großmehring, Germany",Ingolstadt,,http://multizaun.eu/,info@multizaun.eu,ChIJM5VL-rj_nkcRODqp6uejcV0
Germany,Zaun Spindler,"Lammertstraße 15-19, 63075 Offenbach am Main, Germany",Offenbach,,,,ChIJrVJ4j8YlvUcRcO-UJeH5qMk
Germany,ASTOR GmbH Projektgesellschaft,"Jahnstraße 11, 90587 Veitsbronn, Germany",Fürth,,https://astor-pro.de/,info@astor-pro.de,ChIJE5EuSi2rmEcRzYAeCf9GUa8
Germany,Würzburger Zaunbau GmbH,"Randersackerer Weg 44, 97084 Würzburg, Germany",Würzburg,,https://wuerzburger-zaunbau.de/,info@wuerzburger-zaunbau.de,ChIJ8ToNb32FokcRLo7LtPISaTI
Germany,"Königl GmbH&Co.KG, Felssicherung und Zaunbau","Gewerbegebiet Unterer Kirchbergweg, Winterhäuser Str. 104, 97084 Würzburg, Germany",Würzburg,,https://www.koenigl.de/,firma@koenigl.de,ChIJQbHZkIuPokcRa-n-zeJ43Rk
Germany,Zaunteam Würzburg,"Paradeisstraße 6A, 97262 Hausen bei Würzburg, Germany",Würzburg,,https://www.zaunteam.de/de/partner/174-zaunteam-wuerzburg,name@email.de,ChIJp5EpB-_zokcRRfDw0IPwdsI
Germany,MSW Montage GmbH Zaun- und Toranlagen,"Am Spitzenrod 3, 97836 Bischbrunn, Germany",Würzburg,,http://www.mswmontage.de/,info@dp-wired.de,ChIJ_6p8N6exokcR526vz1uHFuY
Germany,Zaunteam Ulm,"Holderring 3, 89173 Lonsee, Germany",Ulm,,https://www.zaunteam.de/de/partner/63-zaunteam-ulm,name@email.de,ChIJyXXy6OVxmUcR2l7TnALmQ6k
Germany,Zaungrün,"Mühlstraße 41, 74080 Heilbronn, Germany",Heilbronn,,http://www.zaungruen.de/,info@zaungruen.de,ChIJxX3hUgMmmEcRsQiLh2ZeuDY
Germany,NEWLINE FENCES | XCEL ZÄUNE,"Johann-Strauß-Straße 48, 74078 Heilbronn, Germany",Heilbronn,,https://www.newline-fences.com/,t.pippes@newline-fences.com,ChIJT9zqRp8nmEcR-KslzJu9KK0
Germany,Zaunteam Pforzheim,"Am Sägewerk 6, 75242 Neuhausen, Germany",Pforzheim,,https://www.zaunteam.de/de/partner/58-zaunteam-pforzheim,name@email.de,ChIJvc0imFFvl0cR34alxIbCUbk
Germany,Zaunbau - Neumann,"In den Heuwiesen 83, 45665 Recklinghausen, Germany",Recklinghausen,,https://www.zaunbau-neumann.de/kontakt,Manuel.Neumann@Zaunbau-Neumann.de,ChIJAQBMHh7juEcRIkxmcKGDKSk
Germany,EHA Zaunbau,"Leanderstraße 23, 54295 Trier, Germany",Trier,,https://www.eha-zaunbau.de/,info@eha-zaunbau.de,ChIJrQv1j_xZnCkRg7hzMbm0Atw
Germany,Gottschalk Zaunanlagen GmbH,"Güterstraße 43, 54295 Trier, Germany",Trier,,http://www.gottschalk-trier.de/,gottschalk-trier@t-online.de,ChIJ4dVCLYZ8lUcR-Ue6yqGl39g
Germany,AB Zaunbau,"Niedermenniger Str. 67, 54329 Konz, Germany",Trier,,,,ChIJS5DTNjdllUcR-96SbrFg1w8
Germany,Zaun Sauter Gartenelemente GmbH,"Am Heilbrunnen 53, 72766 Reutlingen, Germany",Reutlingen,,,,ChIJYQi_zA3ymUcRwweY04wTuzQ
Germany,Anhänger mieten in Reutlingen,"Storlachstraße 20, 72766 Reutlingen, Germany",Reutlingen,,http://www.anhaenger-mieten-reutlingen.de/,,ChIJK2AfxyHzmUcRXeTEtnHDYQo
Germany,Julex Zäune,"Seeborg 9, 27572 Bremerhaven, Germany",Bremerhaven,,,,ChIJwaTTg9K3tkcRwJMy8v0Wm1M
Germany,Huth Metall + Zaunbau GmbH,"Am Lunedeich 161, 27572 Bremerhaven, Germany",Bremerhaven,,https://www.huth.team/,,ChIJU30seby2tkcR5xjK0yweLdY
Germany,Kiesel Mitte GmbH Koblenz,"Zaunheimer Str. 11, 56072 Koblenz, Germany",Koblenz,,https://www.kiesel.net/Koblenz?utm_source=organic&utm_medium=gup,,ChIJpW15UnZkvkcRJ6fTSgqWmWc
Germany,Zaunteam Koblenz,"Auf dem Meer 6, 56333 Winningen, Germany",Koblenz,,https://www.zaunteam.de/de/partner/186-zaunteam-koblenz,koblenz@zaunteam.de,ChIJbaoYJbVlvkcRQBI94v4oMzQ
Germany,Zaunbau Zimmer,"Züchnerstraße 11, 56070 Koblenz, Germany",Koblenz,,http://www.zaunbauzimmer.de/,info@zaunbauzimmer.de,ChIJ0S_3XHxivkcR0qj58Aln_Gc
Germany,"GLZ-Bau Bodo Gundermann - Zaunbau, Torbau, Zäune, Toranlagen","Geunitz 19, 07768 Reinstädt, Germany",Jena,,http://www.glz-bau.de/,bodo.gundermann@glz-bau.de,ChIJP3vKGZqqpkcRytlBNsTN1PY
Germany,MOE Tor- und Zaunsysteme GmbH,"Clemenshammer 34, 42855 Remscheid, Germany",Remscheid,,http://www.moe-zaun.de/,stader@moe-zaun.de,ChIJD89BVhsquUcRj5Xrqa16KW8
Germany,"Hammer-Bau Remscheid Pflasterarbeiten,Abbruch, Kellerisolierung, Zaunbau Remscheid","Kölner Str. 92 C, 42897 Remscheid, Germany",Remscheid,,http://hammer-rs.de/,,ChIJ1xkWPY0ruUcREJDRrhc2QCM
Germany,zaun-feld.de GmbH,"Ausstellung, Wetterkreuz 26, Wetterkreuz 31, 91058 Erlangen, Germany",Erlangen,,http://www.zaun-feld.de/,,ChIJVe3Kc43-oUcRp5hiDj7hoOU
Germany,BURG Mietlager Selfstorage,"Felix-Klein-Straße 77, 91058 Erlangen, Germany",Erlangen,,https://www.burg-mietlager.de/,,ChIJx27YPSr_oUcRBHWXgxluUmQ
Germany,Zäune Färber,"Uhlandstraße 26, 47445 Moers, Germany",Moers,,https://faerber-zaun.de/,faerberzaun@gmail.com,ChIJPbAqTXu9uEcRIFzWUuhaEX8
Germany,Gabionen-Center-Niederrhein,"Bullermannshof 15, 47441 Moers, Germany",Moers,,https://www.gabionen-center-niederrhein.de/,info@gcnmoers.de,ChIJ-660r-o0cEERo9rDQFBSxa8
Germany,Bönings Zaunmontage,"Hermann-Vennemann-Straße 5, 47445 Moers, Germany",Moers,,https://www.zaunmontage-boenings.com/kontakt/,,ChIJu4y148G9uEcRtUrby_Trbw0
Germany,Zaunmontage Bönings,"Brahmsstraße 2, 47447 Moers, Germany",Moers,,https://www.zaunmontage-boenings.com/kontakt/,zaunmontage-boenings@web.de,ChIJncZlKZO9uEcR6vmEYFp3O8w
Germany,Herling Tortechnik und Zaunbau GmbH,"Einheitsstraße 19, 57076 Siegen, Germany",Siegen,,http://www.herling-siegen.de/,,ChIJJ0NLxU0DvEcRUMDu_hG6RWU
Germany,Zaun & Garten Galerie,"Am Telering 1, 03051 Cottbus, Germany",Cottbus,,http://www.zaun-brendel.de/,zaun-brendel@t-online.de,ChIJ2R-XlXFxCEcRXJpK8hzS4OQ
Germany,ZPC Zaunpark Cottbus UG (haftungsbeschränkt),"Madlower Hauptstraße 86, 03050 Cottbus, Germany",Cottbus,,,,ChIJbfGihCxzCEcRzWM2loWOaso
Germany,"Hammerman-Tech » Ihr Zaun aus Polen - Zaunbau, Metallzäune & mehr","Kresowa 284, 66-620 Gubin, Poland",Cottbus,,https://www.hammerman-tech.de/,info@hammerman-tech.de,ChIJG05AJQHSB0cReDwc781oidY
Germany,Kögler Zaunsysteme GmbH,"Salzstraße 5, 07551 Gera, Germany",Gera,,http://www.zaunbaumarkt.de/,info@zaunbaumarkt.de,ChIJm50dXarPpkcRu6mmzBkEHg0
Germany,ZAUNQ GmbH,"Ronneburger Straße 30 H, Lager : Trebnitz, 66 A , 07554, 07546 Gera, Germany",Gera,,http://www.zaunq.de/,,ChIJKeL4FYTPpkcRX5TX33_2zc4
Germany,ZAUNQ GmbH Lagerstandort,"K12, 07554 Gera, Germany",Gera,,http://www.zaunq.de/,info@ZAUNQ.de,ChIJkwJkcwDFpkcRuFunScWgjLY
Germany,"Zaun-GT, Bluschke und Reiner GbR","Hütemersch 9, 33442 Herzebrock-Clarholz, Germany",Gütersloh,,http://zaun-gt.de/,Info@zaun-gt.de,ChIJ7xiODlsvukcRWOpH7dc58iM
Germany,RR Zaundesign,"Geierweg 7, 33335 Gütersloh, Germany",Gütersloh,,http://www.rrzaundesign.de/,rrzaundesign@gmail.com,ChIJf2UvI64lukcRoLs7GLpy3ro
Germany,Westfalen-Zaun,"Heidbrinkstraße 82, 33378 Rheda-Wiedenbrück, Germany",Gütersloh,,http://www.westfalen-zaun.de/,605a7baede844d278b89dc95ae0a9123@sentry-next.wixpress.com,ChIJKw_vmkApukcRhFZS1I_L38I
Germany,Zaunteam Gütersloh,"Im Heidkamp 25, 33334 Gütersloh, Germany",Gütersloh,,https://www.zaunteam.de/de,name@email.de,ChIJESuMh1AvukcRgVvJ-SlYjZo
Germany,Ferrara Zaun Design,"Ingridstraße 40, 33335 Gütersloh, Germany",Gütersloh,,http://ferrarazaundesign.de/,info@ferrarazaundesign.de,ChIJw5l8EG4lukcRbeA3jPuQ9Vg
Germany,Zaun- und Tortechnik HAG,"Vormholzer Str. 48, 58456 Witten, Germany",Witten,,https://www.zauntechnik-hag.de/,info@zauntechnik-hag.de,ChIJ1TOTX3khuUcRDpQ2LgTkgi4
Germany,AGM Zaun- und Sicherungstechnik,"Gennaer Str. 66, 58642 Iserlohn, Germany",Iserlohn,,http://www.agm-zauntechnik.de/,info@schuette-is.com,ChIJ1-oPjG8_uUcRiJOeuDcMChI
Germany,Zaunfabrik-MV - Müller Metallbau Schwerin,"Grevesmühlener Str. 30, 19057 Schwerin, Germany",Schwerin,,https://www.zaunfabrik-mv.de/,info@zaunfabrik-mv.de,ChIJa1ex-LfbrUcRAdAmQGL0-Gg
Germany,Torsten Beth GmbH,"Rudolf-Diesel-Straße 18, 19061 Schwerin, Germany",Schwerin,,http://www.torsten-beth.de/,info@bethgmbh.de,ChIJS5iO_QTarUcR7khuwSGI9iQ
Germany,KAWO Metall- & Zaunbau Christian Kalks,"Carl-von-Linde-Straße 2, 19061 Schwerin, Germany",Schwerin,,http://www.kawo-zaunbau.de/,,ChIJga0b76DZrUcRacvrINdIFjY
Germany,Schiewe Zaun- und Toranlagen,"In d. Mühlenau 115, 52355 Düren, Germany",Düren,,http://www.zaunschiewe.de/,zaunschiewe@web.de,ChIJk25xoPZov0cROMWGvbXFrZk
Germany,PK Zaunanlagen und Tortechnik,"Im Großen Tal 5, 52353 Düren, Germany",Düren,,http://www.pkzaun.de/,info@pkzaun.de,ChIJh5pWG6hCv0cRiIr6MIIOw1c
Germany,Dürener Zaunelemente,"Nickepütz 30, 52349 Düren, Germany",Düren,,,,ChIJ4ckiyKNdv0cRH74bJ6GxaNY
Germany,SER Mobilzaun AG,"Hostbachstrasse 3, 8450 Andelfingen, Switzerland",Esslingen,,https://sermobilzaun.ch/,info@sermobilzaun.ch,ChIJL8RXf73omkcRcBYb0UGGZ9U
Germany,Regulatory Authority Esslingen,"Beblingerstraße 1-3, 73728 Esslingen am Neckar, Germany",Esslingen,,http://www.esslingen.de/,stadt.esslingen@esslingen.de,ChIJow4wFDTBmUcRax3pcN3R-NU
Germany,Yilmaz Zaun,"Am Roten Kreuz 115 Holterkamp 20 Lager, 40880 Ratingen, Germany",Ratingen,,http://www.yilmazzaun.de/,info@yilmazzaun.de,ChIJP5RnaGvJuEcRbFsLdjghQ_w
Germany,RheinRuhrZaun.de,"Lintorfer Weg 3, 40885 Ratingen, Germany",Ratingen,,http://www.rheinruhrzaun.de/,info@rheinruhrzaun.de,ChIJWe3tNSPHuEcRiPW5AcQE3rw
Germany,Rüschkamp Minibagger Vermietung Lünen,"Viktoriastraße 73, 44532 Lünen, Germany",Lünen,,https://www.minibagger-luenen.de/,,ChIJdap0HzYRuUcRksTXrvOQGoQ
Germany,BIKU-Zaunsysteme,"Sperlingsweg 34, 44534 Lünen, Germany",Lünen,,https://www.biku-zaunsysteme.de/,info@biku-zaunsysteme.de,ChIJz18xaYMPuUcR4zQrc8ZnOpU
Germany,Si-Tech Zaun & Terrassenbau,"Paul-Klee-Ring 8A, 63505 Langenselbold, Germany",Hanau,,http://www.sitech-hanau.de/,info@sitech-hanau.de,ChIJryFx0lcWvUcRgtCiWXX6nuI
Germany,Zaun-Centrum,"Am Kreuzstein 82-84, 63477 Maintal, Germany",Hanau,,https://www.zaun-centrum.de/,kontakt@zaun-centrum.de,ChIJixiswEgSc0ER32QXcTP_2mE
Germany,Zaunbau Bergo GmbH,"Nordring 17, 63762 Großostheim, Germany",Hanau,,https://zaunbau-bergo.de/,info@zaunbau-bergo.de,ChIJTZHpoXtBvUcRE1iLAMCfXrw
Germany,ZK garden design gardening fence construction,"Nahestraße 16, 45219 Essen, Germany",Velbert,,http://www.zk-gartenbau.de/,info@zk-gartenbau.de,ChIJGdD-m1bEuEcRkcqNhwTucbI
Germany,BSG Bauzaun- und Palettenservice GmbH,"Am Oxer 43, 24955 Harrislee, Germany",Flensburg,,http://www.nord-palette.de/,,ChIJtzRkdWtds0cR5cKPHE2OWDE
Germany,HKL Baumaschinen GmbH,"Doktor-Behm-Ring 2, 24941 Flensburg, Germany",Flensburg,,https://www.hkl-baumaschinen.de/,,ChIJfRfuzzxvs0cRJq_qlhJMo4U
Germany,ZTM Zaun Tor & Metallbau GmbH,"Gewerbepark 5, 24983 Handewitt, Germany",Flensburg,,http://www.ztm-zaun-tor.de/,info@ztm-zaun-tor.de,ChIJC-Adh4dds0cR_hV8wMqJt_Q
Germany,Metallbau Zäune und Tore Sterrenberg GmbH,"Pattburger Bogen 23, 24955 Harrislee, Germany",Flensburg,,http://www.sterrenberg.de/,info@sterrenberg.de,ChIJ93fkiBVds0cRHRLydGMgC8M
Lithuania,Storent,"Savanorių pr. 180B, Vilnius, 03154 Vilniaus m. sav., Lithuania",Vilnius,,https://www.storent.lt/lt,storent.lt@storent.com,ChIJib5-K0KT3UYRW9Db4LFGLfE
Lithuania,Storent,"Kalno g. 4A, Pagiriai, 14118 Vilniaus r. sav., Lithuania",Vilnius,,https://www.storent.lt/,,ChIJ3zIpG3br3UYRMCPWo8MLhbI
Lithuania,"STORENT Klaipeda - Statybinės technikos nuoma, Įrankių nuoma","STORENT, Dubysos g. 31, Klaipėda, 91181 Klaipėdos m. sav., Lithuania",Klaipėda,,https://www.storent.lt/,,ChIJYbZaLhXc5EYRjLV6fcNf4dU
Lithuania,"Valstybine teritoriju planavimo ir statybos inspekcija prie AM, Klaipedos teritorinis skyrius","Danės g. 17, Klaipėda, 92117 Klaipėdos m. sav., Lithuania",Klaipėda,,https://vtpsi.lrv.lt/lt/struktura-ir-kontaktai/kontaktai,,ChIJk7-ooPrb5EYRLLr8GQZKTcA
Lithuania,"Valstybine teritoriju planavimo ir statybos inspekcija prie AM, Siauliu teritorinis skyrius","Vilniaus g. 263, Šiauliai, 76337 Šiaulių m. sav., Lithuania",Šiauliai,,https://vtpsi.lrv.lt/lt/struktura-ir-kontaktai/kontaktai,,ChIJ82f46Rnj5UYRQwGfWyk9Z4k
Lithuania,"STORENT Panevėžys - Statybinės technikos nuoma, Įrankių nuoma","Paliūniškio g. 4, Panevėžys, 35114 Panevėžio m. sav., Lithuania",Panevėžys,,http://www.storent.lt/,,ChIJtwUO77ct5kYRy8PbdGCrFXU
Lithuania,"Valstybine teritoriju planavimo ir statybos inspekcija prie AM, Alytaus teritorinis skyrius","Naujoji g. 2, Alytus, 62116 Alytaus m. sav., Lithuania",Alytus,,http://vtpsi.lt/map,,ChIJKdYAZE6x4EYRIMFcpjh3EMQ
Lithuania,VOX Fences exposure,"Sporto g. 9B, Marijampolė, 68108 Marijampolės sav., Lithuania",Marijampolė,,http://www.voxtvoros.lt/,,ChIJK9AIUBQq4UYRQ1TedWKShKw
Lithuania,Mingresta,"Melioratorių g. 1D, Mažeikiai, 89145 Mažeikių r. sav., Lithuania",Mažeikiai,,http://www.mingresta.lt/,,ChIJbwn3NVd-5UYR8sHTGAaCAcg
Lithuania,"Valstybine teritoriju planavimo ir statybos inspekcija prie AM, vyr. specialistas Mazeikiuose","Laisvės g. 39, Mažeikiai, 89227 Mažeikių r. sav., Lithuania",Mažeikiai,,,,ChIJQY8MM0B-5UYRHLVe14Cj5NU
Lithuania,"Valstybine teritoriju planavimo ir statybos inspekcija prie AM, vyr. specialistas Jonavoje","Žeimių g. 13, Jonava, 55158 Jonavos r. sav., Lithuania",Jonava,,,,ChIJqeg_huIO50YR_Wx6j9MCXQo
Lithuania,Storoma,"Mažeikių g. 17C, Telšiai, 87101 Telšių r. sav., Lithuania",Telšiai,,http://storoma.lt/,storoma@storoma.lt,ChIJRQSsO4Rj70YRUhdfdZOEhxo
Lithuania,"Valstybine teritoriju planavimo ir statybos inspekcija prie AM, Telsiu teritorinis skyrius","Respublikos g. 47, Telšiai, 87130 Telšių r. sav., Lithuania",Telšiai,,,,ChIJgfB9KSug5UYRo2OPCR6dcY4
Lithuania,"Valstybine teritoriju planavimo ir statybos inspekcija prie AM, Taurages teritorinis skyrius","Vasario 16-osios g. 6, Tauragė, 72258 Tauragės r. sav., Lithuania",Tauragė,,,,ChIJCyjN0hI-5EYR2xlv6qp1I_g
Lithuania,UAB Uliksas,"Melioratorių g. 22, Tauragė, 72109 Tauragės r. sav., Lithuania",Tauragė,,http://www.uliksas.lt/?q=kontaktai,,ChIJCyWJLTk-5EYRKIHGlCB4kVU
Lithuania,"Valstybine teritoriju planavimo ir statybos inspekcija prie AM, vyr. specialistas Visagine","Parko g. 14, Visaginas, 31139 Visagino sav., Lithuania",Visaginas,,,,ChIJE9o7WZfJwkYR0dgUGvJeCJQ
Lithuania,"Valstybine teritoriju planavimo ir statybos inspekcija prie AM, vyr. specialistas Plungeje","Telšių g. 3, Plungė, 90162 Plungės r. sav., Lithuania",Plungė,,,,ChIJr7xPbTly5UYRB325QXrNTS0
Lithuania,"Valstybine teritoriju planavimo ir statybos inspekcija prie AM, vyr. specialistas Kretingoje","J. K. Chodkevičiaus g. 10, Kretinga, 97130 Kretingos r. sav., Lithuania",Kretinga,,,,ChIJV7ncACck5UYRUM0kPcmYab4
Lithuania,Vakaru mediena torso,"Medvalakio g. 53, Palanga, 00147 Palangos m. sav., Lithuania",Palanga,,https://rekvizitai.vz.lt/imone/vakaru_mediena_torso/,info@torso.lt,ChIJy9Nvmtcu5UYRYx43mZLk-MA
Lithuania,Radviliskis Machine Factory,"82151, Vytauto g. 3, 82144 Radviliškis, Lithuania",Radviliškis,,http://www.factory.lt/,,ChIJE-J8sNMN5kYRtktOMGrDwNU
Lithuania,"Cramo UAB, įrankių nuoma, Druskininkų padalinys","Gardino g. 83, Druskininkai, 66191 Druskininkų sav., Lithuania",Druskininkai,,https://www.cramo.lt/lt?utm_source=gmb&utm_medium=organic,,ChIJdzfXwFyd4EYRUyqhC9dOSm8
Lithuania,Namstata,"Gardino g. 61, Druskininkai, 66191 Druskininkų sav., Lithuania",Druskininkai,,https://rekvizitai.vz.lt/imone/namstata/,,ChIJefe74X6c4EYRNTTzXaclEqY
Lithuania,Artfence.lt - Fences & Aluminum Gates,"Prusų g. 1, Didžiasalis, 13264 Vilniaus r. sav., Lithuania",Gargždai,,http://www.artfence.lt/,info@artfence.lt,ChIJ5a0G8Dm-3UYR38VF4LueVFk
Lithuania,"Valstybine teritoriju planavimo ir statybos inspekcija prie AM, vyr. specialistas Gargzduose","Klaipėdos g. 2, Gargždai, 96130 Klaipėdos r. sav., Lithuania",Gargždai,,,,ChIJb4d5ZAXh5EYRs9qWV7xtIcM
Lithuania,Statybu aljansas,"Melioratorių g. 10, Gargždai, 96145 Klaipėdos r. sav., Lithuania",Gargždai,,https://rekvizitai.vz.lt/imone/statybu_aljansas/,,ChIJReOi5Bzh5EYR04mpkFrk0QA
Lithuania,"Valstybine teritoriju planavimo ir statybos inspekcija prie AM, vyr. specialistas Rokiskyje","Respublikos g. 94, Rokiškis, 42136 Rokiškio r. sav., Lithuania",Rokiškis,,,,ChIJ9TRLXUwR6EYRR-3m9uSxh70
Lithuania,"Valstybine teritoriju planavimo ir statybos inspekcija prie AM, vyr. specialistas Birzuose","Vytauto g., Biržai, 41143 Biržų r. sav., Lithuania",Biržai,,,,ChIJvbZcdfKM6EYRXqPpydY7CVo
Lithuania,VOX Fences exposure,"Pergalės g. 2, Elektrėnai, 26128 Elektrėnų sav., Lithuania",Elektrėnai,,http://www.voxtvoros.lt/,,ChIJrV5Ta99m50YR5XtQXkLfyQg
Lithuania,"Valstybine teritoriju planavimo ir statybos inspekcija prie AM, vyr. specialistas Jurbarke","Dariaus ir Girėno g. 96, Jurbarkas, 74187 Jurbarko r. sav., Lithuania",Jurbarkas,,,,ChIJSQ5ijn2h5kYR5fF1VP1m3cc
Lithuania,"Valstybine teritoriju planavimo ir statybos inspekcija prie AM, vyr. specialistas Raseiniuose","Maironio g. 38, Raseiniai, 60151 Raseinių r. sav., Lithuania",Raseiniai,,,,ChIJPRYe2vuG5kYRCyRZqHwpQgc
Lithuania,UAB Statoramas,"Vilniaus g. 49k, Joniškis, 84172 Joniškio r. sav., Lithuania",Joniškis,,http://www.statoramas.lt/,,ChIJ42w7872v6EYRiSK-np6rPK8
Lithuania,"Valstybine teritoriju planavimo ir statybos inspekcija prie AM, vyr. specialistas Kelmeje","Vytauto Didžiojo g. 58, Kelmė, 86143 Kelmės r. sav., Lithuania",Kelmė,,,,ChIJOWZqU8PQ5UYRbonM4Tj2IqI
Lithuania,"Valstybine teritoriju planavimo ir statybos inspekcija prie AM, vyr. specialistas Varenoje","Vytauto g. 5, Varėna, 65188 Varėnos r. sav., Lithuania",Varėna,,,,ChIJJcAHMC4F3kYR6Im3qKBxOXs
Lithuania,"Valstybine teritoriju planavimo ir statybos inspekcija prie AM, vyr. specialistas Pasvalyje","Vytauto Didžiojo a. 1, Pasvalys, 39143 Pasvalio r. sav., Lithuania",Pasvalys,,,,ChIJvUwLGbCb6EYRTylzcsUVq3U
Lithuania,VOX Fences exposure,"Technikos g. 4A, Kupiškis, 40134 Kupiškio r. sav., Lithuania",Kupiškis,,http://www.voxtvoros.lt/,,ChIJG4R77rl36EYRtH0-9Fho-44
Lithuania,"Valstybine teritoriju planavimo ir statybos inspekcija prie AM, vyr. specialistas Kupiskyje","Gedimino g. 36, Kupiškis, 40115 Kupiškio r. sav., Lithuania",Kupiškis,,,,ChIJK0sQ7JZ36EYRi5HQ8ntvNXE
Lithuania,"Valstybine teritoriju planavimo ir statybos inspekcija prie AM, vyr. specialistas Zarasuose","Savanorių g. 2, Zarasai, 32109 Zarasų r. sav., Lithuania",Zarasai,,,,ChIJmQoI04u6wkYRcufNajzZFBY
Lithuania,VOX Fences exposure,"Gluosnių g. 4B, Šilutė, 99125 Šilutės r. sav., Lithuania",Šilutė,,http://www.voxtvoros.lt/,,ChIJLU_m8GKL5EYRTBN0kWIq5Rk
Lithuania,Litorina,"Pramonės g. 5, Šilutė, 99116 Šilutės r. sav., Lithuania",Šilutė,,http://litorina.lt/,indre@litorina.lt,ChIJIZxqF6CM5EYR5hT7hRp8IK0
Lithuania,"Valstybine teritoriju planavimo ir statybos inspekcija prie AM, vyr. specialistas Siluteje","Lietuvininkų g. 8, Šilutė, 99185 Šilutės r. sav., Lithuania",Šilutė,,,,ChIJv6juxH-L5EYR6BxcrqJttd8
Lithuania,"""Molsetos prekyba"" Statybinės medžiagos","Melioratorių g. 2B, Molėtai, 33118 Molėtų r. sav., Lithuania",Molėtai,,https://www.facebook.com/share/4nsZDnz5dh4kTSYC/,,ChIJsSgR6U5j3UYRKk2SSBquRtA
Lithuania,"Valstybine teritoriju planavimo ir statybos inspekcija prie AM, vyr. specialistas Moletuose","Vilniaus g. 45, Molėtai, 33102 Molėtų r. sav., Lithuania",Molėtai,,,,ChIJqUyyYNdj3UYRK9tJm8DPGs4
Lithuania,P. Leisio imone,"Melioratorių g. 5-1, Molėtai, 33116 Molėtų r. sav., Lithuania",Molėtai,,https://rekvizitai.vz.lt/imone/p_leisio_ii/,,ChIJP0MLKs9j3UYRtF6INYJsZrY
Lithuania,"Valstybine teritoriju planavimo ir statybos inspekcija prie AM, vyr. specialistas Sirvintose","Vilniaus g. 61, Širvintos, 19120 Širvintų r. sav., Lithuania",Širvintos,,,,ChIJa2QCEbJ450YRvttg6NfYkrQ
Lithuania,"Valstybine teritoriju planavimo ir statybos inspekcija prie AM, vyr. specialistas Svencionyse","Vilniaus g. 19, Švenčionys, 18116 Švenčionių r. sav., Lithuania",Švenčionys,,,,ChIJCexVJq3Y3EYRKlEXvyVyZFE
Latvia,Mobilie Gateri,"Katrīnas dambis, Ziemeļu rajons, Rīga, LV-1045, Latvia",Riga,,,,ChIJba5zeZXP7kYRCVHJxRk-MxU
Latvia,B Bārs Restorāns,"Doma laukums 2, Centra rajons, Rīga, LV-1050, Latvia",Riga,,http://www.bbars.lv/,info@bbars.lv,ChIJXTUCXdfP7kYRjOc9RvFJONc
Latvia,"3 pavāru restorāns ""Tam labam būs augt""","Jacob's Barracks, Torņa iela 4, Centra rajons, Rīga, LV-1050, Latvia",Riga,,http://www.3pavari.lv/,,ChIJKWec69DP7kYRmv9_qgDSh60
Latvia,Promarket - telefonu un datoru remonts Rīgā,"Ģertrūdes iela 77, Latgales priekšpilsēta, Rīga, LV-1011, Latvia",Riga,,https://www.promarket.lv/,,ChIJ_y2YPTfO7kYR1PRgOzDYQsM
Latvia,Promarket - telefonu un datoru remonts Zolitūdē,"Anniņmuižas iela 17, Zemgales priekšpilsēta, Rīga, LV-1029, Latvia",Riga,,https://www.promarket.lv/,info@promarket.lv,ChIJE28kOoXb7kYRUUltb_lmYlk
Latvia,STORENT,"1. Pasažieru iela 4A, Daugavpils, LV-5403, Latvia",Daugavpils,,http://www.storent.lv/,,ChIJg9FdAyaVwkYR6BO6Hw6B6bw
Latvia,"SIA ""MANUFACTORY""","Patversmes iela 4a, Daugavpils, LV-5404, Latvia",Daugavpils,,https://www.manufactory.lv/,,ChIJv3b2LhSVwkYRDrZDmMdAT28
Latvia,Jelgava building inspectors,"Atmodas iela 19, Jelgava, LV-3007, Latvia",Jelgava,,,,ChIJtUEKbTIl70YRq0fztANkPwU
Latvia,"Koka žogi, Metala žogi | SIA ""FENCERS""","Jēkabpils iela 20, Jūrmala, LV-2011, Latvia",Jūrmala,,,,ChIJaXKVeo_h7kYRfAJsB5sKtXI
Latvia,"Storent , SIA, Nomas punkts","Lāčplēša iela 5a, Ventspils, LV-3601, Latvia",Ventspils,,https://www.storent.lv/,,ChIJ_w0DP9_I8UYRarJRMUqXhHY
Latvia,Fregate whale fountain,"Lielais laukums, Ventspils, LV-3601, Latvia",Ventspils,,http://visitventspils.com/,,ChIJ_bKCxvzI8UYRY6kgDBgi50o
Latvia,Gigant Furniture Store,"Ventspils, LV-3601, Latvia",Ventspils,,https://gigantmebeles.lv/lv/kontakti,,ChIJ6393JufI8UYRaNJ-bhwcAj4
Latvia,STORENT Valmiera - būvtehnikas un instrumentu noma,"Mūrmuižas iela 14, Valmiera, LV-4201, Latvia",Valmiera,,http://www.storent.lv/,noma@storent.com,ChIJnw7hXqTu60YR1WuYp3Mtdb4
Latvia,"Vejmars , SIA, Veikals","Meža iela 40 (Bāzes teritorija), Tukums, LV-3101, Latvia",Tukums,,,,ChIJzYvCaUH-7kYR9Ml-4uHyQo0
Latvia,Svētā Jura baznīcas drupas,"teritorija, Salaspils, Salaspils pagasts, Latvia",Salaspils,,,,ChIJS77ZQ_0s6UYRYKRVJt4KCOk
Latvia,Priedulāji,"teritorija, Salaspils, Salaspils pagasts, Latvia",Salaspils,,http://www.druplat.lv/,,ChIJ0WLbMywt6UYRz3_cuZ1F2GQ
Latvia,Cēsis History and Art Museum,"Pils laukums 9, Cēsis, Cēsu pilsēta, Cēsu novads, LV-4101, Latvia",Cēsis,,https://cesupils.lv/,,ChIJhRkzI4Xh60YRjMVgO-CNO4U
Latvia,ZIGZAG FACTORY Ltd.,"Liepājas iela 5, Kuldīga, Kuldīgas pilsēta, Kuldīgas novads, LV-3301, Latvia",Kuldīga,,http://zigzagfactory.com/,info@zigzagfactory.com,ChIJnUTpFnba70YRogzVLNx505g
Latvia,STORENT Saldus - būvtehnikas un instrumentu noma,"Kuldīgas iela 93, Ziedonis, Saldus pagasts, Saldus novads, LV-3801, Latvia",Saldus,,https://storent.lv/,noma@storent.com,ChIJbYEL8p6Z70YRHnzWu_Z3X38
Latvia,Restorāns Mūza,"Slimnīcas iela 7, Bauska, Bauskas pilsēta, Bauskas novads, LV-3901, Latvia",Bauska,,https://www.facebook.com/restoransmuza,,ChIJXdRwYC7G6EYRdJUGbstvpMk
Latvia,Vecais ugunsdzēsēju depo,"Torņa iela 3, Limbaži, Limbažu pilsēta, Limbažu novads, LV-4001, Latvia",Limbaži,,http://www.limbazumuzejs.lv/,,ChIJL6oSNGgE7EYRaAuNIGg1q5Q
Latvia,"Limbažu muzejs, viduslaiku pilsdrupas un skatu tornis","Burtnieku iela 7, Limbaži, Limbažu pilsēta, Limbažu novads, LV-4001, Latvia",Limbaži,,http://www.limbazumuzejs.lv/,,ChIJ7bp6JmgE7EYRna9Sq4n-_eQ
Latvia,"Veikals ""1111""","Mehanizatoru iela 12, Preiļi, Preiļu pilsēta, Preiļu novads, LV-5301, Latvia",Preiļi,,http://m1111.lv/,,ChIJ22bccVp7wkYRzW5801_NVLw
Latvia,"RGRpluss - betona pakāpienu, parku labiekārtošanas elementu, kapu izstrādājumu ražošana.","Raudupes iela 3, Kandava, Kandava pilsēta, Tukuma novads, LV-3120, Latvia",Kandava,,https://rgrpluss.lv/,,ChIJxws0bmxN7kYRDDCAsNRxhDw
Latvia,Kandava rectory,"Kandava Parish, Tukums Municipality, LV-3120, Latvia",Kandava,,http://kandavasdraudze.lv/?page_id=422,aniko@tvnet.lv,ChIJjbttWKyy70YRLMdW3A87gJw
Latvia,Шведские ворота Swedish Gate,"Zviedru vārtu iela 2, Priekule, Priekules pilsēta, Dienvidkurzemes novads, LV-3434, Latvia",Priekule,,https://www.priekulesnovads.lv/zviedru-varti,,ChIJuUPl_5xX5UYRRFQ8kB3edV4
Latvia,Restorāns VULF’s,"Pils iela 1, Cesvaine, Cesvaines pilsēta, Madonas novads, LV-4871, Latvia",Cesvaine,,https://www.vulfs.com/,u003EInfo@vulfs.com,ChIJ93gUcceL6UYRVYDRwSBe8L8
Latvia,"Divi Torni, veikals","Parka iela 8, Cesvaine, Cesvaines pilsēta, Madonas novads, LV-4871, Latvia",Cesvaine,,http://www.facebook.com/divitorni/,,ChIJN1q0be-L6UYRUOebNMP8lTs
Estonia,Storent OÜ,"Punane tn 6a, 13619 Tallinn, Estonia",Tallinn,,https://www.storent.ee/ee,,ChIJ68SVjo7skkYRtcNRkBxFYAM
Estonia,Cramo Estonia AS,"Tähetorni tn 61a, 11625 Tallinn, Estonia",Tallinn,,,,ChIJhyzLPd2VkkYR1wePIoxPySU
Estonia,Päris Ehitus OÜ,"Tähetorni tn 40, 11625 Tallinn, Estonia",Tallinn,,https://www.e-krediidiinfo.ee/11270145-P%C3%84RIS%20EHITUS%20O%C3%9C,,ChIJxzzUp72VkkYRQWa3I1NnFII
Estonia,Renteks OÜ | Pinnasetööd | Välistorustike ehitus | Puistematerjalide müük,"Ropka tee 19, 50104 Tartu, Estonia",Tartu,,http://www.renteks.ee/,aivo@renteks.ee,ChIJ_bXlQfI260YRs9WAFqlpC1g
Estonia,Gerom Ehitus OÜ,"Riia 128 kontori, nr 205, 50411 Tartu, Estonia",Tartu,,https://geromehitus.ee/,,ChIJS_DRbGM360YRjhv7NO-9824
Estonia,Ingate OÜ,"Välja 6, Soinaste, 61709 Tartu maakond, Estonia",Tartu,,http://www.ingate.ee/,,ChIJVSPdgNI260YRphiDFCNvhdo
Estonia,Storent OÜ,"Puuvilla tn 5, 20207 Narva, Estonia",Narva,,https://www.storent.ee/ee,,ChIJHeczPTlIlEYRSzRtnVOUktk
Estonia,Victoria Bastion Casemates,"Pimeaia tn 3, 20306 Narva, Estonia",Narva,,http://bastion.visitnarva.ee/,,ChIJ0aQibNk3lEYRJMJ0JTsyG0A
Estonia,Storent OÜ PÄRNU rendikeskus,"Riia mnt 233a, Pärnu, 80010 Pärnu maakond, Estonia",Pärnu,,https://www.storent.ee/ee/,,ChIJCbiHoJH87EYRAo3SxOeRpho
Estonia,Quidem autorent Pärnus,"Pärnu, 80014 Pärnu County, Estonia",Pärnu,,http://www.quidemautorent.ee/,,ChIJ01ec6oeMEqER89q1Bzsz5DQ
Estonia,ESTONIA Resort Hotel & Spa,"SPAA- ja KONVERENTSIMAJA, A. H. Tammsaare puiestee 4a (HOTELL ja RESTORAN, A. H. Tammsaare pst 6, Pärnu, 80010, Estonia",Pärnu,,http://www.spaestonia.ee/resort,,ChIJDRCxzxv97EYRaWl1HOXufyg
Estonia,Pärnu Vallikäär,"Tallinn Gate, Vana-Tallinna tn 1, Pärnu, 80011 Pärnu maakond, Estonia",Pärnu,,https://visitparnu.com/objekt/parnu-vallikaar/,,ChIJb8GPTRb97EYRCsxmB50BzQI
Estonia,Viljandi plaadimees - Record store,"Tallinna tn 6, Viljandi, 71020 Viljandi maakond, Estonia",Viljandi,,https://m.facebook.com/viljandiplaadimees/,,ChIJi8SB94SY7EYRCFTgzni6j6A
Estonia,Puidutare OÜ Maardu woodstore,"Vana-Narva mnt 30, Maardu, 74114 Harju maakond, Estonia",Maardu,,https://www.puidutare.ee/,,ChIJ2UEJQ53tkkYRayu87L6M5p0
Estonia,Naabriaed OÜ,"Tööstuse, Laheküla, 93880 Saare maakond, Estonia",Kuressaare,,http://www.naabriaed.ee/,,ChIJ623rLfRs8kYRHwSjehK_11M
Estonia,Kuressaare raekoda – Saaremaa Vallavolikogu,"Tallinna tn 2, Kuressaare, 93819 Saare maakond, Estonia",Kuressaare,,https://www.saaremaavald.ee/volikogu,,ChIJ4T4Bnh1t8kYRhE_EcptYZ2I
Estonia,Priit Riieli Autoremonditöökoda,"Haava 12, Haapsalu, 90509 Lääne maakond, Estonia",Haapsalu,,,,ChIJm0gLwJyn8kYRyRNxPiJM3Qw
Estonia,Vahitorn,"Haapsalu, 90502 Lääne County, Estonia",Haapsalu,,,,ChIJ3Wg7sI-n8kYR4vFZRc4AVcU
Estonia,Paide ordulinnuse varemed ja Vallitorn,"Veski tn 11, Paide, 72713 Järva maakond, Estonia",Paide,,http://www.wittenstein.ee/,info@wittenstein.ee,ChIJkzOs_5E2k0YRd_cr971JbH4
Estonia,Aiapaigaldus OÜ,"Tähetorni tn 21j, 11625 Tallinn, Estonia",Kiviõli,,http://www.aiapaigaldus.eu/,,ChIJ_wiAEmSVkkYRp0WTyRBRNdc
Estonia,"Autoremont, Car Weld OÜ","Kaare tn 27a, Türi, 72214 Järva maakond, Estonia",Türi,,http://www.1182.ee/et/car-weld-ou,info1182ee@nobeldigital.ee,ChIJO-n_RkUzk0YRZB6OWD6EuTo
Estonia,"Koidula, ka Tori sild","Türi, 72214 Järva County, Estonia",Türi,,,,ChIJGyeOqBI1k0YR95nPpc-P0ME
Estonia,Elva valla jäätmejaam,"Kurelaane, 61206 Tartu County, Estonia",Elva,,https://www.elva.ee/jaatmejaamad-ja-kogumiskohad,,ChIJlY21DgBB60YRMKVJSxiJfso
Estonia,Elva Tarbijate Ühistu KONTOR,"Kesk tn 1, Elva, 61501 Tartu maakond, Estonia",Elva,,http://www.coop.ee/uhistud/coop-elva,coopkokad@coop.ee,ChIJc_wo6ApA60YRP3s9qIn4ZYE
Estonia,Jõgeva Vallavalitsus,"Piiri tn 4, Jõgeva, 48307 Jõgeva maakond, Estonia",Jõgeva,,http://jõgeva.ee/,,ChIJGxWLjOKolEYRdjbSTXdqigE
Estonia,Hiiumaa autorent,"Kaare tn 10, Kärdla, 92411 Hiiu maakond, Estonia",Kärdla,,http://carrent.hiiumaa.ee/,,ChIJDxJ2_NXD8kYRD5Y5lF5gvIE
Estonia,"STORENT Tallinn, Kadaka - tööriistade rent, ehitustehnika rent","Kadaka tee 179a, 12618 Tallinn, Estonia",Tõrva,,https://www.storent.ee/ee,info@aki.ee,ChIJhV_NylaVkkYRIXWqrVfaMgo
Estonia,"Generaatorite rent, müük ja hooldus | Lumika Estonia OÜ","Ringtee 12, 50105 Tartu, Estonia",Tõrva,,http://www.lumika.ee/,info@lumika.ee,ChIJg-qA-d8x60YRNvw91EvRA7A
Estonia,Tõrva vallavalitsus,"Kevade tn 1, Tõrva, 68605 Valga maakond, Estonia",Tõrva,,http://www.torva.ee/,,ChIJF0yIFtB260YRXBkt8IwmQEU
Estonia,Põltsamaa Vallavara OÜ,"Lossi tn 1a, Põltsamaa, 48103 Jõgeva maakond, Estonia",Põltsamaa,,http://www.poltsamaaloss.ee/,,ChIJ06B0YFGs7EYRVzNld4AGkpM
Estonia,Raplamaarent | Autorent Raplamaal | Ehitustehnika rent Raplamaal,"Tööstuse tn 19, Kohila, 79804 Rapla maakond, Estonia",Kohila,,https://raplamaarent.ee/kontakt/,,ChIJUwiVa8bFkkYRw2VvZUg_8Rk
Estonia,AAA Evakuator Veoautode ja Sõiduautode pukseerimine - Kohila Puksiirabi - 116 OÜ,"Ääre tn 1, Kohila, 79806 Rapla maakond, Estonia",Kohila,,http://www.kohilapuksiirabi.ee/,ahoi@vetevoog.ee,ChIJT7JHLyLFkkYRV3X26Jsw2o4
Estonia,Narva-Jõesuu Lighthouse,"Tuletorni tn 3, Narva-Jõesuu, 29023 Ida-Viru maakond, Estonia",Narva-Jõesuu,,https://narva-joesuu.ee/tuletorn,,ChIJu5Zis9U-lEYREaAhK9TwbOo
Estonia,Restoran Gioventu,"L. Koidula tn 21, Narva-Jõesuu, 29023 Ida-Viru maakond, Estonia",Narva-Jõesuu,,http://www.noorusspainn.com/,reception@liivarandhotel.ee,ChIJd-5Whkw_lEYRXPwrm_OADVo
Estonia,Tori-Sindi Jahiselts,"Suur-Kuke tn, Tori, 80018 Pärnu maakond, Estonia",Sindi,,,,ChIJ0dGImR_97EYR437bWQxD7y8
Estonia,Restoran Mio Mare,"Toila Spa, Ranna tn 12, Toila, 41702 Ida-Viru maakond, Estonia",Toila,,https://www.toilaspa.ee/app.php/et/p/restoranid,,ChIJNcg3Z31ulEYRrC2yv5KdmIc
Estonia,Räpina Local History and Gardening Museum,"Pargi tn 28, Räpina, 64505 Põlva maakond, Estonia",Räpina,,https://muuseum.rapina.ee/,,ChIJOYSh-vnE6kYRrS65Rn2di3g
Estonia,Räpina Gardening School,"Aianduse tn 6, Räpina, 64505 Põlva maakond, Estonia",Räpina,,http://www.aianduskool.ee/,kool@aianduskool.ee,ChIJK23CWffE6kYRcJSOv0S6lYs
Estonia,Miniekskavaatori rent Minikopp,"Kernu tee, Kernu, 76305 Harju maakond, Estonia",Suure-Jaani,,https://minikopp.ee/,jane@untitled.tld,ChIJY_hcZxXJkkYRby5sAPAdwOU
Estonia,Suuresk Ehitus OÜ,"75320, Aruvalla, Estonia",Suure-Jaani,,,,ChIJ2adabhrdkkYRGUVeol2NxLA
Estonia,Põhja-Sakala Vallavalitsus,"Suure-Jaani, 71502 Viljandi County, Estonia",Suure-Jaani,,http://www.pohja-sakala.ee/,,ChIJ8Vutjnq57EYR6K7b4QYRd5I
Estonia,EELK Mõisaküla kogudus,"Heki tn 8, Mõisaküla, 69302 Viljandi maakond, Estonia",Mõisaküla,,,,ChIJQarf3QiI7EYRPdeB7qHrJl4
Finland,Ramirent Finland Oy pääkonttori,"Tapulikaupungintie 37, 00750 Helsinki, Finland",Helsinki,,https://www.ramirent.fi/vuokraamot/finland-oy-paakonttori/?utm_source=google&utm_medium=gbp&utm_campaign=ramirent-finland-oy-helsinki-paakonttori,asiakaspalvelu@ramirent.fi,ChIJq05dW9wHkkYR3nuuBTAlGL8
Finland,Tampereen Rakennustori Oy,"Ahlmanintie 72, 33800 Tampere, Finland",Tampere,,,,ChIJWwwefj_fjkYRQYTxM-CGVa8
Finland,Atea Finland Oy,"Rajatorpantie 8, 01600 Vantaa, Finland",Vantaa,,https://www.atea.fi/,,ChIJjdzX0nP3jUYRxJqmwjuBBM0
Finland,Ossuuskunta AittaPuttiikki,"12, Aittatori, 90100 Oulu, Finland",Oulu,,https://aittaputtiikki.com/,,ChIJ6_vxqaUygEYRWwHx_pVKTEA
Finland,AALTO Asuntorakennus Oy,"Hallituskatu 20, 90100 Oulu, Finland",Oulu,,http://aaltodevelopment.fi/,,ChIJiyrPWP8zgEYR8wB4rnFivsI
Finland,Student Union of the University of Turku - Turun yliopiston ylioppilaskunta (TYY),"Rehtorinpellonkatu 4a, 20500 Turku, Finland",Turku,,http://www.tyy.fi/,,ChIJ0SMpBe92jEYRrDNhZtlX9Qw
Finland,Rakennus Oy J. Patoranta,"Koivistonluodontie 4B, 28330 Pori, Finland",Pori,,http://rakennusjyrkipatoranta.fi/,posti@rakennusjyrkipatoranta.fi,ChIJt6ALd5cMiUYRg5Qb1ysB1Cs
Finland,YIT Suomi Oy,"Torikatu 3, 45100 Kouvola, Finland",Kouvola,,http://www.yit.fi/,,ChIJ0Rp0qviykUYRuN7b9afGDsk
Finland,Skanska Talonrakennus Oy,"Torikatu 7, 80110 Joensuu, Finland",Joensuu,,https://www.skanska.fi/palvelut/rakentamispalvelut/ota-yhteytta/,,ChIJYyL3Y3yGm0YR9elTVSQw9E4
Finland,Huoneistoremontit ja uudisrakennukset Kastinen Oy,"Notkotie 11, 13210 Hämeenlinna, Finland",Hämeenlinna,,https://www.finder.fi/Rakennussaneeraus/Huoneistoremontit+ja+uudisrakennukset+Kastinen+Oy/H%C3%A4meenlinna/yhteystiedot/546511,posti@huoneistoremontti.com,ChIJz2ogRa9djkYRrUJtb9do2b4
Finland,Vaasan Huoneistoremontti Oy,"Kauppapuistikko 29, 65100 Vaasa, Finland",Vaasa,,http://www.vaasanhuoneistoremontti.fi/,vaasanhuoneistoremontti@anvianet.fi,ChIJCeoVGTRgfUYR4arOrC_wuj8
Finland,"Vesivek Seinäjoki - Kattoremontit, rännit ja salaojaremontit","Vaihdetie 6, 60120 Seinäjoki, Finland",Seinäjoki,,https://www.vesivek.fi/toimipiste/seinajoki/,henrik.ekstrand@vesivek.fi,ChIJ878mN0HLh0YR0EWRwOfHK0w
Finland,Kattoremontit Rakennusliike Korteniemi Oy,"Lampelankatu 32, 96320 Rovaniemi, Finland",Rovaniemi,,http://www.korteniemi.fi/,myynti@korteniemi.fi,ChIJ6-YYERVLK0QRvmDbtM94n9E
Finland,Salon Seudun Omaiset ja Läheiset r.y.,"Torikatu 12, 24100 Salo, Finland",Salo,,https://www.salonomaishoitajat.fi/,,ChIJrVgAFctWkkMRIVdwES4VSvQ
Finland,Rakennussuunnittelu Matti Salo Oy,"Vallaantie 22, 08700 Lohja, Finland",Salo,,http://www.rakennussuunnittelumattisalo.com/,,ChIJ7RFWNO2-jUYROnyhP803sxw
Finland,Pihatori Porvoo,"Varikkotie 1, 06150 Porvoo, Finland",Porvoo,,http://www.pihatori.fi/,,ChIJDRKEGWH1kUYREhCW8ZanJvI
Finland,Åsvalla,"Nummentie 39, 08100 Lohja, Finland",Lohja,,,,ChIJx0DGB6C_jUYRS7u6XByb-yA
Finland,PPU-Rakennus Oy,"Kapustakuja 5, 04460 Järvenpää, Finland",Järvenpää,,https://www.finder.fi/Rakennuttajapalvelu/PPU-Rakennus+Oy/Nummenkyl%C3%A4/yhteystiedot/342374,,ChIJg0pmGB0BjkYRrO2swVkwWXo
Finland,Rauma Kiulu- and Barrel Factory,"Sorkantie 2, 26100 Rauma, Finland",Rauma,,http://www.tynnyri.fi/,,ChIJrUjh2Ax-iUYRaTDeUPkz3do
Finland,Rauma Varastot m2 Self Storage,"Hakunintie 24, 26100 Rauma, Finland",Rauma,,http://www.raumavarastot.fi/,info@helsinkivarastot.fi,ChIJnV6VyGN_iUYR41n3OEzL_f8
Finland,Setora Rakennus Oy,"Karhusuontie 126, 02550 Evitskog, Finland",Kirkkonummi,,http://www.setorarakennus.fi/,,ChIJlbeP3Zn0jUYRqZpuvPbrPTA
Finland,Haaviston kuntorata,"Unnamed Road,33480, Ylöjärvi, Finland",Ylöjärvi,,https://www.ylojarvi.fi/ladut-ja-kuntopolut,kirjaamo@ylojarvi.fi,ChIJm4UjwU8oj0YRDOkL7IB67h0
Finland,Saartorakennus Oy,"Haavikkotie 13, 33480 Ylöjärvi, Finland",Ylöjärvi,,,,ChIJu7ZXUWUoj0YRfUVwviXk4eg
Finland,Kangasalan Kiinteistösaneeraus Oy,"Taivallammentie 70, 36270 Kangasala, Finland",Kangasala,,http://www.saneerataan.fi/,,ChIJQ2aZ9Qkfj0YRJItv6zxYkGo
Finland,Pintora Oy,"Pikkutikantie 30, 36220 Kangasala, Finland",Kangasala,,,,ChIJMXZ0Xqkhj0YRHx78o73BBKc
Finland,Nostorent Oy,"Konemestarinkatu 5, 20780 Kaarina, Finland",Kaarina,,http://www.nostorent.fi/,,ChIJh13mTPtwjEYRpyP5Fweik6Q
Finland,Stora Enso Imatran tehtaat / Kaukopää,"Rantaportintie 5, 55800 Imatra, Finland",Imatra,,http://www.storaenso.com/,,ChIJUwUS8hwImkYRH-DXlsWT37A
Finland,T:mi Rakennus T-Koivula,"Tornikatu 6, 21200 Raisio, Finland",Raisio,,,,ChIJ7YkhKOqJi0YR9au-Ek3kUeY
Finland,"Vesivek Nurmijärvi - Kattoremontit, rännit ja salaojaremontit","Ilveskuja 8, 01900 Nurmijärvi, Finland",Nurmijärvi,,https://www.vesivek.fi/toimipiste/nurmijarvi/,joakim.wessman@vesivek.fi,ChIJ51OTe1v_jUYR7ZMo7R7bLY4
Finland,Peltorivi Public Toilets,"Åkerraden, 10470 Raseborg, Finland",Raseborg,,,,ChIJAbLX5ryvjUYR8d_eN-npG0Q
Finland,The factory field,"Tehtaankatu 9, 37600 Valkeakoski, Finland",Valkeakoski,,http://www.valkeakoski.fi/portal/,etunimi.sukunimi@valkeakoski.fi,ChIJkVJjjnnljkYRpdjuVBUaXyw
Finland,Suomen Laboratorioalan Liitto Ry,"Miilukatu 5, 94720 Kemi, Finland",Kemi,,,,ChIJuWvrGMW0KkQRfjwhm0GkQW8
Finland,AJ-Kate Oy,"Torvisenkatu 15, 94200 Kemi, Finland",Kemi,,https://www.aj-kate.fi/,,ChIJ1YbvjulK1UURwPd78hJLg2M
Finland,Ramirent konevuokraamo Tornio,"Ratavartijankatu 2, 95420 Tornio, Finland",Tornio,,https://www.ramirent.fi/vuokraamot/konevuokraamo-tornio/?utm_source=google&utm_medium=gbp&utm_campaign=ramirent-tornio,asiakaspalvelu@ramirent.fi,ChIJQe_iyI5H1UURJttqJcZzu1E
Finland,Renta Ltd.,"Verkkotehtaankatu 3 A, 95420 Tornio, Finland",Tornio,,http://www.renta.fi/,,ChIJww8GU4VH1UURLpoq4iYXlBY
Finland,Tornion Kama-palvelut Ky,"Lohelankatu 10, 95450 Tornio, Finland",Tornio,,http://www.ka-ma.fi/,,ChIJXYInqndH1UURCOJpNLQnAxI
Finland,Scandia Rent Tornio,"Torpinkatu 13, 95420 Tornio, Finland",Tornio,,http://www.scandiarent.fi/,lansi-espoo@scandiarent.fi,ChIJK1ulellH1UURXreILPCYc8c
Finland,Juto Rakennus,"Verkkotehtaankatu 3 C, 95420 Tornio, Finland",Tornio,,http://jutorakennus.fi/,,ChIJR-nK1JJH1UURZQ9fBHLf05A
Finland,Timanttityöt Mäkimartti,"Raidekatu 14, 95420 Tornio, Finland",Tornio,,https://www.finder.fi/Konevuokraus/Timanttity%C3%B6t+M%C3%A4kimartti/Tornio/yhteystiedot/276169,,ChIJZ96E8I5H1UURpxhu9P7F81M
Finland,Lappari Activity Park,"Vesaisenkatu 1, 95400 Tornio, Finland",Tornio,,https://lappari.fi/lappari-activity-park/,,ChIJQ5m0uoJH1UUR2Vvroxspc34
Finland,Experience Factory Lappari,"Vesaisenkatu 1, 95400 Tornio, Finland",Tornio,,http://www.lappari.fi/,sales@lappari.fi,ChIJF0LVhI9H1UURB9AdT25YfKY
Finland,Tornion Järjestötalo,"Kemintie 53, 95420 Tornio, Finland",Tornio,,http://www.luotsi.net/,info@luotsi.net,ChIJd7LDO5JH1UURov2Iyc0q8RQ
Finland,Uitonranta,"Pirkankatu 45, 95430 Tornio, Finland",Tornio,,https://www.tornio.fi/asuminen-ja-ymparisto/ymparisto/virkisty-luonnossa/uimarannat/#,,ChIJQ7BPn0hH1UURalZz65SOKsY
Finland,Lhoist Nordic AB Röyttän siiloasema,"Röyttän satama, 95490 Tornio, Finland",Tornio,,,,ChIJ0bGXvyBP1UUR19ZleWcg5F8
Finland,Outokumpu,"Terästie, 95490 Tornio, Finland",Tornio,,https://www.outokumpu.com/locations/torniostainless-steel,,ChIJD9IPS021KkQRT1iJKlZqGDw
Finland,Suomen Lyhytterapeutit ry,"Porrasperäntie 29, 95450 Tornio, Finland",Tornio,,https://suomenlyhytterapeutit.fi/,,ChIJ5Ql4hmBH1UUR_Dp-i_ljBcE
Finland,Kemi-Tornionlaakson koulutuskuntayhtymä Lappia,"Urheilukatu 6, 95400 Tornio, Finland",Tornio,,http://www.lappia.fi/,,ChIJx585XndH1UURT3OPGZEOIuc
Finland,Tornio Construction Gravel Ltd,"Veturitallintie 18, 95410 Tornio, Finland",Tornio,,https://tornionrakennussora.fi/,posti@tornionrakennussora.fi,ChIJJTjcbYlH1UURHYIKNtPEUDA
Finland,TSV-Rakennus Oy,"Metallimiehenkatu 9, 95450 Tornio, Finland",Tornio,,http://www.tsvrakennus.fi/,,ChIJQ3B8ao9H1UURIpjkjRb--is
Finland,Tmi Lapin Raudoitus ja Rakennus,"Pirkontie 18, 95410 Tornio, Finland",Tornio,,,,ChIJYzdwSX841UUR49l6yGWUnOc
Finland,Tornion Laatulattiat Oy,"L 10, Teollisuuskatu 8-10, 95420 Tornio, Finland",Tornio,,http://www.tornionlaatulattiat.fi/,,ChIJnX1qLbE51UUR3KOedRMs1PQ
Finland,Tornion Harjateräs Oy,"Keskikatu 17-19 B 14, 95400 Tornio, Finland",Tornio,,https://www.trht.fi/,info@trht.fi,ChIJY3WoxI1H1UURQYX0ogCkg5I
Finland,MJ-Rakennus Oy,"Törmäntie 55, 95410 Tornio, Finland",Tornio,,http://www.mj-rakennus.com/,,ChIJkzeQ9M851UURPGBdznr25dg
Finland,Hallirakentajat Lappi oy,"Sepänkatu 7, 95420 Tornio, Finland",Tornio,,http://www.hallirakentajat.fi/,,ChIJnUWRHWdH1UURi44o74Za3YQ
Finland,Tornion Rakennussaneeraus Ky,"Haaralanperäntie 71, 94430 Tornio, Finland",Tornio,,https://tornionrakennussaneeraus.fi/,,ChIJwblnyeJJ1UURSZiJVAyxgqI
Finland,Lapin Rakennus Palvelu Oy,"Autionkatu 5, 95470 Tornio, Finland",Tornio,,https://www.finder.fi/Rakennusliike/Rakennusliike+Lapin+Rakennus+Palvelu+Oy/Tornio/yhteystiedot/427837,,ChIJXbhXb51I1UUR-3P_pS5FDUI
Finland,Topplattiat Ky,"Teollisuuskatu 8-10, 95420 Tornio, Finland",Tornio,,https://www.topplattiat.fi/,,ChIJXQ6Xnn441UUR1rm8xWQfqcE
Finland,Lapin Muuraus-ja Rakennuspalvelu Oy,"Laurinkuja 23, 95410 Tornio, Finland",Tornio,,https://www.muurausjarakennuspalvelu.com/,,ChIJ97rdEV451UUR_MJ7U5cto30
Finland,Kojarap Oy,"Pirkkiöntie 67, 95450 Tornio, Finland",Tornio,,http://www.kojarap.fi/,,ChIJORUYQcFH1UURv-utzK6OJ2c
Finland,Tornion Laatulattiat,"Sukkatehtaankatu, 95460 Tornio, Finland",Tornio,,,,ChIJ50O42pFH1UURoanaXAzCis0
Finland,Sandvik Mining and Construction Finland Oy,"Mekaanikonkatu 1, 95450 Tornio, Finland",Tornio,,https://www.rocktechnology.sandvik/en/,,ChIJnfDegstH1UURKBL-E4PgeFI
Finland,Tornion Työvoimalasäätiö,"Teollisuuskatu 8, 95420 Tornio, Finland",Tornio,,https://www.tyovoimalasaatio.fi/,etunimi.sukunimi@tornio.fi,ChIJF8LTwZFH1UURp2nfp4g21Yk
Finland,K-Rauta Tornio,"Virkamaankatu 10, 95420 Tornio, Finland",Tornio,,http://www.k-rauta.fi/myymalat/tornio,katarina.naumanen@k-rauta.fi,ChIJsR5PEI5H1UURR524fZ5X5ZQ
Finland,Väriraitti Oy,"Torpinkatu 3, 95420 Tornio, Finland",Tornio,,http://www.variraitti.fi/,,ChIJV8FHOpBH1UURORWUyepITlo
Finland,Arctic Rabbit Oy,"Pirkankatu 34, 95430 Tornio, Finland",Tornio,,http://www.arcticrabbit.fi/,,ChIJ-doyZORH1UUR2TzM96I1-2U
Finland,Tornion Betonirakentajat Oy,"Sepäntie 19, 94500 Lautiosaari, Finland",Tornio,,https://tbroy.fi/,betoni.rakentajat@tbroy.fi,ChIJtRjY2HdH1UURnTZuH2Cwz-k
Finland,Rudus Oy Betonitehdas Tornio,"Raidekatu 12, 95420 Tornio, Finland",Tornio,,https://www.rudus.fi/tuotteet/betoni,,ChIJowzn-45H1UURkaNqHya3XqY
Finland,Habita Tornio,"Rajalla Kauppakeskus - På Gränsen Länsiranta 10 LH 1240, 95400 Tornio, Finland",Tornio,,https://www.habita.com/toimipiste/16/Habita-Tornio,jasmine.alamaki@habita.com,ChIJV0o47J1H1UUR-N4ooFoxesc
Finland,Maansiirto Mykkälä Oy,"Raidekatu 14, 95420 Tornio, Finland",Tornio,,https://mykkala.fi/,,ChIJZ96E8I5H1UURurAtvVqjSTg
Finland,Merinotalot / JMV-Rakennus Oy,"Hallituskatu 10, 95400 Tornio, Finland",Tornio,,http://jmvrakennus.fi/,,ChIJpyl46Z5H1UURLcccODkl2Y0
Finland,Tornion Isännöinti Oy,"Pirkankatu 43, 95430 Tornio, Finland",Tornio,,http://www.tornionisannointi.fi/,,ChIJTxkyMXxH1UURSfH2hXQSFK4
Finland,Rakennus Ja Laskenta Wotsi Ky,"Virkamaankatu 10, 95420 Tornio, Finland",Tornio,,,,ChIJrSgQEY5H1UURbIj-q2dwkkA
Finland,Byggtask Oy,"Ratamestarinkatu 2, 95420 Tornio, Finland",Tornio,,http://www.byggtask.fi/,,ChIJBTMQf3cpj0YRc3sB7Y2xVGs
Finland,Takkahuone Tornio/Tulisijakauppa Muuraus ja Laattatyö,"Teollisuuskatu 4, 95420 Tornio, Finland",Tornio,,http://www.muurausjalaattatyo.fi/,info@muurausjalaattatyo.fi,ChIJz6fuETtI1UURUa6fOoNzU0M
Finland,Deto - Rakennusliike,"Vallintie 30, 95460 Tornio, Finland",Tornio,,http://www.deto.fi/,,ChIJw12Gjf1H1UURsV8-SbKvfW0
Finland,Insinööritoimisto Rak-Tor,"Torikatu 11, 95400 Tornio, Finland",Tornio,,http://www.raktor.fi/,etunimi.sukunimi@raktor.fi,ChIJPzxl1HdH1UURaoVl_ltcWv8
Finland,T:mi Liedon huoneistoremontti,"Pinomäentie 39, 21420 Lieto, Finland",Lieto,,,,ChIJYb3wTgBzjEYRWjhF7zDOlxM
Finland,"Vesivek Turku - Kattoremontit, rännit ja salaojaremontit","Vakiotie 9, 21420 Lieto, Finland",Lieto,,https://www.vesivek.fi/toimipiste/turku/,timo.pihlava@vesivek.fi,ChIJm1QsKN9zjEYRgWxSQHkYvh0
Finland,"The lure Oy Kuusamo, factory shop / Lifestyle Suvanto Kuusamo","Professori Räsäsentie 1-2, 93600 Kuusamo, Finland",Kuusamo,,https://kuusamonuistin.fi/tehtaanmyymala/,shop@kuusamonuistin.fi,ChIJJYFAQCNQKUQRhyh3giMu35g
Finland,Forssan Asuntovälitys - Johanna Uoti LKV,"Torikatu 10, 30100 Forssa, Finland",Forssa,,,,ChIJUQ13RLydjkYRygk-QcKgJFo
Finland,Henkilönostinvuokraus Pasi Markula Ky,"Torkkalantie 14, 32410 Loimaa, Finland",Loimaa,,,,ChIJ65kkmcgDjEYRy1Fao2jkaGc
Finland,Loimitraktori Oy,"Pehtoorinkuja 1, 32200 Loimaa, Finland",Loimaa,,http://www.loimitraktori.fi/,,ChIJGc3pUGenjkYR7G-8b6ROwbQ
Finland,Heinola Sports Motorists Association.,"Tekeväntie 3, 18300 Heinola, Finland",Heinola,,http://www.heinolanua.fi/,,ChIJE-WbIMopkEYRILi2O6e_QvE
Finland,Viitosmoottori,"Vehkalahdentie 5, 19210 Heinola, Finland",Heinola,,http://www.viitosmoottori.fi/,info@viitosmoottori.fi,ChIJN6gEiLIgkEYRRxBs8EDl6OQ
Finland,HTA Services / Janitorial Services for detached houses Talkkari,"Kolhontie 10 D, 42700 Keuruu, Finland",Keuruu,,http://www.htapalvelut.fi/,info@htapalvelut.fi,ChIJN11kjEFfj0YRbn_k5diM-7Q
Finland,AmiPro Service Oy,"Vihtorinkatu 10, 23800 Laitila, Finland",Laitila,,http://www.amipro.fi/,,ChIJvdKFXTHDi0YRjYnDz89J_YU
Finland,Rantala Yhtiöt,"Vihtorinkatu 1, 23800 Laitila, Finland",Laitila,,http://www.rantalayhtiot.fi/,,ChIJAQCQv0vDi0YRijQSBPGq22s
Finland,Harjavallan Päiväkoti Ja Työhönvalmennuskeskus,"Harjavallankatu 14, 29200 Harjavalta, Finland",Harjavalta,,https://tukena.fi/woimaamo,,ChIJCTz2h7triUYRCe9LZpDTHQA
Finland,Harjavallan kierrätyskeskus Vallankierto,"Ollilankatu 70, 29200 Harjavalta, Finland",Harjavalta,,,,ChIJTXRMagBriUYRkjYyckI7rl4
Slovenia,MN FENCES,"Pelechova c. 15, 1235 Radomlje, Slovenia",Ljubljana,,http://www.mn-ograje.si/,info@mn-ograje.si,ChIJJVO5j0Q2ZUcRBGN9UVx9uzs
Slovenia,"Reximus, oglaševanje in storitve, d.o.o.","Zamostec 43, 1317 Sodražica, Slovenia",Ljubljana,,http://www.reximus.si/,,ChIJ3TBbu4jcZEcRl_TFEFmawoY
Slovenia,"Minis, proizvodnja in storitve, d.o.o.","Velika Pirešica 1, 3310 Žalec, Slovenia",Ljubljana,,http://ograjeminis.si/,info@ograjeminis.si,ChIJi9B7m-NwZUcRXqAerEWogG8
Slovenia,"Md konstrukcije, stopnice in ograje, storitve, trgovina, podjetniško in poslovno svetovanje, d.o.o.","Ljubljanska ulica 17b, 2000 Maribor, Slovenia",Maribor,,https://www.bizi.si/MD-KONSTRUKCIJE-STOPNICE-IN-OGRAJE-D-O-O/,novaresitev@gmail.com,ChIJHX1bmqB3b0cRkt5F5ZP6S4w
Slovenia,"Spekter Kranj d.o.o., družba za gradbeništvo, storitve in promet z nepremičninami","Mlekarska ulica 13, 4000 Kranj, Slovenia",Kranj,,https://www.spekter-kr.si/,info@spekter-kr.si,ChIJH4mW3-K3ekcR_zIGtIG9Z2s
Slovenia,Domgrad storitve d.o.o.,"Pšenična Polica 17, 4207 Cerklje na Gorenjskem, Slovenia",Kranj,,https://zagradnjo.si/,izposodi@zagradnjo.si,ChIJPVxdl7S1ekcR9NQD-hKwGeQ
Slovenia,"Gradton, storitve d.o.o.","Valjavčeva ulica 8, 4000 Kranj, Slovenia",Kranj,,http://gradton.si/,info@gradton.si,ChIJnQqJHiK4ekcRa1O2tJxQG4w
Slovenia,"Spekter gradnje, gradbeništvo, trgovina in storitve, d.o.o.","Mlekarska ulica 13, 4000 Kranj, Slovenia",Kranj,,https://www.moja-dejavnost.si/dobro-gradbeno-podjetje-kranj/spekter-gradnje-doo/MM1rbSaW,info@mediaorbis.si,ChIJkUhCoAPIekcRPeypsT3D65I
Slovenia,Umetnostno kovaštvo in storitve Zvonko Golob s.p.,"Fala 35a, 2352 Selnica ob Dravi, Slovenia",Kranj,,http://www.kovana.si/,info@kovana.si,ChIJr-QQJTebb0cRTAwGBhY7iqI
Slovenia,Flexvar montaža kovinskega in drugega pohištva Marko Zaplotnik s.p.,"Goriče 43 C, 4204 Golnik, Slovenia",Kranj,,https://www.flexvar.si/,ponudba@flexvar.si,ChIJmbzFJC26ekcRjPJSQCYR3bI
Slovenia,"SYLIQI - ZAUNBAU, montaža in gradbeništvo d.o.o.","Bevče 9d, 3320 Velenje, Slovenia",Velenje,,https://www.moja-dejavnost.si/kvalitetne-panelne-ograje-slovenija/syliqi---zaunbau-doo/MM1lqDxe,info@mediaorbis.si,ChIJ-Wn724xnZUcRXPcF5pdJOko
Slovenia,"Grim Commerce, trgovina in storitve d.o.o. Koper","Vanganelska cesta 10, 6000 Koper, Slovenia",Koper,,http://grim-commerce.si/,olmo@grim-commerce.si,ChIJSRmaSCpme0cRDptC8H_KzZ8
Slovenia,Gradbene storitve Kastelec Dušan s.p.,"Gotna vas 7, 8000 Novo mesto, Slovenia",Novo Mesto,,http://gradbenistvo-kastelec.si/,kastelec.dusan@siol.net,ChIJHw_qp2BVZEcRQ0ow5UGFdyY
Slovenia,"Vsegrad Nm, trgovina in storitve, d.o.o.","Srebrniče 1, 8000 Novo mesto, Slovenia",Novo Mesto,,http://www.vsegrad.si/,jure@vsegrad.si,ChIJ2YLrgLf_ZEcRfg2YnlV4c-4
Slovenia,Supernova Mercator Novo mesto,"Ljubljanska cesta 47, 8000 Novo mesto, Slovenia",Novo Mesto,,https://www.supernova-mercator-novomesto.si/,info@supernova.si,ChIJ-VdF1iQAZUcRnmFNrUzju_Q
Slovenia,"Storitve Varjenja, Boštjan Podbreznik s.p.","Gomilšakova ulica 17, 2250 Ptuj, Slovenia",Ptuj,,,,ChIJ1_hwxMJmb0cR1a86qe6UW08
Slovenia,"Dnl Andi Podlesnik s.p., mehanska obdelava kovin, trgovina in druge poslovne storitve","Pod gozdom 17, 1420 Trbovlje, Slovenia",Trbovlje,,http://www.dnl.si/,andi@dnl.si,ChIJFx9mzaBsZUcRGBM5Ob8RIRw
Slovenia,"Žurbi team družba za gradbene storitve, d.o.o., Kamnik","Bakovnik 5 A, 1241 Kamnik, Slovenia",Kamnik,,http://www.zurbiteam.com/,tajnistvo@zurbiteam.si,ChIJx3LIaIhKZUcRt3G67ib4BJE
Slovenia,"Stireks prodaja in storitve, d.o.o.","Vrhpolje pri Kamniku 173, 1241 Kamnik, Slovenia",Kamnik,,http://stireks.si/,info@stireks.si,ChIJr02qU4tKZUcRvvjq8UWkBpE
Slovenia,"Beso b, podjetje za gradbene storitve, d.o.o.","Cesta Borisa Kidriča 1, 4270 Jesenice, Slovenia",Jesenice,,http://www.beso.si/,info@beso.si,ChIJ7WNpooWaekcRHIPdvE0IUyw
Slovenia,Dom-Gradnje Šaban Kusur s.p.,"Ulica Viktorja Kejžarja 10, 4270 Jesenice, Slovenia",Jesenice,,,,ChIJObp1o5eaekcRHjIo6AIfv_k
Slovenia,"Na Polanah, trgovina in storitve, d.o.o.","Krumperška ulica 15, 1230 Domžale, Slovenia",Domžale,,,,ChIJn3JWNBg0ZUcR7fsWaTDZKp8
Slovenia,Piknik prostor Pri vagonu,"Študljanska cesta, Preloška cesta 104, 1230 Domžale, Slovenia",Domžale,,https://www.facebook.com/pri.vagonu,,ChIJ2-O4JQQ0ZUcReTzxMe9Q_G4
Slovenia,"Techno Berglez, trgovina, storitve, marketing, d.o.o.","Kapucinski trg 8, 4220 Škofja Loka, Slovenia",Škofja Loka,,http://www.techno-trgovina.com/,info@techno-trgovina.com,ChIJx2fZ3P_FekcR-QdpGR_wp9I
Slovenia,"Obrtnik podjetje za gradbeno obrtne storitve, Škofja Loka, d.d.","Blaževa ulica 3, 4220 Škofja Loka, Slovenia",Škofja Loka,,https://www.obrtnik.si/,info@obrtnik.si,ChIJawbwyg_GekcRWHIr8kRjjJ8
Slovenia,Petrus trgovina,"Kapucinski trg 8, 4220 Škofja Loka, Slovenia",Škofja Loka,,https://www.petrus.si/,,ChIJTYjI1Y_JekcRp6HcHb9lwzI
Slovenia,"Opeka, podjetje za trgovino in storitve, d.o.o.","Suha pri Predosljah 28, 4000 Kranj, Slovenia",Škofja Loka,,http://www.opeka.si/,opeka@siol.net,ChIJkyBnhXK3ekcRICNzoykfl98
Slovenia,"Prevozništvo, storitve z gradbenimi stroji, splošna gradbena dela, zbiranje, odvoz, reciklaža gradbenih odpadkov, Ciril Brezovnik s.p.","Pameče 104, 2380 Slovenj Gradec, Slovenia",Slovenj Gradec,,,,ChIJXy0zBobzb0cReHk2yauwsQc
Slovenia,Inoks Knez proizvodnja in storitve d.o.o.,"Tomaška vas 11a, 2383 Šmartno pri Slovenj Gradcu, Slovenia",Slovenj Gradec,,http://www.sineteh.si/,simona@sineteh.si,ChIJ7fm5nyqLb0cRvicefoPll_c
Slovenia,ELOPS trgovina in storitve,"Ronkova ulica 37, 2380 Slovenj Gradec, Slovenia",Slovenj Gradec,,http://www.elops.mobi/,elops.storitve@gmail.com,ChIJ7YyBhVv1b0cRt3zuurHpNQ0
Slovenia,"Gombač, proizvodnja, trgovina in storitve d.o.o.","Industrijska cesta 6, 6310 Izola, Slovenia",Izola,,https://www.gombac.si/,,ChIJic5cE4tle0cRSOxBwXqthQw
Slovenia,"Euroform d.o.o. Črnomelj, storitve, trgovina in proizvodnja","Majer 20a, 8340 Črnomelj, Slovenia",Črnomelj,,http://www.euroform.si/,info@euroform.si,ChIJY7qCMHdcZEcR5Q0nD1BazQE
Slovenia,"Junikor proizvodnja, trgovina in storitve d.o.o.","Dobja vas, 2390 Ravne na Koroškem, Slovenia",Ravne na Koroškem,,https://www.junikor.com/mizarstvo-smonkar/,info@junikor.com,ChIJ5ygLhiP5b0cRYbktt-VHb24
Slovenia,"Lesarstvo Žaže, Mizarsko, proizvodno in storitveno podjetje, d.o.o.","Tolsti vrh 63 b, 2390 Ravne na Koroškem, Slovenia",Ravne na Koroškem,,http://www.zaze.si/,info@zaze.si,ChIJS0RA2p7wb0cRkHBsqVP8Pjo
Slovenia,"Studio Ansara, Izobraževalne in druge storitve, Jaka Kotnik, s.p.","Na Šancah 86, 2390 Ravne na Koroškem, Slovenia",Ravne na Koroškem,,,,ChIJ-4OmHzX3b0cRJ_yuh944G1Y
Slovenia,"Biolive, izposoja vozil, oglaševanje, gostinstvo in storitve, d.o.o.","Dobja vas 1, 2390 Ravne na Koroškem, Slovenia",Ravne na Koroškem,,http://www.rentajme.si/,info@rentajme.si,ChIJ-fAgb__5b0cRb4uRyrE3Gng
Slovenia,STORITVE Z GRADBENO MEHANIZACIJO JAKOB BAJC S.P.,"Žapuže 42, 5270 Ajdovščina, Slovenia",Ajdovščina,,,,ChIJB84uKFgZe0cR9WapdZBtAvw
Slovenia,"Megatehnika, trgovina in storitve, d.o.o.","Goriška cesta 75, 5270 Ajdovščina, Slovenia",Ajdovščina,,http://www.megatehnika.si/,info@megatehnika.si,ChIJRaRDqTAZe0cR2u4b5xu-Epc
Slovenia,"Globex S.R.L., podružnica v Sloveniji","IOC Zapolje I 7, 1370 Logatec, Slovenia",Logatec,,,,ChIJY6ayvNnXekcRyRpjWuHDBAc
Slovenia,Prodaja Parketa in izdelkov iz Bambusa Herman Gabrovšek s.p.,"IOC Zapolje I 5, 1370 Logatec, Slovenia",Logatec,,http://wpc-talne-obloge.si/,,ChIJf3Mp5IzWekcRqczD4EMBNQA
Slovenia,Globex,"IOC Zapolje I 31-19, 1370 Logatec, Slovenia",Logatec,,,,ChIJY6ayvNnXekcR-Vm02CSh0UY
Slovenia,Dimeh napredne tehnologije d.o.o.,"IOC Zapolje I 25, 1370 Logatec, Slovenia",Logatec,,,,ChIJwZuzjScoe0cRZJ4eeVHWH_4
Slovenia,"Kovinski izdelki Marušič, Andraž Marušič s.p.","Ograde 36a, 1370 Logatec, Slovenia",Logatec,,http://www.kim-ograje.com/,,ChIJz2dgIU8oe0cRZPNv-R0oUAU
Slovenia,Nagodeti Logatec Okna-Vrata-Senčila d.o.o.,"IOC Zapolje III 4, 1370 Logatec, Slovenia",Logatec,,http://www.nagodeti.com/,,ChIJU0L9nDkoe0cRPV3UWNDFI5o
Slovenia,Kovinarstvo Jože Mihevc s.p.,"Cesta 5. maja 25, 1370 Logatec, Slovenia",Logatec,,http://www.kovinarstvo-mihevc.si/,,ChIJVz0Kwk4oe0cR4-5JHUKjIzE
Slovenia,"Mizarstvo in tesarstvo NAGODE, Andraž Nagode s.p.","Režiška cesta 28, 1370 Logatec, Slovenia",Logatec,,http://www.mizarstvo-tesarstvo.si/,,ChIJ9brPUHooe0cRLHf35K4TYEI
Slovenia,Gracia d.o.o. Rakek,"Obrtniška ulica 8a, 1370 Logatec, Slovenia",Logatec,,http://www.gracia.si/,,ChIJY0d_RDcoe0cRTFtlcoSRQLo
Slovenia,Kovinarstvo Florjan Jereb s.p.,"Stara pot 10, 1370 Logatec, Slovenia",Logatec,,,,ChIJCdz0pjooe0cRnjEIgTLKLHk
Slovenia,Gracia salon keramike,"Obrtniška ulica 8a, 1370 Logatec, Slovenia",Logatec,,http://www.gracia.si/,,ChIJrTbFH0ooe0cRRtcuwR61Euk
Slovenia,"Kera.Net posredništvo, trgovina ter druge storitve, d.o.o.","Mladinska ulica 15, 8250 Brežice, Slovenia",Brežice,,http://www.kera-net.si/,racunovodstvo@kera-net.si,ChIJfRgJety5ZUcRnw93MBxBAfs
Slovenia,Gald proizvodnja in storitve d.o.o.,"Poljubinj 89l, 5220 Tolmin, Slovenia",Tolmin,,http://www.gald.si/,info@gald.si,ChIJh91UwK73ekcRhKUUloFmpSs
Slovenia,"M-Grad, Izvajalsko in storitveno podjetje, d.o.o., Radovljica","Lancovo 50 b, 4240 Radovljica, Slovenia",Radovljica,,http://www.m-grad.com/,mgrad@telemach.net,ChIJw5mpcRiWekcRXZjv7on_nrQ
Slovenia,"Montaža Škerjanec, podjetje za storitve, inženiring in trgovino, d.o.o.","Brodišče 18, 1236 Trzin, Slovenia",Trzin,,http://www.montaza-skerjanec.si/,info@lune-invest.si,ChIJSUak2nwzZUcRRwpRLnYGWh4
Slovenia,"Sejateh, trgovina in storitve, d.o.o.","Industrijska cesta 5, 2270 Ormož, Slovenia",Ormož,,,,ChIJH7HG-4Nab0cRl0ErUSz6AXk
Slovenia,Mihaela trgovina in storitve d.o.o.,"Hardek 34f, 2270 Ormož, Slovenia",Ormož,,http://www.mihaela.si/,info@mihaela.si,ChIJM04O6ntab0cREMLsChgffpY
Slovenia,"Ključavničarstvo, trgovina in storitve Darko Šijanec s.p.","Štajngrova 23, 2234 Benedikt, Slovenia",Lenart,,https://www.moja-dejavnost.si/inox-ograje-maribor/darko-sijanec-sp/MMxz_RYy,info@mediaorbis.si,ChIJtWHL6P9sb0cRQhyRs_ISjOU
Austria,Sofortzaun e.U,"Leopold Gattringer-Straße 82, 2345 Brunn am Gebirge, Austria",Vienna,,https://www.sofortzaun.at/,office@sofortzaun.at,ChIJwdHy-Y673oARmwpwDCgV8Vw
Austria,RS-Zaunsysteme e.U.,"Ungargasse 5, Grasbergergasse 7, 1030 Wien, Austria",Vienna,,http://www.rs-zaun.at/,office@rs-zaun.at,ChIJYSwY0HMHbUcRxODcZW9-86g
Austria,H+S Fencing - Vienna,"Zinnergasse 6A, 1110 Wien, Austria",Vienna,,http://www.hs-zaun.at/,,ChIJnYwiLomqbUcRzbBTaFaPrio
Austria,Fritz Zaunbau GmbH,"Brückenkopfgasse 7, 8020 Graz, Austria",Graz,,http://www.fritz-zaun-graz.at/,info@zaunbau-fritz.at,ChIJ1fI9NHo1bkcRr_DWOTnbets
Austria,LIMES Zäune und Tore vom Profi Graz Feldkirchen,"Triesterstraße 210, 8073 Feldkirchen bei Graz, Austria",Graz,,http://www.limes.at/,,ChIJl4RwYAG1b0cROIFXuzYvVcM
Austria,mobilzaunshop.ch,"Kirchweg 1, 3510 Konolfingen, Switzerland",Graz,,http://mobilzaunshop.ch/,info@mobilzaunshop.ch,ChIJj--M_KNKjkcRVPHbC0wbq9g
Austria,H+S Fencing - Graz-Raaba,"Gustinus-Ambrosi-Straße 1-3, 8074 Raaba, Austria",Graz,,https://www.hs-zaun.at/,,ChIJ9bnZKi1LbkcRyi6Dj2M4fMI
Austria,MSM Zäune GmbH,"Zeppelinstraße 41, 4030 Linz, Austria",Linz,,http://www.msm-zaun.at/,dd0a55ccb8124b9c9d938e3acf41f8aa@sentry.wixpress.com,ChIJ6bhplTW7c0cRIfuu3YuZ4eY
Austria,A.L. Zauntechnik Linz | GUARDI Fachpartner Linz,"Hartheimerstraße 24, 4030 Linz, Austria",Linz,,https://www.al-zauntechnik.at/,office@al-zauntechnik.at,ChIJk51ULYW7c0cRTmopnL85Yd8
Austria,Anhängerverleih Zaunmüller verleih-linz,"Donatusgasse 21, 4020 Linz, Austria",Linz,,http://www.verleih-linz.at/,anfrage@verleih-linz.at,ChIJy9LPKKWXc0cRoP9uXAIRTp8
Austria,A-Z Montageservice GmbH Garagentore - Zäune - Carports,"Robert-Stolz-Straße 12, 4020 Linz, Austria",Linz,,http://www.a-z-montageservice.at/,robert.wuercher@gmx.at,ChIJFSSMt8aXc0cRla0z4YlwjCA
Austria,Asllani Zaunbau,"Adolf-Schemel-Straße 16/66, 5020 Salzburg, Austria",Salzburg,,https://zaunbau-asllani.at/,anfrage@zaunbau-asllani.at,ChIJd7NDmj2RdkcRLIH-PNyP5xQ
Austria,Grabner-Zaun,"Laschenskystraße 60, 5071 Viehhausen, Austria",Salzburg,,https://www.grabner-zaun.at/,office@grabner-zaun.at,ChIJORMPx9ORdkcR6Xg91pg9TRc
Austria,Zaunbau,"Johann-Herbst-Straße 23, 5061 Elsbethen, Austria",Salzburg,,http://www.zaunbau.co.at/,office@zaunbau.co.at,ChIJ5fdtmCqRdkcRtFYuiBDchgA
Austria,Bernhofer Zäune by BHB-Partner,"Kapellenstraße 2, 5302 Henndorf am Wallersee, Austria",Salzburg,,http://www.bhb-partner.com/,office@bhb-partner.com,ChIJPb3Jv-medkcRRjqYZwtsaxg
Austria,Schmid-Zäune,"Heming 12, 5163 Palting, Austria",Salzburg,,https://www.schmid-zaunmontage.at/,office@schmid-zaunmontage.at,ChIJi8Mm0CKDdkcR3iHYwPCxZqY
Austria,Zaunmontage-Tirol,"Mozartstraße 7, 6020 Innsbruck, Austria",Innsbruck,,https://www.zaunmontage-tirol.at/,info@zaunmontage-tirol.at,ChIJF1Tij9lvnUcRO9pblgTEf2o
Austria,Hans Weithas Metallbau und Zäune GmbH & Co KG,"Kaplanstraße 8, 6063 Rum, Austria",Innsbruck,,https://www.weithas.at/,hans@weithas.at,ChIJbRYWutdunUcRT8EcuEe0gfE
Austria,Weithas Bernhard Drahtzäune GmbH,"Mariahilfstraße 22, 6020 Innsbruck, Austria",Innsbruck,,http://www.weithas.cc/,,ChIJMRv-d_prnUcRC0S0qwoRlhM
Austria,ICO Gerüstbau & Gerüstverleih GmbH,"Doktor-Franz-Werner-Straße 32, 6020 Innsbruck, Austria",Innsbruck,,https://www.ico-bau.at/,,ChIJ0aNSlsRpnUcRWhbRFTGXPbw
Austria,H+S Fencing - Klagenfurt,"Raiffeisenstraße 14, 9020 Klagenfurt am Wörthersee, Austria",Klagenfurt,,http://www.hs-zaun.at/,,ChIJT5vSP-p0cEcR5uuxqEVki-s
Austria,ZBK Zaunbau OG,"Berthold-Schwarz-Straße 126, 9020 Klagenfurt am Wörthersee, Austria",Klagenfurt,,https://www.zb-k.at/,office@zb-k.at,ChIJj95F_zfKB6MRXvYINW8GApE
Austria,Zaunteam Kärnten-Mitte,"Heizhausweg 11, 9601 Arnoldstein, Austria",Klagenfurt,,https://www.zaunteam.at/de/partner/134-kaernten-mitte,kaernten-mitte@zaunteam.at,ChIJH2tzuiF9cEcRd_tZXKXZggQ
Austria,Zaunteam Kärnten-Ost,"Eschenweg 15, 9551 Bodensdorf, Austria",Klagenfurt,,https://www.zaunteam.at/de/partner/129-zaunteam-karnten-ost,kaernten-ost@zaunteam.at,ChIJ3W5k9t99cEcR1-0GeGYsAMw
Austria,Gärtner Hans-Jörg Dipl. Ing. (FH) Tor- u Zaunbau,"Ebentaler Str. 48, 9020 Klagenfurt am Wörthersee, Austria",Klagenfurt,,,,ChIJ5ZqqI6Z0cEcRMgTDatKhpqE
Austria,Zauntechnik Schellander,"Koglstraße 25, 9020 Klagenfurt am Wörthersee, Austria",Klagenfurt,,https://zb-k.at/,office@zb-k.at,ChIJKZM50L9zcEcRsptRGYSVoI8
Austria,deinPlatz - Self Storage,"Reitschulgasse 16, 9500 Villach, Austria",Villach,,http://www.deinplatz.at/,info@deinplatz.at,ChIJ0TZWbTSAcEcRTD3VQ4i5cjg
Austria,Self Storage Villach Lagerraum mieten in Villach,"Steinwenderstraße 9, 9500 Villach, Austria",Villach,,http://selfstorage-villach.at/?utm_source=google&utm_medium=local&utm_campaign=gmb,,ChIJQckXAkD-RG4R_Dte3e7i2JE
Austria,OGK Zäune GmbH,"IGP Süd Völkermarkt 14, 9100 Völkermarkt, Austria",Villach,,https://ogkzaeune.at/,p.milan@chello.at,ChIJ_Yo4w2kbcEcROcSKYCH7Bwc
Austria,Zaunteam Kärnten-West-Osttirol,"Kirchbach 89, 9632 Kirchbach, Austria",Villach,,https://www.zaunteam.at/de/partner/135-zaunteam-kaernten-west-osttirol,name@email.at,ChIJWyRul2kBekcRyK6x3y-jrMc
Austria,Drei-S - Zaun- und Toranlagen,"Warmbaderstraße 22, 9584 Finkenstein am Faaker See, Austria",Villach,,http://www.drei-s-gmbh.at/,office@drei-s-gmbh.at,ChIJ_URQeZmBekcRhOrb5NKn-6o
Austria,Reci Zaun,"Billingerstraße 37, 4614 Marchtrenk, Austria",Wels,,https://www.recizaun.at/,605a7baede844d278b89dc95ae0a9123@sentry-next.wixpress.com,ChIJIU3hCRiTc0cRbN9K783KsYE
Austria,"Zaunwerk Müller - Zäune, Einfriedungen und Metallbau","Rainerstraße 15, 4600 Wels, Austria",Wels,,https://www.zaunwerk.at/,office@rundrweb.com,ChIJ5RWX_K7zc0cRGevbd5w3HwU
Austria,KIWIZAUN,"Aigenstraße 21, 4600 Thalheim bei Wels, Austria",Wels,,http://kiwizaun.com/,office@kiwizaun.com,ChIJI4vY45zyc0cRjwn4tjhx_rk
Austria,"Schartner Tortechnik - Tore, Zäune & Antriebe","Gärtnerstraße 11, 4600 Wels, Austria",Wels,,http://www.tortechnik.co.at/,office@tortechnik.co.at,ChIJZVFkFLvyc0cR6Osv5r4U3B0
Austria,Der Zaunprofi Julia Cservenka,"Negrellistraße, Industriegebiet 38, 4600 Wels, Austria",Wels,,https://www.derzaunprofi.at/,office@derzaunprofi.at,ChIJsxIEhlDtc0cRhsPaJtqLe1o
Austria,Zaun 4 You e.U.,"Gutlederergasse 3/7, 3100 St. Pölten, Austria",Sankt Pölten,,http://www.zaun4you.co.at/,office@zaun4you.co.at,ChIJnRdrc2yHbUcRI-BhP4N1C9k
Austria,Zaun - Silbud Leszek Remiszewski,"Trautsonstraße 26, 3100 St. Pölten, Austria",Sankt Pölten,,,,ChIJ0R_gnrJ4ckcRgVCGpfZJV5s
Austria,Zaunteam Vorarlberg,"Bobletten 28, 6850 Dornbirn, Austria",Dornbirn,,https://www.zaunteam.at/de/partner/29-zaunteam-vorarlberg,vorarlberg@zaunteam.at,ChIJfS2s5jtrm0cRSqYiJQbzcBw
Austria,OBI store Wiener Neustadt,"Prof.-Dr.-Stephan-Koren-Straße 14, 2700 Wiener Neustadt, Austria",Wiener Neustadt,,https://www.obi.at/markt/wiener-neustadt?wt__mc=gp.at065_Wiener_Neustadt%E2%80%A6,service@obi.at,ChIJv3KGmcrLbUcR9gNCDzwZH20
Austria,SG Verleih Darko Stajic,"Salbeistraße 3, 4484 Kronstorf, Austria",Steyr,,https://www.sgverleih.at/,,ChIJI7HLHzdLSwUR4BhOFlbr4MY
Austria,ATM Zaunsysteme,"Eulenweg 40, 2230 Gänserndorf, Austria",Klosterneuburg,,https://www.atm-zaunsysteme.at/,office@atm-zaunsysteme.at,ChIJTdcWhoHjbEcR6kLIAHhGuzI
Austria,AG Zäune,"Am Industriepark 9/b, 9431 Wolfsberg, Austria",Wolfsberg,,https://ag-zaun.at/,support@webador.de,ChIJC8uE6GwhcEcRkYNRITMTUDQ
Austria,Zaunteam Obersteiermark-Ost,"Parschluger Str. 20, 8605 Kapfenberg, Austria",Leoben,,https://www.zaunteam.at/de/partner/190-zaunteam-obersteiermark-ost,obersteiermark-ost@zaunteam.at,ChIJ_QecyyMdbkcRY6MPzPQz8bQ
Austria,zaunfabrik.at,"Neubauerstraße 24, 4050 Traun, Austria",Traun,,http://www.zaunfabrik.at/,office@zaunfabrik.at,ChIJmTT_QQqVc0cRf-HbVVn44gE
Austria,EPS-Austria GmbH,"Doktor-Knechtl-Straße 1, 4050 Traun, Austria",Traun,,http://www.eps-austria.at/,,ChIJh72F-OKVc0cRbcGhPGsuokc
Austria,Dr. Friedrich Zaunbauer,"Schwedengasse 6, 3500 Krems an der Donau, Austria",Krems,,,,ChIJqxT_dUSEckcRVOfBrtLV9Go
Austria,Schuma Zäune und Balkone | Rohr im Kremstal,"Linzer Str. 2, 4532 Rohr im Kremstal, Austria",Krems,,http://www.schuma.at/,,ChIJRYVN9h3Cc0cRZwIJXYBmQCg
Austria,Zaunmax - GUARDI Fachpartner,"Gatterkreuzweg 7, 3133 Traismauer, Austria",Krems,,https://www.zaunmax.at/,info@zaunmax.at,ChIJnQkQB4R-bUcRe3gHTQX509s
Austria,RD Doppelstabmattenzaun | Purgstall an der Erlauf,"Feichsenstraße 11, 3251 Purgstall an der Erlauf, Austria",Amstetten,,https://www.rdbau.at/,info@rdbau.at,ChIJbYJgoJprckcRPo-r_dMsjvc
Austria,Wurz Zäune,"Energiestraße 1, 3304 St. Georgen am Ybbsfelde, Austria",Amstetten,,http://www.zaun-wj.at/,info@zaun-wurz.at,ChIJIS_fNwhHckcRCzmQx1LtoTw
Austria,Brandstetter Tor und Zaun GmbH - Ihr HÖRMANN und GUARDI Fachpartner,"Betriebsgebiet Nord 9, 3300 Ardagger Stift, Austria",Amstetten,,http://www.torundzaun.at/,office@torundzaun.at,ChIJVfRvFW9JckcR953KKjT6Tqw
Austria,Zaunteam Haunschmid,"Bach 28, 3321 Ardagger Markt, Austria",Amstetten,,https://www.zaunteam.at/de/partner/162-zaunteam-haunschmid,name@email.at,ChIJuwhNS0dPckcR6sakC04RNdE
Austria,Schweiger Zaunsysteme | Mödling,"Hartigstraße 22, 2340 Mödling, Austria",Mödling,,http://www.firma-schweiger.at/,,ChIJMYNY3f-ubUcR8GMnsIqeMo8
Austria,Zaunteam Tirol Unterland,"Amberg 18, 6334 Schwoich, Austria",Kufstein,,https://www.zaunteam.at/de/partner/26-zaunteam-tirol-unterland,tirol-unterland@zaunteam.at,ChIJjwzDgMc2dkcRc-TiYp1C4gk
Austria,TORtechnik Unterland,"Eibergstraße 5, 6330 Kufstein, Austria",Kufstein,,https://tortechnik-unterland.at/,info@tortechnik-unterland.at,ChIJT4jTHgAxdkcRjN8Iy6FWgkc
Austria,Motorikpark Kufstein,"Pienzenauerstraße 24, 6330 Kufstein, Austria",Kufstein,,http://www.kufstein.at/,kufstein@lms.tsn.at,ChIJ8TAC3UI3dkcRWwz_CBlfDsU
Austria,NADA Zaun & Montage GmbH,"Triester Str. 131, 2512 Traiskirchen, Austria",Traiskirchen,,https://www.fztechnik.at/,zftechnik@yahoo.at,ChIJaZnC2UOxbUcRcKNcLzh1hNg
Austria,Stock.Storage – Dein Platz. Dein Raum.,"Josef-Sandhofer-Straße 6, 2000 Stockerau, Austria",Stockerau,,https://stock.storage/,office@stock.storage,ChIJdVgZ1wgTbUcRlfLVESyGYds
Austria,Haas hardware store Telfs,"Obermarktstraße 44, 6410 Telfs, Austria",Telfs,,http://www.haas-baustoffe.at/,,ChIJ7ezFkikanUcR6nScuu42PO4
Austria,EUROTOR,"Dunkelsteiner Str. 10, 2630 Ternitz, Austria",Ternitz,,https://www.eurotor.at/,office@eurotor.at,ChIJb6XbxWTQbUcRBulLSkRp_1c
Austria,Zaunteam Schneebergland,"Auestraße 101, 2640 Gloggnitz, Austria",Ternitz,,https://www.zaunteam.at/de/partner/24-zaunteam-schneebergland,schneebergland@zaunteam.at,ChIJv2j_1dPebUcRmZxM5815shs
Austria,Fox Storage Garagenpark Feldkirchen,"Industriestraße, 9560 Feldkirchen in Kärnten, Austria",Feldkirchen,,https://fox-storage.at/,office@fox-storage.at,ChIJIWqx34B7cEcRXKwYXSllEiM
Austria,Self Storage,"10.-Oktober-Straße 1, 9560 Feldkirchen in Kärnten, Austria",Feldkirchen,,http://www.wohlfuehlwohnen.at/,,ChIJZWSmFU97cEcRFdfK_QUHlK8
Austria,Zaun-Profi Helmut Pechhacker,"Bahnhofstraße 7, 6781 Bartholomäberg, Austria",Bludenz,,http://www.zaunprofi.eu/,office@zaun-profi.at,ChIJrUh7hppRm0cR5M7Cy2TEufE
Austria,Garagentore Stephan Seidnitzer,"Kreuterer Str. 23F, 4820 Bad Ischl, Austria",Bad Ischl,,https://www.garagentore-seidnitzer.at/,stephanseidnitzer@icloud.com,ChIJXZRI08yydkcRDT7E8mgCxDQ
Austria,Zauntechnik Hausensteiner,"Theodor Kery-Straße 17, 7332 Kobersdorf, Austria",Eisenstadt,,http://www.zmh-hausensteiner.at/,dsa-poc@group.one,ChIJiViY7JMobEcRXP5arkSQEKY
Austria,AA Baumanagement GmbH,"Doktor-Alfons-Weissgatterer-Straße 32, 6130 Schwaz, Austria",Schwaz,,https://www.aa-baumanagement.at/,,ChIJMWX4NBp9nUcRB18W3_kd9NA
Austria,metallbau tuschek gmbh,"Koaserbauer-Straße 4, 4810 Gmunden, Austria",Gmunden,,https://www.metallbau-tuschek.at/,,ChIJOeQW_Sr8c0cRurOs5uWpNuE
Austria,Sommerzaun,"Grenzstraße, 5071 Siezenheim, Austria",Wals-Siezenheim,,https://www.sommerzaun.at/kontakt/,,ChIJHZp2uu-PdkcRkwtuWHoTRF8
Austria,Creativ Zaun Design GmbH,"Gewerbepark Str. 7, 4615 Holzhausen, Austria",Marchtrenk,,https://www.creativ-zaun-design.at/,office@creativ-zaun-design.at,ChIJw1rEtt2Sc0cRfIqg5Wu58lA
Austria,Pongauer Jägerzaun Komenda GmbH,"Postweg 3, 2620 Neunkirchen, Austria",Neunkirchen,,https://www.komenda.cc/,office@komenda.cc,ChIJle7FF0TQbUcRyRZrDG68vX4
Austria,Kleemayr Zäune & Tore GmbH,"Hessestraße 4, 4844 Preising, Austria",Vöcklabruck,,http://www.kleemayr.at/,,ChIJ_cdMbT8HdEcR0Y-9yLPaB-I
Austria,Gittermattenzaun - Abhollager Oberösterreich,"Molkereistraße 3, 4690 Schwanenstadt, Austria",Vöcklabruck,,http://www.gittermattenzaun.at/,beratung@gittermattenzaun.at,ChIJhynPeSQJdEcRqSfD4AHyRA4
Hungary,Mobil Kerítés Bérlés,"Budapest, Fonal u., 1184 Hungary",Budapest,,,,ChIJjSuvxf7CQUcRcgpVzXdsPM4
Hungary,"Pepe Fence - Mobilkerítés, Táblás kerítés","Vecsés, Hrsz 0220/10, 2220 Hungary",Budapest,,http://pepefence.hu/,info@pepefence.hu,ChIJ6fb5x93rQUcR377lenV3LyM
Hungary,Kerítésrendszerek Kft. (mobilkerítés ügyintézés),"Budapest, Csabai út 7, 1173 Hungary",Budapest,,http://www.keritesrendszerek.hu/,,ChIJFcUVjU3BQUcRiyhp8yvtbng
Hungary,BudaKerítés | 3D táblás - Mobil kerítés,"Solymár, Valkó út 5, 2083 Hungary",Budapest,,https://www.bggroup.hu/hu/kerites,info@budakerites.hu,ChIJxySYVJN3akcRlsXrdW_68wo
Hungary,Alfafence Magyarország Kft.,"Szigetszentmiklós, Mester u. 7, 2310 Hungary",Budapest,,https://www.alfafence.hu/,info@alfafence.hu,ChIJ5SpSbgPlQUcRKTRs1gUGCl4
Hungary,Komplex Kerítés Kft.,"Budapest, Erdősáv u. 35, 1188 Hungary",Budapest,,https://www.komplexkerites.hu/,info@komplexkerites.hu,ChIJS5XER6fpQUcR4HPF7BKVU7A
Hungary,Kerítés-Speciál Kft.,"Nagytarcsa, Naplás út 5, 2142 Hungary",Budapest,,http://kerites-special.hu/,info@kerites-special.hu,ChIJldqPr7_FQUcRSB3idVgYwKk
Hungary,Kerítéscentrum Kft.,"Budapest, Rétifarkas u. 6, 1171 Hungary",Budapest,,http://keritescentrum.hu/munkavedelmi-keritesek/,info@keritescentrum.hu,ChIJM7M2fAzEQUcRxljOJ8L7g48
Hungary,Kerítés24,"Budapest, Angyalföldi út 38, 1134 Hungary",Budapest,,http://www.kerites24.hu/,info@miazemailcim.hu,ChIJV6_BGUzbQUcRAcjKxh-JQcs
Hungary,Kerítésrendszerek Kft. Monor,"Monor, Ceglédi út 44, 2200 Hungary",Budapest,,https://keritesrendszerek.hu/,,ChIJ4UMn3QWXQUcR8Ki0F6da7lI
Hungary,Mobilkerítés,"Budapest, 532. u., 1173 Hungary",Budapest,,https://mobilkerites.hu/ugyfelszolgalat,kormoczi.norbert@keritesrendszerek.hu,ChIJ5w584IzDQUcR7qWmBdCUNw4
Hungary,Mobilkerítés,"Budapest, Varsó u. 31, 1145 Hungary",Budapest,,https://mobilkerites.hu/aszf,info@keritesrendszerek.hu,ChIJxZiUgXrbQUcRtzhx8mZQB9E
Hungary,Kerítésrendszerek Kft. iroda és raktár,"Budapest Pesti út 474K, 1171 Hungary",Budapest,,http://www.keritesrendszerek.hu/,,ChIJFcUVjU3BQUcR4Ec5p5rl_Ow
Hungary,REWIAN KERÍTÉS,"Ecser, Ipar u. 2, 2233 Hungary",Budapest,,https://www.rewian.hu/,info@rewian.hu,ChIJU_ehMh7BQUcRScoh-MxWT3A
Hungary,Kerítésland,"Pécel, Pesti út 3/A, 2119 Hungary",Budapest,,https://keritesland.hu/,info@keritesland.hu,ChIJafRKBz7HQUcR4d0_clvkLMU
Hungary,Kerítésmegoldások.hu,"Csép, Dózsa György u. 8-10, 2946 Hungary",Budapest,,https://keritesmegoldasok.hu/,info@keritesmegoldasok.hu,ChIJK8CfFs2za0cR1KOijAqnTh8
Hungary,"Térkövezés, terasz és kerítés építés - Budapest, Dunakeszi, Fót, Göd, Vác, Veresegyház","Dunakeszi, Erzsébet utca 4 ,b, 2120 Hungary",Budapest,,https://terkogyar.hu/,info@terkogyar.hu,ChIJZeZXe5TQQUcRid8q59pvBoc
Hungary,ÁszKerítés,"Taksony, Fő út 84, 2335 Hungary",Budapest,,https://keritesasz.hu/,KERITES@KERITESASZ.HU,ChIJAQDktkbbQUcR_Skd3DYSDd0
Hungary,"Nívó Óbuda–Biztonsági ajtó, gondozásmentes kerítés és pergola értékesítés, tanácsadás","Budapest, Farkastorki út 4, 1037 Hungary",Budapest,,https://nivo.hu/,,ChIJL9q4J5XZQUcRJ5zdBBhmJ1k
Hungary,"Ker-x Pro Hungary Kft. Kerítés Építés, Forgalmazás","Győr, Déryné utca 45, 9011 Hungary",Budapest,,http://www.kerites.pro/,info@kerites.pro,ChIJdfhWkGu_a0cRGKP6x85_dSU
Hungary,Kapu készítés,"Budapest, Bekecs u. 82, 1162 Hungary",Budapest,,http://www.kapukeszites.hu/,kapukeszitesub@gmail.com,ChIJPSvH2h3FQUcRBQ6XrLR26og
Hungary,Betonpanel-betonkerítés,"Alsónémedi, GLS Európa u. 2, 2351 Hungary",Budapest,,http://www.betonpanel.hu/,info@betonpanel.hu,ChIJs_Fjv4brQUcRsck8EdQrM8g
Hungary,Kerítésléc,"Budapest, Akadály u., 1183 Hungary",Budapest,,https://keriteslecshop.hu/adatkezelesi-tajekoztato,ugyfelszolgalat@naih.hu,ChIJE04mxjbCQUcR6uVOmiXVENo
Hungary,Bíró Kerítés,"Kótaj, Árpád u. 10, 4482 Hungary",Budapest,,https://birokerites.hu/,info@birokerites.hu,ChIJrRczuCSjOEcRVrNBsWKqxyw
Hungary,DUNAMENTI REGIONÁLIS KERÍTÉSGYÁRTÓ,"Dunavecse, Bajcsy-Zsilinszky u. 47, 6087 Hungary",Budapest,,http://kerites.hupont.hu/11/kerites-epites,keritesnagyker@gmail.com,ChIJvxMDdtI9QkcR9bDEa-Ut2OA
Hungary,Kerítésmánia,"Veszprém, Szövetkezet u. 4, 8411 Hungary",Budapest,,https://keritesmania.hu/,info@keritesmania.hu,ChIJ6zWlEqGbaUcRFh4prwV0rM8
Hungary,Árvai Kerítés,"Mályi, Pesti u. 23, 3434 Hungary",Budapest,,https://www.arvai-kerites.hu/,info@arvai-kerites.hu,ChIJX4GjpdijQEcRbn6zhfEvHeo
Hungary,Plastic Fence Specialists,"Budapest, Baross u 104, 1082 Hungary",Budapest,,http://muanyagkerites.hu/,info@furjes.hu,ChIJoTpIB_TcQUcRJIlGPC-azF0
Hungary,"Klau and Partner Kft. - Wild and wire mesh netting, fencing","Érd, Damjanich János u. 31, 2030 Hungary",Budapest,,http://www.erdikerites.hu/,,ChIJu8PsLl3hQUcRCPC4ZLZ8nvc
Hungary,DIGNITAS Kerítés Kft.,"Fényeslitke, Hunyadi u. 13, 4621 Hungary",Budapest,,https://www.dignitas.hu/,info@dignitas.hu,ChIJf3AFEhPtOEcRyUUyShVsZ1Q
Hungary,Kótaji Kerítésgyártó,"Buj, Kóborlótanya 1, 4483 Hungary",Budapest,,https://kotaji-kerites.hu/,,ChIJ11RM-mWiOEcRv72gFyObc5A
Hungary,"Viva Kővilág 21 Kft - Térkövezés, Kerítés építés, Hőszigetelés","Szigethalom, Rákóczi u. 107, 2315 Hungary",Budapest,,https://vivakovilag.hu/,vivakovilag@gmail.com,ChIJM22mL_L7_ksRGvaBIC6nQWU
Hungary,"Garanciális Kivitelezés (lakásfelújítás, Homlokzati hőszigetelés, házfelújítás, kerítés építés, felújítás)","Budapest, Erzsébet királyné útja 36.b, 1142 Hungary",Budapest,,https://www.homehouse.hu/,iroda@homehouse.hu,ChIJFcdwKXDbQUcRpe1MMBos3J0
Hungary,WPC Nagyker - WPC teraszburkolatok és kerítések,"Budapest, Fehérvári út 78, 1117 Hungary",Budapest,,https://www.wpcnagyker.hu/,info@wpcnagyker.hu,ChIJP00BIADdQUcR5YPkpiW_S1U
Hungary,Borsodi Kerítésépítő Kft.,"Budapest, Rottenbiller u. 44, 1078 Hungary",Budapest,,,,ChIJcRuv4XzcQUcR2ouER5zpPb8
Hungary,Építőipari gépkölcsönző Debrecen | Bestrental |,"Debrecen, Monostorpályi út 33, 4030 Hungary",Debrecen,,http://bestrental.hu/kolcsonzes/kolcsonzes-k1.html,,ChIJFe_B8_QOR0cR51rChe3UwN0
Hungary,"Szabév Kft. - Drótfonat és Vasanyag, Kerítés, Betonoszlop, Betonacél","Debrecen, Vállalkozók útja 12, 4225 Hungary",Debrecen,,http://www.szabev.hu/,,ChIJZ8SpnB4TR0cRYp7xrQh6CBA
Hungary,Bestrental Csavarbolt Debrecen,"Debrecen, Monostorpályi út 33, 4030 Hungary",Debrecen,,http://www.bestrental.hu/,,ChIJu7tIh_QOR0cR3g8vTdmTxgE
Hungary,Kerítésrendszer Debrecen,"Debrecen, Kishatár u. 18, 4031 Hungary",Debrecen,,https://www.keritesrendszer.hu/,keritesdebrecen@gmail.com,ChIJkQYfvqsLcEARzsONEAZLkPU
Hungary,Kerítésker Kft.,"Győr Győr Koroncói út Hrsz, 01628/2, 9012 Hungary",Debrecen,,http://keritesker.hu/kapcsolat/,info@keritesker.hu,ChIJPSo8KnzAa0cRCrs2lo8ny_g
Hungary,Precíz Creator Kft.,"Debrecen, Madár utca 3, 4002 Hungary",Debrecen,,http://www.ujjaepitok.hu/,howell.liberty@atithte.si,ChIJj4Fo2WEOR0cR4SBrxnDHzZg
Hungary,"Nívó Debrecen–Biztonsági ajtó, gondozásmentes kerítés és pergola értékesítés, tanácsadás","Debrecen, Balmazújvárosi út 12, 4031 Hungary",Debrecen,,http://www.nivo.hu/,debrecen@nivo.hu,ChIJ-6WoMm8RR0cRV7oK44eTc_I
Hungary,Kovácsoltvas kerítés,"Debrecen, Hét vezér u. 83, 4034 Hungary",Debrecen,,https://www.metalmarket.hu/?m=62,metalmarket.keritescentrum@gmail.com,ChIJz1Nz54EOR0cR2Vtwd3BbunY
Hungary,"Árk Bau - Generálkivitelezés, térkövezés, kerítésjavítás, betonozás, tereprendezés","Debrecen, Bethlen u. 52, 4026 Hungary",Debrecen,,https://www.arkbau.hu/,info@arkbau.hu,ChIJ8zf4GwUNR0cRKjTE62AbWw4
Hungary,"MaBau kertépítés, térkövezés, kerítés építés, földmunkák","Debrecen, Kőrösi Csoma Sándor utca 23/A, 4033 Hungary",Debrecen,,,,ChIJy_V4MXoNR0cR0azgtuudJxU
Hungary,Dritor Plusz Kft.,"Debrecen, Külső, Kassai út 49, 4014 Hungary",Debrecen,,http://www.dritorpluszkft.hu/,dpferi@gmail.com,ChIJp7j3q5gSR0cRl03Crl6IGsk
Hungary,WPC STORE,"Debrecen, Köntösgát sor 15, 4031 Hungary",Debrecen,,https://wpcstore.hu/,info@wpcstore.hu,ChIJ_12vI-gRR0cRDklCIOO6QYI
Hungary,"Kovácsoltvas kerítés, korlát - KovacsoltvasDebrecen.hu","Hajdúsámson, Zöldfa u. 3/B, 4251 Hungary",Debrecen,,https://www.kovacsoltvasdebrecen.hu/,vargaimre6363@gmail.com,ChIJh_AeQy9zR0cRxyo3fZYHBQ0
Hungary,Betongarden kerítès,"Derecske, Köztársaság út 20, 4130 Hungary",Debrecen,,http://www.beton.ucoz.hu/,betongarden1@gmail.com,ChIJr5oJoOEDR0cRMuQ8AHWVkyw
Hungary,Szeged Kerítés áruház (Szabókert Plusz Kft.),"Szeged, Algyői út 87, 6728 Hungary",Szeged,,https://szegedkerites.hu/,,ChIJ05XS7zFjREcRR_-Z8PrXux0
Hungary,Kerítés1.hu,"Szeged, Szabadkai út 108, 6729 Hungary",Szeged,,http://www.kerites1.hu/,,ChIJZ1iZAVuHREcRV4lr4xqPjIk
Hungary,Alpha-Kerítés,"Szeged, Thököly u. 49, 6726 Hungary",Szeged,,http://alphakerites.hu/,,ChIJ1R291p6JREcRvwX44tZwu5k
Hungary,GyurMó Kerítés Mintabolt,"Szeged, Dorozsmai út 35, 6791 Hungary",Szeged,,http://gyurmokerites.hu/,info@gyurmokerites.hu,ChIJIayR2eSHREcRd5MND79XnZE
Hungary,Drót-kerítés és Barkács Szaküzlet,"Miskolc, Csabavezér út 101, 3508 Hungary",Miskolc,,http://drot-kerites.hu/,info@domainem.hu,ChIJa3225DKgQEcR7IgeNdy7cB4
Hungary,Silver Fence Elemes betonkerítés építés Miskolc,"Miskolc, Győri kapu 136, 3532 Hungary",Miskolc,,https://silverfence.hu/,mlinarcsiki@gmail.com,ChIJ9wG132efQEcRyQcdEf9KxUQ
Hungary,Simer-95 Bt. - Drótkerítés gyártás,"Miskolc, Kalló u. 39, 3531 Hungary",Miskolc,,https://www.simerdrot.hu/,simon.gyorgy72@gmail.com,ChIJ5WgpHsSfQEcRI42sUvmBfZw
Hungary,ALUKAPU,"Miskolc, Szegedi u. 27, 3533 Hungary",Miskolc,,,,ChIJVVXFRAefQEcRWde5Xd3ZfQw
Hungary,DE-FENCE-Trade Kft.,"Miskolc, Vágóhíd u. 4-6, 3527 Hungary",Miskolc,,http://www.de-fence.hu/,info@de-fence.hu,ChIJszmiKPmfQEcRVt0fAxO2tZQ
Hungary,Okoskapuk,"Miskolc, Szilágyi Dezső u. 52, 3529 Hungary",Miskolc,,http://www.okoskapuk.hu/,okoskapuk@gmail.com,ChIJc4bTV6xIY0MRGZIBCfLbPKA
Hungary,Betonkerítés,"Miskolc, Vágóhíd u., 3527 Hungary",Miskolc,,http://www.betonkerites.eu/?m=5,,ChIJFfeK6P9fP0cRyaT1TZ8407c
Hungary,Steel Centrum- Kerítés Kerítéselemek Kereskedés,"Pécs, Finn u. 2, 7630 Hungary",Pécs,,http://www.steelcentrum.hu/,,ChIJLe1So6WxQkcRg8ducMeUiok
Hungary,SM-Huzal Kft.- Drótkerítés gyártó és forgalmazó,"Kozármisleny, Pécsi u. 1/a, 7761 Hungary",Pécs,,https://www.keritesneked.hu/,info@keritesneked.hu,ChIJwUGrChy0QkcRwSETCC4eWYI
Hungary,"Tömlőgyártás, Munkahenger Javítás, Hidro-Mobil Kft. Parker Store, Perma Hungary","Pécs, Pécsváradi út 12/1, 7630 Hungary",Pécs,,http://www.hidro-mobil.hu/,webshop@hidro-mobil.hu,ChIJx6iZ59iwQkcRoTdFWxxt89E
Hungary,BaranyaiKerítés,"Győrzámoly, Nyírfa Liget 35, 9172 Hungary",Pécs,,https://keritesbaranyai.hu/,info@keritesbaranyai.hu,ChIJoROJ1uGVa0cRM4euk6PNsjA
Hungary,Gabion kerítés,"Pécs, Árpádtető 2, 7628 Hungary",Pécs,,,,ChIJC9uPT5m6QkcRyzYwfFQGoiE
Hungary,Steelz - Kerítések,"Pécsudvard, Miklósi Gyula u. 14, 7762 Hungary",Pécs,,,,ChIJz2AQb5W1QkcRbcQYeUmOkUE
Hungary,"Telesys Kft. - Ipari kapu rendszerek, ajtó rendszerek, dokkoló rendszerek,garázskapu","Pécs, Rácvárosi út 62, 7634 Hungary",Pécs,,https://telesys.hu/,automatika@telesys.hu,ChIJn-gwJP-xQkcR46S9yYNuO4o
Hungary,Torland-Ker Kft.,"Győr, Tőzike u. 3, 9026 Hungary",Győr,,http://www.torland.hu/,info@torland.hu,ChIJqWIzmNe_a0cRMW77_TBmY68
Hungary,Kerítés Neked,"Győr, Fehérvári út, 9000 Hungary",Győr,,https://keritesnekedgyor.hu/,lakatosgyor01@gmail.com,ChIJswzc4L2_a0cRq7MC5GBpAcY
Hungary,Alu-Kerítés Győr,"Győr, Hűtőház u. 2, 9027 Hungary",Győr,,http://www.alu-kerites.hu/,info@alu-kerites.hu,ChIJPw4Wcsi_a0cRV5nxWjmdSdo
Hungary,lamellás kerítéselem györ,"Győr, Tőzike u., 9026 Hungary",Győr,,http://keritesgyor.hu/ajanlatkeres/,info@torland.hu,ChIJBT0kSdG_a0cRGxEwRnm0YbM
Hungary,Elemes Kerítés Bt,"Dunasziget, 9226 Hungary",Győr,,,,ChIJM32xStd3bEcRJBCzsej0b7Y
Hungary,Fence e.v P Wild tech Wild Braid Wire Mesh,"Nyíregyháza, Bogyó u. 2, 4400 Hungary",Nyíregyháza,,http://www.vadhalo.eu/,info@ptechkerites.com,ChIJ4wZtKYufOEcR5BMRqzjMLSs
Hungary,KERÍTÉS ÉPÍTŐK BOLTJA,"Nyíregyháza, Kemecsei út 22, 4431 Hungary",Nyíregyháza,,,,ChIJb6zAs0OfOEcRnsOUHiEUH1E
Hungary,ALUkerítések Kft.,"Nyíregyháza, Búvár u., 4400 Hungary",Nyíregyháza,,http://www.alukeritesek.hu/,info@alukeritesek.hu,ChIJ4VscJsGhOEcR1yeG1Swqa8I
Hungary,Y-Szektor Kft,"Nyíregyháza, Pazonyi út 55, 4400 Hungary",Nyíregyháza,,https://www.yszektor.hu/,info@yszektor.hu,ChIJq_0HQgGfOEcRyJw2G40qJRw
Hungary,Kerítéstrend - Guardi Magyarország Kft.,"Hajdúböszörmény, Baltazár Dezső utca 58, 4220 Hungary",Nyíregyháza,,http://www.keritestrend.hu/,info@keritestrend.hu,ChIJfdTd4VVrR0cROYsQK385lOs
Hungary,Nyírségi Építőipari Kft.,"Nyíregyháza, Pásztor köz 7, 4405 Hungary",Nyíregyháza,,http://nyirepitok.hu/,,ChIJ-2ONrgyfOEcRKOul-90C_Xc
Hungary,Kerítésléc,"Kecskemét, Petőfi Sándor u., 6000 Hungary",Kecskemét,,https://keriteslecshop.hu/rolunk,info@keriteslecshop.hu,ChIJvWL_zxLaQ0cRotrW-WARSks
Hungary,Perfekt Kerítés Kft,"Székesfehérvár, Berényi út 72-100, 8000 Hungary",Székesfehérvár,,https://www.perfektkerites.hu/,2062d0a4929b45348643784b5cb39c36@sentry.wixpress.com,ChIJeZA3a5b3aUcRQkwfc9GTyRI
Hungary,"Nexxus Kft - Tetővilág Bevilágító, Kerítés, Trapézlemez, Szendvicspanel","Székesfehérvár, a vasúti átjáró előtt jobbra, Új Csóri út, 8000 Hungary",Székesfehérvár,,http://tetovilag.hu/,,ChIJ8-IOIUT3aUcR-CycLmBsiv4
Hungary,Kerítéslécek,"Székesfehérvár, Seregélyesi út 70/a, 8000 Hungary",Székesfehérvár,,https://keriteslecek.hu/partnerek/,ugyfelszolgalat@impralan.hu,ChIJOyXevI73aUcR6c78lgiSHaI
Hungary,Asztalos Székesfehérvár - Árki és Árki bútorasztalos műhely,"Székesfehérvár, Seregélyesi út 61, 8000 Hungary",Székesfehérvár,,https://asztalosszekesfehervar.hu/,info@asztalosszekesfehervar.hu,ChIJ40Z1eY73aUcRW-FwBm37-h0
Hungary,Fiber Laser Kft. Egyedi lézervágott kerítés - Lézervágás,"Veszprém, Házgyári út 1, 8200 Hungary",Székesfehérvár,,https://www.keritesuzem.hu/,,ChIJbQATpc6baUcRgZGvEG_meqc
Hungary,NagyKerítés,"Szombathely, Rumi út 278, 9700 Hungary",Szombathely,,http://www.nagykerites.hu/,iroda.nagykerites@gmail.com,ChIJ64PF8M-Ja0cRsE46sG_gJQk
Hungary,RU-TE Kerítéseket építünk.,"Szombathely, Stromfeld Aurél u. 53, 9700 Hungary",Szombathely,,http://www.ru-te.hu/,lodurfkft@lodurfkft.hu,ChIJc4fagI-5bkcRMUpzbmXaESw
Hungary,"Murugan Kft, NagyKerítés","Szombathely, Rumi út 278, 9700 Hungary",Szombathely,,http://nagykerites.hu/,iroda.nagykerites@gmail.com,ChIJObcsQXi3bkcR7IeVV0MKxJg
Hungary,Kerítés Szombathely,"Szombathely, Zanati út 15, 9700 Hungary",Szombathely,,,,ChIJKcfreAC5bkcRT-9o-I27FOQ
Hungary,"Cont-Eco Kerítéstechnika-vadhálók, villanypásztor, elektromos kerítésrendszerek, napelem","Szombathely, Csaba u. 10, 9700 Hungary",Szombathely,,http://www.cont-eco.hu/,info@cont-eco.hu,ChIJsY_wW9a5bkcRLVqr4ZksDak
Hungary,VINEX Villanypásztor Szaküzlet és Állattartók Boltja,"Szombathely, Bethlen Gábor u. 4, 9700 Hungary",Szombathely,,https://vinexvillanypasztor.hu/,info@vinexbt.hu,ChIJFRzmijW4bkcR2U8x_jRZskE
Hungary,Plate-Kerítés Kft.,"Szolnok, Újszászi út 15, 5000 Hungary",Szolnok,,http://www.plate-kerites.hu/,platekerites@gmail.com,ChIJacuINhtBQUcRh6JVwuVj3hQ
Hungary,Lakatos Szol-Team Kft - Kapukészítő,"Szolnok, Daru u. 1, 5000 Hungary",Szolnok,,https://lakatosszolnok.hu/,info@lakatosszolnok.hu,ChIJCdB_DC1BQUcROjXswugLLUk
Hungary,GATECH Kaputechnika,"Szolnok, Jávorfa u. 8, 5000 Hungary",Szolnok,,https://gatech.hu/,info@gatech.hu,ChIJOwFHOsFFQUcRcuXP_gWRf9M
Hungary,Kaputechnika Szolnok,"Szolnok, Erzsébet u. 2, 5000 Hungary",Szolnok,,,,ChIJVWQ_AQVHQUcR63qT0GsSsy0
Hungary,"HURON Solutions Kft - Járórács, Kerítés és Polikarbonát rendszerek","Tatabánya, Búzavirág u. 8, 2800 Hungary",Tatabánya,,https://huronsolutions.hu/,info@huronsolutions.hu,ChIJdW6-e8hHakcR4_YzWRflWbg
Hungary,"AlCuProduct Kft Alumínium cső, Alumínium lemez, Alumínium profil, Alumínium rúd, kerítés profil, Rozsdamentes acél termék","Tatabánya, Búzavirág u. 5, 2800 Hungary",Tatabánya,,http://alcuproduct.hu/,alcuproduct@gmail.com,ChIJgVfiRidBakcRbfICOFETboc
Hungary,Vario Kerítés,"Komárom, Báthori István u. 13, 2900 Hungary",Tatabánya,,http://www.variokerites.hu/,,ChIJvxiJCe2ya0cRG7zQCmE3VxE
Hungary,FENCE MANUFACTURER,"Kaposvár, Pécsi u. 11, 7400 Hungary",Kaposvár,,http://kerites.hupont.hu/,keritesnagyker@gmail.com,ChIJr036Qh0WaEcRLeeRSNGLpRI
Hungary,Kerítés a Gyártótól,"Érd, Bagoly u. 83, 2030 Hungary",Érd,,http://www.beton-kerites.hu/elemeskerites.html,,ChIJRTmUOtfjQUcRUWxgXfWZDes
Hungary,"Egrokorr Zrt. - Beltéri Falfesték, Parkettalakk, Kerítésfesték, Műanyag Festék, Sziloplaszt","Érd, Fehérvári út 63/a, 2030 Hungary",Érd,,http://www.egrokorr.hu/,egrokorr@egrokorr.hu,ChIJowZYS8_jQUcRCAa588Za3mU
Hungary,Fence Systems Kft.,"Biatorbágy, Szabadság út 123, 2051 Hungary",Érd,,http://keritesrendszerek.hu/,,ChIJDQIuCdYKakcRFTtOuAeoau4
Hungary,Elektromos kerítés,"Érd, Kaktusz u. 24, 2030 Hungary",Érd,,http://www.omniguard.hu/kapcsolat.php,,ChIJ-0fGzEDhQUcRbHjzcf1taV8
Hungary,Assemblock Bt. - Kerítésmester,"Budapest, Őszirózsa u. 10, 1238 Hungary",Érd,,https://www.keritesmester.com/,assemblockbt@gmail.com,ChIJW9NR31vpQUcRNi_0Pdxd-Cw
Hungary,"Erdei Máté E.V. Műköves munkák, kerítés fedlap,műkő lépcsők, ablakpárkányok, medence szegélykő,","Érd, Iparos u. 73-12 lakás, 2030 Hungary",Érd,,http://mukomunkakerd.wixsite.com/mukoves,605a7baede844d278b89dc95ae0a9123@sentry-next.wixpress.com,ChIJP4LsOtrhQUcRtCjmIY0F5t4
Hungary,"Jókai Kaputechnika . - Garázskapu építés Érd , Kertkapu szervizelés Érd","Érd, Bogyó u. 32/a, 2030 Hungary",Érd,,http://www.jokaikaputechnikakft.hu/,kapuelektromos@gmail.com,ChIJ-dVE1u_hQUcRq2ZIiSvdbjc
Hungary,Piktorok,"Érd, Gyűszűvirág u. 18/A, 2030 Hungary",Érd,,https://www.facebook.com/felujitbau,,ChIJl4fL5_aVb0YR3wbHAMX5O7E
Hungary,Kerítés Veszprém,"Veszprém, Házgyári út 1, 8200 Hungary",Veszprém,,https://keritesveszprem.hu/,ajanlat@keritesveszprem.hu,ChIJE5gPiqybaUcRZVWSX8LwCt4
Hungary,Kerítésmester Bemutatóterem Veszprém,"Veszprém, Szövetkezet u., 8411 Hungary",Veszprém,,http://keritesmester.hu/,info@keritesmania.hu,ChIJZRZvlA6baUcRqC99kLb4EJY
Hungary,"Top Tető 2020 Kft. - Trapézlemez, Cserepeslemez, Gondozásmentes kerítés elemek, Szendvicspanel - Veszprém","Veszprém, Házgyári út 1, 8200 Hungary",Veszprém,,https://www.facebook.com/keritesgyartas.veszprem/,,ChIJlRm8vOObaUcRd1DpTWMLLSw
Hungary,Mi kerítésünk - Alumínium kerítés,"Ajka, Kiskert utca 5, 8400 Hungary",Veszprém,,https://mikeritesunk.hu/,arajanlat@mikeritesunk.hu,ChIJ8UuQM29zaUcRH-t5sHKYbvI
Hungary,Kerítéspark,"Kőröshegy, Árpád u. 175/1, 8617 Hungary",Veszprém,,https://koroshegyfem.hu/index.php/keritespark,,ChIJu9Aq58-5aUcRi2c23ftEITQ
Hungary,KerítésFedlap,"Sarkad, Bartók Béla u. 4, 5720 Hungary",Békéscsaba,,https://www.keritesfedlap.com/,kapcsolat@keritesfedlap.com,ChIJj3_BWNt5RkcRlunBcCBI99U
Hungary,"Drótfonat, Kerítés Silver Ipari és Kereskedelmi Kft.","Zalaegerszeg, Posta u. 21, 8900 Hungary",Zalaegerszeg,,https://www.facebook.com/silverzeg/?modal=admin_todo_tour,,ChIJP-07ER_YaEcRV13_s815ofo
Hungary,Boma Kerítésrendszer Kft.,"Sopron, Somfalvi utca 2, 9400 Hungary",Sopron,,http://www.bomakerites.hu/,bomakerites@gmail.com,ChIJuXJsp6M7bEcRkXqaGYST4BE
Hungary,Alumínium Kerítés Sopron,"Sopron, Unix-al szemben, Győri út 50, 9400 Hungary",Sopron,,,,ChIJG6x7c0U9bEcRkuLnQV9AhJQ
Hungary,WPC Kerítés,"Sopron, Zárányi u. 37, 9400 Hungary",Sopron,,https://otthoneskertkft.hu/?utm_source=google&utm_medium=local&utm_campaign=gmb,,ChIJH_ZdPJc8bEcRKkjARNdAlOE
Hungary,"Orosz-Építők Kft. - Generálkivitelezés, Házépítés, Homlokzati felújítás","Eger, Hatvani kapu tér 4, 3300 Hungary",Eger,,http://www.oroszepitok.hu/,,ChIJu84hIp6NQEcRrsPGq3Y6_mE
Hungary,"Kerítés építés, előtető és korlát gyártás - HVR Metal Kft.","Gyöngyöspata, Jókai Mór út 22/a, 3035 Hungary",Eger,,https://hvrmetal.hu/,info@hvrmetal.hu,ChIJk6fmZx9FQEcRmcrbpHkZsgY
Hungary,"JOLA - Ajtó, Ablak Kereskedés és Kivitelezés","Eger, Cifrakapu u. 162, 3300 Hungary",Eger,,https://www.jola.hu/szakuzleteink/eger,,ChIJYTxpSMaNQEcRQ8eztXX3bw0
Hungary,Plasztik Kerítésrendszer-Szabó Gábor E.V,"Sirok, Petőfi út 59, 3332 Hungary",Eger,,https://plasztik-keritesrendszer.webnode.hu/,gabesz17807@gmail.com,ChIJYzltJX2KQEcRk6Yffor81Bc
Hungary,újHÁZ Centrum | Bodrogi Construction and DIY store,"Hódmezővásárhely, Hódtó u. 21, 6800 Hungary",Hódmezővásárhely,,https://ujhazbodrogi.hu/?utm_source=google_business_profile&utm_medium=gbp_view_website&utm_campaign=hmv_aruhaz,ugyfelszolgalat@ujhazbodrogi.hu,ChIJY5zbB2ZvREcROS6Fn4cDo9g
Hungary,Altimex Kerítés és Kaputechnika,"Hódmezővásárhely, Teleki u. 45, 6800 Hungary",Hódmezővásárhely,,,,ChIJxzQjPHRvREcRvTRLYFBKpV4
Hungary,Egyéni vállalkozó (drótfonat kerítés vadháló),"Bátonyterenye, Arany János út 39, 3078 Hungary",Salgótarján,,http://drotkerites.atw.hu/,,ChIJ161AILxrQEcRK-biNSTfOQE
Hungary,Tüzép és Építőanyagkereskedés Kerob Trade Kft.,"Baja, V.ker, Monostori út hrsz.05/11, 6500 Hungary",Baja,,https://www.facebook.com/kerobkft,,ChIJxWcejBggQ0cRIfguDyNUuwk
Hungary,Monostori Úti Tüzép Kft.,"Baja, Szeder u. 1, 6500 Hungary",Baja,,,,ChIJCRgNMRYgQ0cRPW8EN-680-g
Hungary,Lézer kerítés,"Szigetszentmiklós, Gyári út 37, 2310 Hungary",Szigetszentmiklós,,https://www.lezer-kerites.hu/kapcsolat/,,ChIJxem17JDlQUcR6cGCVi2PRuQ
Hungary,Gyorskerítés Betonkerítés,"Szigetszentmiklós, Gyári út 35, 2310 Hungary",Szigetszentmiklós,,http://betonkeritesek.hu/kapcsolat.shtml,,ChIJyxuMTZDlQUcRhpm7hE4NUuQ
Hungary,Kerítéstipp.hu,"Szigethalom, Mű út 270, 2315 Hungary",Szigetszentmiklós,,http://keritestipp.hu/,keritestipp.magyarorszag@gmail.com,ChIJ7cGYfoPvQUcRMV6-8rxwjB4
Hungary,Zsiki Kft,"Szigetszentmiklós, Kántor u., 2310 Hungary",Szigetszentmiklós,,http://www.cserepeslemez.eu/,,ChIJx-rr7xnmQUcRM5IHcaaqQ5w
Hungary,EJ Project Kaputechnika,"Szigetszentmiklós, Jókai u. 10/a, 2310 Hungary",Szigetszentmiklós,,https://www.ejproject.hu/,info@domainem.hu,ChIJpV205Iqx8KcRUhkBWiJ33SQ
Hungary,"Marosi György, Multiferro Kft. - Kerítés, inox és üvegkorlát, drótfonatgyártás,","Budapest, Rézmű u. 1, 1211 Hungary",Szigetszentmiklós,,https://inoxkorlat.hu/,marosigy@hu.inter.net,ChIJ4-uEXPLnQUcRQgGW_Pthz9M
Hungary,Kerítés elemek,"Halásztelek, Hold u. 36, 2314 Hungary",Szigetszentmiklós,,,,ChIJH3VL_tHlQUcRhriSNqjm-z0
Hungary,Holhós Kapu,"Vác, Petőfi Sándor u. 52, 2600 Hungary",Vác,,http://kapu-korlat-kerites.hu/,,ChIJ6YDmEiCdakcR-bXfw4qBwwE
Hungary,Factory Facility Management Kft.,"Vác, Naszály út 18, 2600 Hungary",Vác,,https://factoryfm.hu/,hello@factoryfm.hu,ChIJ-YFmiZ0rQEcRaMS6g3tPitI
Hungary,Kontex Kft.,"Ajka, Ipari Park Északi Szektor 1/1., 8400 Hungary",Ajka,,http://www.kontex.hu/,,ChIJY9imeJRzaUcRnHw50xw060c
Hungary,Kerítés Design,"Pápateszér, Dózsa u. 36, 8556 Hungary",Pápa,,http://keritesdesign.hu/keriteslecek.html,,ChIJtdIgAQjXa0cRq6ruB1GRRWI
Hungary,"Sommer Bolt - Sommer Disztribútor, márkakereskedés","Hatvan, Esze Tamás u. 4, 3000 Hungary",Hatvan,,http://www.sommerbolt.hu/,info@sommerbolt.hu,ChIJwS6PWklNQEcRXEeaSBl71Vc
Hungary,Farmers Store,"Kiskunfélegyháza, Kecskeméti út 173, 6100 Hungary",Kiskunfélegyháza,,http://www.integralzrt.hu/,baromfi@integralzrt.eu,ChIJoRUZ1NXrQ0cRMgyAoG5JoNQ
Hungary,"Cserepeslemez Shop (Cserepeslemez, Trapézlemez, kerítésléc shop)","Jászberény, Jásztelki út 70, 5100 Hungary",Jászberény,,https://cserepeslemezshop.hu/,info@cserepeslemezshop.hu,ChIJbZwmZTsHQUcR1qBXBVD-YqI
Hungary,"Lemezkereskedés (lemeznagyker.hu) - Trapézlemezek, Cserepeslemezek, kerítéslécek","Jászberény, Jásztelki út 70, 5100 Hungary",Jászberény,,https://lemeznagyker.hu/,info@lemeznagyker.hu,ChIJodkvUeAHQUcR7p3JyFbDAIs
Hungary,Csikusz-Csik Kft.,"Pusztamonostor, Szabadság út 53, 5125 Hungary",Jászberény,,http://www.trapezcsikusz.com/,,ChIJASZzLeOrQUcR-JVXo_h3IhQ
Hungary,Fatelep - R. R. Westor Kft.,"Hajdúszoboszló, Nyugati sor 19, 4200 Hungary",Hajdúszoboszló,,http://www.rrwestor.hu/,info@rrwestor.hu,ChIJYXLdB2oZR0cRLZ88USdPXtU
Hungary,"Passive Solar Kft - WPC Kerítés és Teraszburkolat, WPC Burkolat, Terasztető, Teraszfedés, Kerítés Építés","Mosonmagyaróvár, Nagy Lajos király út 15, 9200 Hungary",Mosonmagyaróvár,,https://wpc1.hu/,info@wpc-terasz-kerites.hu,ChIJr8w74LiHa0cR2-H2y4m5O1k
Hungary,Óvár Kerítés Kft.,"Kimle, Szabadság u. 1, 9181 Hungary",Mosonmagyaróvár,,http://ovarkerites.hu/,info@ovarkerites.hu,ChIJdaDVPNOJa0cRiypi21SWjwg
Hungary,"Jimmy13 Kft. - Kerítés Telepítés, Kerítés Építés","Kimle, Fő út 51, 9181 Hungary",Mosonmagyaróvár,,,,ChIJRzJDdWKFa0cRiF22CjTEQ4g
Hungary,Fence Center PRI-MO-RA Ltd.,"Törökszentmiklós, Dózsa György u. 13, 5200 Hungary",Törökszentmiklós,,https://www.primora.hu/,info@primora.hu,ChIJDfs5CgRBQUcR45ZyZ6GZrc0
Hungary,Balaton Kerítés,"Keszthely, Lippay Gáspár út 1, 8360 Hungary",Keszthely,,,,ChIJ52Xq_uEdaUcRws-CwxjPnxM
Hungary,Bugovics Kerítés Kft,"Esztergályhorváti, Arany János u. 14, 8742 Hungary",Keszthely,,https://www.bugovicskerites.hu/,info@bugovicskerites.hu,ChIJDRjngXfnaEcRs_qzYnxMP3w
Hungary,"Nívó Siófok–Biztonsági ajtó, gondozásmentes kerítés és pergola értékesítés, tanácsadás","Siófok, Wesselényi u. 94, 8600 Hungary",Siófok,,https://nivo.hu/,debrecen@nivo.hu,ChIJrRfCd5HBaUcRTUC3-tP_bkQ
Hungary,Paku Kapu,"Siófok, Honvéd u. 126/b, 8600 Hungary",Siófok,,http://www.paku.hu/,info@paku.hu,ChIJZ-E_65-5aUcR7T4GfhPYXXQ
Hungary,Bádogos Bolt - Szabó - Torday Szolgáltató és Kereskedelmi Kft.,"Mátészalka, Ipari út 17, 4700 Hungary",Mátészalka,,,,ChIJN_sPcXt9OEcRmylRjoDHzeI
Hungary,"L-GATE Kaputechnika - Garázskapuk, kapunyitó motorok","Dorog, Esztergomi út 125, 2500 Hungary",Esztergom,,http://www.premiumkaputechnika.hu/,lgatekaputechnika@gmail.com,ChIJVfQn-_ZhakcRFthzPhuCj7o
Hungary,WPC Szaküzletek Kft. - WPC Pont kerítés- és teraszburkolat,"Gödöllő, Dózsa György út 96, 2100 Hungary",Gödöllő,,https://www.wpcworld.hu/,,ChIJ11_Gcd7PQUcR2Fn7KyV8zjU
Hungary,Alumínium kerítés,"Gödöllő, Kühne Ede u., 2100 Hungary",Gödöllő,,,,ChIJOW0RX9PIQUcRnIHUO5BoVRw
Hungary,ALUKERITESLEC.HU - Alumínium kerítések és kapuk,"Kerepes, Szabadság út 252, 2144 Hungary",Gödöllő,,https://alukeriteslec.hu/,,ChIJGaDwOuvFQUcR_yb2c9T37I8
Hungary,WPC DECK Budaörs patio enclosure - fence - wall paneling,"Budaörs, Gyár u. 2, 2040 Hungary",Budaörs,,https://www.wpcdeck.hu/,budaors@wpcdeck.hu,ChIJW04Du4HgQUcR_iHWnoJqFnM
Hungary,Vario Kerítés,"Budaörs, Sport u. 6, 2040 Hungary",Budaörs,,http://www.variokerites.hu/,,ChIJ_-6D39rhQUcRM8jtZmvGiM4
Hungary,"LemezPartner | Cserepeslemez, trapézlemez, kerítéslemez, szendvicspanel, ereszcsatorna","Budaörs, Sport u. 6, 2040 Hungary",Budaörs,,https://www.lemezpartner.hu/,,ChIJ98aA4xLhQUcR6Dhg9OugwFo
Hungary,Motors For Gates Kft.,"Budaörs, Gyár u. 2, 2040 Hungary",Budaörs,,http://www.motorsforgates.hu/,ertekesites@m4g.hu,ChIJI9zxhWDgQUcRbaiT5Rk8Rqs
Hungary,Térkővezés és kerítés építést kisebb nagyobb kőműves munkát vállalok teljeskörü kivitelezés,"Dunakeszi, Rákóczi út 127, 2120 Hungary",Dunakeszi,,,,ChIJj6AeSUrRQUcRDsm4PGYFRrs
Hungary,Bezsoker Kft.,"városkapu, es km szelvény, Szentendre Hrsz.: 8909, 11 17-3 (Déli, 2000 Hungary",Szentendre,,http://www.bezsoker.hu/,,ChIJoQMFgf7WQUcR_8ihbzFg0iA
Hungary,"K+D Kft. ǀ Építőanyag Kereskedés, Szigetmonostor","Szigetmonostor 1113, 2015 Hungary",Szentendre,,http://kpluszdkft.hu/,hotrod13@t-online.hu,ChIJoy9T3TXUQUcRQH2Fhbq5Q1M
Hungary,"Donogate Kft. Garázskapu szerviz, Lakossági-Ipari garázskapu, kerítés építés, motorizálás, beltéri-kültéri ajtók telepítése","Vecsés, Táncsics Mihály u. 74, 2220 Hungary",Vecsés,,https://donokapuszerviz.hu/,,ChIJszNeDE3BQUcRfh-OBu4ClLI
Hungary,Reti Hungary Kft. - Csavar- és kerítésbolt,"Kiskőrös, Petőfi Sándor út 101, 6200 Hungary",Kiskőrös,,https://retihungary.hu/,reti@retihungary.hu,ChIJ345vXkuzQ0cRAcAofoIJmGo
Hungary,Élettér Bt. - kerti bútor szallonasütők játszóterek csúszda szobrok virágcserepek,"Kisvárda, Árpád u. 71, 4600 Hungary",Kisvárda,,http://eletterbt.hu/,eletterbt.kertber@gmail.com,ChIJQYhwFiPtOEcR4CrcxaZj1zk
Hungary,"Kapuk, kerítések","Kiskunhalas, Virág u. 37, 6400 Hungary",Kiskunhalas,,,,ChIJTYRekvagQ0cRdazvac9QEOo
Hungary,Lomen DIY home improvement Store,"Rétság, Zrínyi utca 3, 2651 Hungary",Rétság,,https://lomenaruhaz.hu/,shop@lomen.hu,ChIJ2yE6pdicakcRN009pPYpfpA
Moldova,Garduri MD,"Strada Uzinelor 17, MD-2023, Chișinău, Moldova",Chișinău,,https://garduri.md/,,ChIJ8eO9-Qt8yUART4H4yXeFvGY
Moldova,"DENAME construct Producator de garduri, porti, mobilier, consrtuctii metalice!","Chisinau sec.Ciocana str. Uzinelor 161 Causeni, strada.Livezilor 44, Chișinău, Moldova",Chișinău,,http://www.dename.md/,garduri.fundatii@gmail.com,ChIJi-rCUft9yUAR7QfWqCaUiLE
Moldova,IMPERLUX: Acoperișuri și Garduri jaluzele,"Strada Uzinelor 12, Chișinău, Moldova",Chișinău,,http://www.imperlux.md/,,ChIJeRLdCfd7yUARRCruEysEGME
Moldova,GARDLINE,"ул. Каля Орхеюлуй 125/1, MD-2020, Chișinău, Moldova",Chișinău,,https://www.gardline.md/,office@rultehcom.com,ChIJFxI2-xp9yUARjHz92XN8jTU
Moldova,Gard.md - Soluții complete pentru garduri în Moldova,"str. Uzinelor 8/1 (intrarea din strada Varnița Chișinău, Strada Uzinelor 8/1, MD-2023, Chișinău, Moldova",Chișinău,,https://www.gard.md/,,ChIJUe-cwXR9yUARy4cSwt-Zk7w
Moldova,Garduri.md,"Strada Alexei Mateevici 59A, Stăuceni, Moldova",Chișinău,,http://www.garduri.md/,GMDfences@gmail.com,ChIJ69U2IeFjyUAR-_M4GTk-cHw
Moldova,"Garduri,Porți,Acoperiș","Str. Mihail Sadoveanu, Orhei, Moldova",Chișinău,,https://gardurikeops.md/,info@keops.md,ChIJ5RQFStnvy0ARtRLLNiT7vXY
Moldova,Garduri MD,"Strada Aerodromului 3B, MD-3102, Bălți, Moldova",Chișinău,,https://garduri.md/,,ChIJ-TiTpV9hy0ARE1f4WMiWKNk
Moldova,IMPERLUX: Acoperișuri și Garduri jaluzele,"Strada Dumitru Dragomir 4A, Bălți, Moldova",Chișinău,,http://www.imperlux.md/,info@imperlux.md,ChIJBQVpb9xhy0AR_Pa_JeffClI
Moldova,"Premium Acoperis - Țiglă metalică clasică și dublu modulară, Tablă cutată, Șindrilă bituminoasă, Gard din jaluzele metalice","Strada Uzinelor 60, MD-2023, Chișinău, Moldova",Chișinău,,https://premiumacoperis.md/,premiumacoperis@gmail.com,ChIJqa-i9J17yUAR2nsnjAqLXcA
Moldova,GARDECOR,"Grenoble St 149 B, MD-2043, Chișinău, Moldova",Chișinău,,https://www.gardecor.md/,office@gardecor.md,ChIJt4M7Q7h-yUARqG5mwZ6pYLs
Moldova,Garduri MD Uzina - GMD Gates & Fences,"Vadul Bicului St 26, MD-2002, Chișinău, Moldova",Chișinău,,https://garduri.md/,,ChIJFdSZMqd5yUARFqztOiDI-tY
Moldova,LIDER - Acoperișuri și garduri,"Petricani St 31, MD-2059, Chișinău, Moldova",Chișinău,,http://lider.md/krovli/ro/,,ChIJoTG56it9yUARZenQ0IcSgA4
Moldova,"Demolator.md Demolarea clădirilor, tăierea și găurirea betonului","oficiu 50, Stradela Lvov 2 83, MD-2060, Chișinău, Moldova",Chișinău,,https://demolator.md/,,ChIJ23VQyiZ5yUARg8TzbB8ldLk
Moldova,Clemantin SRL - Companie de Constructie,"Strada Victoriei 90A, MD-3100, Bălți, Moldova",Bălți,,http://clemantin.md/,,ChIJ01k7G5Vny0ARdwJ4C_ipDhw
Moldova,ROOF-MODERN - Acoperis / Garduri / Fatade,"Strada Soroca 117/6, MD-3110, Bălți, Moldova",Bălți,,,,ChIJ42jDOUphy0ARMHG33aNOqjo
Moldova,CONSTRUCTOR,"Cahul, Moldova",Cahul,,,,ChIJid8fHA1dtkARTANW7J7RE0Y
Moldova,Garduri MD,"Strada Alexandru cel Bun 31, MD-3606, Ungheni, Moldova",Ungheni,,https://garduri.md/,,ChIJf-QUasgBy0ARuwPrxAozUAs
Moldova,AVANGARD,"Soroca, Moldova",Soroca,,,,ChIJR4SJXv7BzEARH7ObIc1SQLc
Moldova,Garduri MD,"strada 31 August 36, MD-3506, Orhei, Moldova",Orhei,,https://garduri.md/,,ChIJ78AzIUvvy0ARNji92TfYLTE
Moldova,LIDER - Roofing Supply Store,"strada 31 August 52, MD-3506, Orhei, Moldova",Orhei,,http://lider.md/krovli/ro/,info@lider.md,ChIJgQrKaiPvy0ARexiGBcrTyiY
Moldova,Garduri MD Comrat,"Strada Lenin 2, MD-3802, Comrat, Moldova",Comrat,,https://garduri.md/,,ChIJ25eB-rTfyUARaWGRJKQYsqw
Moldova,Secția înmatriculare a transportului și calificare a conducătorilor auto - Ceadîr-Lunga,"ул. Ленина 7/1, Ceadîr-Lunga, Moldova",Ceadîr-Lunga,,,,ChIJhclqYjHNt0ARkzTrQ7NN73c
Moldova,Garduri MD,"Bulevardul Mihai Eminescu 53, MD-4301, Căușeni, Moldova",Strășeni,,https://garduri.md/,,ChIJ7ctFvxGtyUAR6maJwLQL_ME
Moldova,Garduri MD,"Strada Independenței 190, MD-4601, Edineţ, Moldova",Dubăsari,,https://garduri.md/,GMDfences@gmail.com,ChIJv1SGFKxbM0cRbf6YDu3_sIc
Moldova,Rooflux - Garduri Acoperișuri,"MD-3641, Țarigrad, Moldova",Drochia,,,,ChIJhYfkuIqvzEAR3xzuVVJMcPo
Moldova,Centrul Multifuncțional Florești,"bul. Victoriei 2, Floreşti, Moldova",Florești,,https://www.asp.gov.md/ro/informatii-utile/subdiviziuni-teritoriale/floresti,,ChIJM76sK-OFzEAR_Cxx6lPrMIQ
Moldova,Oficiul Cadastral Teritorial Florești,"str. Garii 5, Floreşti, Moldova",Florești,,,,ChIJ9-ay4i-FzEARwnHlJ9ZDQ2s
Moldova,AVANGARD FLORESTI,"V7RG+GW, Floreşti, Moldova",Florești,,,,ChIJUZrEGZ-bzEARPsGuTCY535g
Moldova,FABRICA DE GARDURI,"Șoseaua Alexandriei 335, Bragadiru 077025, Romania",Cantemir,,http://fabricadegarduri.ro/,admin@themedraft.net,ChIJs06AZTX-rUARqD6mQGc1uFM
Moldova,"Gardul Meu - Porti si Garduri Metalice, Feronerie Porti","Strada Octavian Goga 29, Cluj-Napoca 400698, Romania",Cantemir,,https://www.gardulmeu.ro/,,ChIJ1ThtDNYPSUcRaUA6dFYIG6Q
Moldova,Micon.md Producător de confecții metalice,"s, r. Criuleni s, MD-4829, Măgdăceşti, Moldova",Criuleni,,https://micon.md/,info@micon.md,ChIJM_HsdBjZy0ARX-F56SiEiHQ
Moldova,Judecătoria Bălți (Sediul Fălești),"Strada 1 Mai 14, Fălești, Moldova",Fălești,,,,ChIJ41IRH8lqy0ARZkHyq0EEVKI
Croatia,Betafence Croatia Ltd.,"Zagrebačka ul. 8, 10431, Novaki, Croatia",Zagreb,,http://www.betafence.hr/,info@betafence.hr,ChIJE0RSuwvRZUcRSRz9bx98nTE
Croatia,PLETIVO Ltd.,"Samoborska cesta 308, 10000, Zagreb, Croatia",Zagreb,,http://www.pletivo.hr/,info@pletivo.hr,ChIJ_3wO2b3RZUcRjrBYjKnApFU
Croatia,Kelava d.o.o. PC SPLIT Centar za ograde BETAFENCE,"Put Svetog Lovre, 21311, Stobreč, Croatia",Split,,http://www.kelava.com.hr/,info@kelava.com.hr,ChIJrXCaZ_FfNRMR-Rq9Yg4-ou4
Croatia,NY Gardens,"Cesta dalmatinskih brigada 17, 51211, Matulji, Croatia",Rijeka,,https://nygardens.hr/,info@nygardens.hr,ChIJOSCTCNSpZEcRA2ylRuPRT8g
Croatia,"PROMOCIJA d.o.o.(Drvene kućice, pagode, šatori, pozornice ostala event oprema)","Zagrebačka ul. 5, 51000, Rijeka, Croatia",Rijeka,,http://www.promocija-ri.com/,,ChIJuXAFi8ymZEcRuH4uakL9vNY
Croatia,Croadris,"Ul. Viktora Vide 48B, 23000, Zadar, Croatia",Zadar,,,,ChIJAyZcKP_xYUcRqWA0PGsEP74
Croatia,Eurogarden,"Samostalne satnije Briševo 169, 23000, Zadar, Croatia",Zadar,,http://www.eurogarden.hr/,info@kalelarga.net,ChIJG2s7G5zxYUcR_FS4Rhch62M
Croatia,INOX,"Ul. Viktora Putinje 14, 52100, Pula, Croatia",Pula,,,,ChIJx36CRzPTfEcRsb7LiEWgAi8
Croatia,Perfence j.d.o.o.,"Gornje Plavnice 1I, 43000, Bjelovar, Croatia",Bjelovar,,http://www.perfence.hr/,info.perfence@gmail.com,ChIJXQ5Liq43ZkcRFJDaZ8Md4Gs
Croatia,Šotori | Najem šotorov | Montažne hale,"Ul. Krste Frankopana, 43000, Bjelovar, Croatia",Bjelovar,,,,ChIJmYn10A42ZkcRYAGMNy4S694
Croatia,Future Fence Vukovar,"Trpinjska cesta 43, 32000, Vukovar, Croatia",Vukovar,,https://futurefencehr.com/,,ChIJu8MrCFmPXEcRSyNNsp02dUk
Croatia,"Future Fence ""Poslovnica Velika Gorica""","Pokupska ul. 32, 10410, Velika Gorica, Croatia",Velika Gorica,,https://futurefencehr.com/,fencefuturezg@gmail.com,ChIJcc9ugBCBZkcRtgz_lZPHOaA
Croatia,Bravar Mario,"Prostor ex Adriakem, Cesta Dr. Franje Tuđmana 336, 21212, Kaštela, Croatia",Kaštela,,,,ChIJhVV6pjVdNRMR238WE0ik4FU
Croatia,Dominator Doo,"Put Juke, Cesta Franje Tuđmana, 21212, Kaštel Sućurac, Croatia",Kaštela,,http://www.dominator.hr/,ivica.petrovic@dominator.hr,ChIJ5xOnN85fNRMRxN8lB-BpUYY
Croatia,Ghia Store d.o.o.,"Industrijska 31, 52000, Pazin, Croatia",Pazin,,https://ghiastore.hr/hr,,ChIJ2fPvQqivfEcRN7zIL2Lp2zo
Croatia,Restoran Ograde,"Lindarski katun 60, 52000, Pazin, Croatia",Pazin,,,,ChIJO5mHMQCzfEcRLVBsRwNNJqI
Croatia,Zelengrad D.O.O,"Žbrlini 100, 52000, Heki, Croatia",Pazin,,http://www.zelengrad.hr/,,ChIJh1gpyrWvfEcRt5eL56OzFlY
Croatia,Adriafence d.o.o.,"Zagrebačka ul. 8, 10431, Novaki, Croatia",Sveta Nedelja,,https://www.adriafence.hr/,info@adriafence.hr,ChIJBwg0HI_PZUcRPuQD_hrbfcg
Romania,GarduriMD SRL,"Şoseaua Olteniţei 181, București 759331, Romania",Bucharest,,http://www.gardurimd.ro/,garduriMD@gmail.com,ChIJy8Z6v2X_sUARrvgH6bi7hlA
Romania,gardultau.com,"Centura București 45, Glina 077105, Romania",Bucharest,,https://gardultau.com/,info@website.com,ChIJH_N4vuf9sUARSN016nH1TV4
Romania,Garduri Mobile,"Strada Libertăţii nr. 115, Târgu Mureș 547525, Romania",Bucharest,,http://www.sistemedegarduri.ro/,office@toaleteecologicesrl.ro,ChIJSxtsY9y3S0cRx83L8XDiPao
Romania,Garduri Mobile,"Strada Codrului 2, Arad, Romania",Bucharest,,http://gardurimobile.ro/,office@toaleteecologicesrl.ro,ChIJKffZYAqYRUcRmu2X76nSk84
Romania,Garduri Placi Beton,"Str. Codrului, Ștefăneștii de Sus 077010, Romania",Bucharest,,http://www.gpf.ro/,comenzi@gpf.ro,ChIJ_ffMF-L3sUARqkb7uNADHJ0
Romania,Gard Jaluzea - Panouri Gard Tip Jaluzea,"Bulevardul Biruinței 92F, Pantelimon 077145, Romania",Bucharest,,https://www.jaluzele-gard.ro/,contact@jaluzele-gard.ro,ChIJzcbfqXb7sUARRtMIxOX9zBQ
Romania,"Gardul Meu - Porti si Garduri Metalice, Feronerie Porti","Strada Octavian Goga 29, Cluj-Napoca 400698, Romania",Bucharest,,https://www.gardulmeu.ro/,,ChIJ1ThtDNYPSUcRaUA6dFYIG6Q
Romania,Garduri Beton Armopav Fundeni,"Șoseaua Fundeni 96, București 022325, Romania",Bucharest,,http://www.armopav.ro/,office@armopav.ro,ChIJFzjKU-35sUARfb7Ilde7l6s
Romania,ArtGard.ro Gard Beton Prefabricat Ieftin de la Pavement Group SRL,"Soseaua Unirii 37, Balotești 077015, Romania",Bucharest,,https://artgard.ro/,,ChIJ3dO9bWIZskARu0IvPQa4Bu8
Romania,Porti si garduri din aluminiu - E-garduri.ro,"E-Garduri.ro, Bulevardul Poitiers 14, Iași 700671, Romania",Bucharest,,https://e-garduri.ro/,comenzi@e-garduri.ro,ChIJK_fkuLb7ykARqmE5qBjRIVQ
Romania,"The Corner - piatra, pavele, garduri","Șoseaua Tudor Vladimirescu 18, Domnești 077090, Romania",Bucharest,,,,ChIJO3IXy8z_rUARLCoHVZ70P94
Romania,Vermesan porti si garduri srl,"Intrarea Alexander Puskin 7, Voluntari 077190, Romania",Bucharest,,,,ChIJdeGqqWL5sUARioSukCUI8qQ
Romania,GarduriMD,"Bulevardul Aurel Vlaicu 220, Constanța 900498, Romania",Bucharest,,https://gardurimd.ro/,,ChIJ9f2jl_PvukARG5FvSOxbUWU
Romania,Gard Beton,"Strada Ghioceilor 140, Zurbaua, Romania",Bucharest,,http://gardbeton.ro/contact/,gardbeton.ro@gmail.com,ChIJ0dmpwXoGskARnmvieuMv8Sk
Romania,Top Gard,"Strada Fortului 184, Domnești 077090, Romania",Bucharest,,https://www.topgard.ro/,,ChIJa9OgQUUBskARdDnuDZaE_uU
Romania,Nora Stylepoints - inchiriere costume petreceri & evenimente,"Strada Doctor Panait Iatropol 3, București 050538, Romania",Bucharest,,https://www.partypak.ro/,,ChIJ98Al42P_sUARiCsaZPN9Js0
Romania,FABRICA DE GARDURI,"Șoseaua Alexandriei 335, Bragadiru 077025, Romania",Bucharest,,http://fabricadegarduri.ro/,admin@themedraft.net,ChIJs06AZTX-rUARqD6mQGc1uFM
Romania,DEOPAV GARDENS,"Calea Manastur NR 23, Cluj-Napoca 400000, Romania",Cluj-Napoca,,https://petrapavaje.ro/,,ChIJ85nVklMJSUcR6_F2hx9g7nM
Romania,PanouriGard.ro,"Strada Oașului 293, Cluj-Napoca 400645, Romania",Cluj-Napoca,,https://www.panourigard.ro/contact/,zaunsrl@gmail.com,ChIJE_kGR0UJSUcRg6_qcNjnff8
Romania,"MIHU Acoperișuri, Garduri, Garaje metalice","Strada Plevnei 117, Cluj-Napoca 400394, Romania",Cluj-Napoca,,https://www.acoperisuri-mihu.ro/,info@acoperisuri-mihu.ro,ChIJP_BrxTENSUcRHCSI-gFs7b4
Romania,Ventour Inchiriere Autorulote,"Strada Wolfgang Amadeus Mozart, Cluj-Napoca 400347, Romania",Cluj-Napoca,,http://www.ventour.ro/,605a7baede844d278b89dc95ae0a9123@sentry-next.wixpress.com,ChIJSf11wd0NSUcRKCt22P9fqek
Romania,gardurialuminiu – Porti garduri si balustrade din aluminiu,"Calea Șagului 136, Timișoara 300517, Romania",Timișoara,,https://gardaluminiu.com/,,ChIJf2JI2vhcRUcRY5c0aQhn-a4
Romania,GARD BETON TIMIS | MATEU MARIUS,"STRADA GARII 58, Jebel 307235, Romania",Timișoara,,http://www.gardbetontimis.ro/,contact@gardbetontimis.ro,ChIJryzAVNZdRUcRH6RfND2IM5E
Romania,SDL Porti Si Garduri Timisoara,"Strada Furnicii 16, Ghiroda 307200, Romania",Timișoara,,,,ChIJWbEHWy1nRUcRt4GIDfOQpqM
Romania,Gard Electric,"Strada Memorandului 96, Timișoara 300592, Romania",Timișoara,,https://www.gard-electric.ro/page/contact,,ChIJq5seV5BdRUcRAhC6YIjhZdg
Romania,Landscape Experts - SC FACULTATIV DEZVOLTARE SRL,"Drum de legatura, Calea Torontalului, Timișoara 300645, Romania",Timișoara,,,,ChIJIYpADkdnRUcRYhFMyNr5B6Y
Romania,IMPERLUX (România): Garduri jaluzele și Acoperișuri,"Șos. Nicolina 189, Iași 707317, Romania",Iași,,http://gardurijaluzele.ro/,contact@imperluxromania.ro,ChIJLbMdlzj7ykARc6qXRlwhtuE
Romania,"Cartier Editurii, Lunca Cetatuii, Iasi","Strada Aviatorilor, Lunca Cetățuii 707085, Romania",Iași,,https://www.cartierulediturii.ro/,,ChIJKxFlYHb6ykARwJUDFar-iH4
Romania,Construction Materials Store,"Calea Galata 13, Iași 700625, Romania",Iași,,http://www.materiale-constructii-iasi.ro/,contact@domeniu.ro,ChIJKS1CJTf7ykAR1UyFCsVORSc
Romania,Fence Construct,"DJ248B, Lețcani 707280, Romania",Iași,,http://www.fence-construct.ro/,office@fence-construct.ro,ChIJP1WJzCLkykAR_7sZDNh1leg
Romania,Garduri Prefabricate Constanta,"Str. Tractorului 2, Cumpăna 900007, Romania",Constanța,,http://garduri-constanta.ro/contact,manybet@yahoo.com,ChIJR_M77rvlukAR6cj5RY4lvnc
Romania,Depozitul de garduri,"DN3C, Ovidiu 905900, Romania",Constanța,,,,ChIJU06mu_7zukAR9g2Esi1SrGw
Romania,"King Pavaj - pavele, dale, borduri, garduri, stâlpi","DN 38 nr. LOT2, Techirghiol 906100, Romania",Constanța,,http://www.kingpavaj.ro/,king_pavaj@yahoo.com,ChIJsamLpEfnukARbhunGuys5QY
Romania,clemecolieregard.ro,"Șoseaua Mangaliei 80A, Constanța 900007, Romania",Constanța,,http://clemecolieregard.ro/,contact@clemecolieregard.ro,ChIJr-JBb6zlukARcJGbGIv3tyk
Romania,Inchiriere schela metalica Constanta,"Strada Pictor Ion Andreescu, Constanța, Romania",Constanța,,https://www.schelaconstanta.ro/contact/,,ChIJ_787KLL6ukAR-tWMVmNHakA
Romania,RAY Prefabricate - Garduri Beton Armat,"Tarlaua 74, Parcela 12,13/1, Craiova 200531, Romania",Craiova,,https://www.rayprefabricate.ro/,office@rayprefabricate.ro,ChIJ4S57w6bXUkcRrfSBnb9rrFE
Romania,AlumGates,"Șoseaua Popoveni 43A, Craiova 200633, Romania",Craiova,,https://alumgates.ro/,office@alumgates.ro,ChIJR7yRbUrUUkcROBTyDZ-8Mu8
Romania,Gard 2 fețe,"Drumul Industriilor 111, Craiova 200865, Romania",Craiova,,https://www.gard2fete.ro/,valla_2@yahoo.com,ChIJB9s6L97ZUkcRjUf5cYIK8fU
Romania,Oltenia Garden,"Calea București km 9, Craiova 207450, Romania",Craiova,,http://olteniagarden.ro/,office@olteniagarden.ro,ChIJdYv353vXUkcRAbUWU-BrWd0
Romania,GARDMAN.RO,"Strada Ecaterina Teodoroiu 38, Brașov 500450, Romania",Brașov,,http://gardman.ro/,info@gardman.ro,ChIJb_9p8s1bs0AR4MAu25kj_Zs
Romania,Garduri Electrice Animale - Eurofence,"Calea Feldioarei 60 A, Brașov 500171, Romania",Brașov,,http://www.eurofence.ro/,office@eurofence.ro,ChIJ9YvrfyNbs0ARbDBh8ic3Iss
Romania,S.C. Producător de Garduri Brașov S.R.L.,"Nr.1, Strada Ion Costache Frimu, Lunca Câlnicului 507170, Romania",Brașov,,http://gard.hupont.hu/,keritesnagyker@gmail.com,ChIJf5gapV6gtEARLZzKXVLspE0
Romania,GardenLogistic - Tehnică mecanizată săpături șanțuri,"DN13 154, Brașov 507015, Romania",Brașov,,https://gardenlogistic.ro/,office@curti-gradini.ro,ChIJ6Q2Yi-tZs0AR3oSfCzK4a28
Romania,Porți și garduri din aluminiu,"Strada Zizinului nr. 106A, Brașov, Romania",Brașov,,http://www.gaal-mca.com/contact.html,,ChIJ7xqVukJcs0ARtKQvzDwPKtQ
Romania,Timur Trading Brasov | Tabla cutata Blachy Pruszynski | Vata bazaltica Rockwool | Tenmat Protectie la foc intumescenta,"Strada Doctor Gheorghe Marinescu 4, Brașov 500084, Romania",Brașov,,http://www.timur.ro/,,ChIJCzRolyhbs0ARFv8UQRntRQs
Romania,"Poarta Metal - Porti si Garduri Personalizate, Confectii Metalice","Strada Paris 14, Prejmer 507165, Romania",Brașov,,https://poarta-metal.ro/,john@domeniu.ro,ChIJGUxDdpBfs0ARdCwUNEMfsZ8
Romania,Inspectoratul de Stat în Construcții,"Calea București 10D, Brașov 500326, Romania",Brașov,,,,ChIJfe9ki3xcs0AR6XnWZchnIHY
Romania,DAVOS EUROPE porti si garduri din aluminiu,"Calea Prutului 9, Galați 800205, Romania",Galați,,https://davos-europe.com/,info@davos-europe.com,ChIJxwRFQy9ftkAROwuCizkKOos
Romania,Gard Fier Forjat Galati,"Strada Cașin 9, Galați 800402, Romania",Galați,,,,ChIJ67jmr2XftkARSzil2Bu7ItQ
Romania,Garduri beton Concrete Fence SRL,"DN1B, Albești-Paleologu 107010, Romania",Ploiești,,https://www.concrete-fence.ro/,contact@concrete-fence.ro,ChIJGw2e0ajTs0AR06Zs-8saq7Y
Romania,Garduri Beton FORTLINE,"GHIOCEILOR , NR.473A, Lipănești 107340, Romania",Ploiești,,https://garduribeton.ro/,,ChIJIX01Yqazs0AR9JqSdDIMj7g
Romania,Garduri din fier forjat - Fontachim,"DN1B 171, Bucov 107110, Romania",Ploiești,,,,ChIJHyxh2WNKskAR_f3ZF0BRWpc
Romania,Alugard,"Calea Aradului nr. 4, Oradea, Romania",Oradea,,https://www.alugard.ro/,,ChIJE0t4UsRHRkcREfCCG-57JCE
Romania,Alugard,"Strada Principală 407A, Sîntandrei 417515, Romania",Oradea,,http://www.alugard.ro/,office@alugard.ro,ChIJLVEbAQlGRkcRcqQ6GOVVlrY
Romania,Alugard Concept,"Calea Borșului 47, Oradea 410605, Romania",Oradea,,http://alugard.ro/,office@alugard.ro,ChIJy7UWcDBPRkcRKCeHTuWhy2U
Romania,"STAR STONE - Producător dale pavaj, bolțari finisați, piatră decorativă, borduri piscină și accesorii de gard","DN79, km 104, Nojorid - Oradea, Oradea 417234, Romania",Oradea,,http://starstone.ro/,contact@starstone.ro,ChIJEyTNTDk4RkcRTIYC1nDmdu0
Romania,Maslen - Producător Țiglă Metalică și Tablă Cutată - Oradea,"Strada 1 nr 241, Oșorhei 417360, Romania",Oradea,,https://maslen.ro/,maslen@maslen.ro,ChIJoxPrEkA3RkcR1EjMQ6ZCVHA
Romania,PLASA GARD BRAILA,"Șoseaua Baldovinești 36, Brăila 810440, Romania",Brăila,,https://primetal.ro/plasa-gard/,office@primetal.ro,ChIJczHNYv8rt0ARSAPMocvLnh0
Romania,Plotter Design,"Str. Vădeni 6, Brăila 810512, Romania",Brăila,,http://www.plotter-design.ro/,comenzi@plotter-design.ro,ChIJsUqr_f4pt0ARR08uknwDsY4
Romania,Garduri din beton si fier forjat,"DC37, Plopu 815205, Romania",Brăila,,,,ChIJD0mNBsIxsUARoXLZ0-WBm58
Romania,Sipca Gard Metalica Braila (SC Trading Veritas SRL),"7X48+X7, Brăila 810297, Romania",Brăila,,https://sipca-gard-metalica.ro/?utm_source=google&utm_medium=local&utm_campaign=gbp,,ChIJu5jo8qcpt0ARkSG4GveHSPw
Romania,Ana Gardens,"Str. Carpați 2, Brăila 810103, Romania",Brăila,,https://anagardens.ro/,office.anagardens@gmail.com,ChIJO_6jPpMpt0AR9EkDlqO4KU4
Romania,Garduri Beton Arad,"Strada Eftimie Murgu nr 78A, Arad 310049, Romania",Arad,,https://garduribetonarad.ro/,contact@garduribetonarad.ro,ChIJyf4j3xCZRUcRK1_Y_vQHUaQ
Romania,Plasa de Gard,"Strada Vrabiei, Arad, Romania",Arad,,http://www.wiremesh.ro/,garduri.ro@gmail.com,ChIJA6gI5FyYRUcRPKhqj02gYQQ
Romania,Garduri Moderne - Porti si garduri Pitesti,"Strada Tăbăcariei 4, Geamăna 117141, Romania",Pitești,,,,ChIJy4VkH868skARCMSedKXAYiw
Romania,SC GEO-MAR INSTAL CONSTRUCT SRL,"Str. Constructorilor 13, Pitești 117141, Romania",Pitești,,https://sc-geo-mar-instal-construct-srl8.webnode.ro/servicii/,,ChIJ37iLQgC9skARrLtQbEYbPmU
Romania,Confecții metalice: Garduri forjate de impact - CAM NEED DESIGN SRL,"Strada Pătraşcu Vodă NR.3, Pitești 110223, Romania",Pitești,,https://portigardurimetal.ro/,,ChIJWx-_bnS9skARiBdUqrapIl0
Romania,Atelierul Peisajelor - Peisagistica Pitesti,"Strada Victoriei 12, Pitești 110017, Romania",Pitești,,http://peisagisticapitesti.ro/,,ChIJW8R3vbkBskARG7gWc5qZ1Tk
Romania,KOM DOORS FACTORY S.R.L.,"Strada Andrei Mureșanu 11A, Sibiu 550356, Romania",Sibiu,,http://www.komdoors.ro/,office@komdoors.ro,ChIJja6_t4FnTEcRx1f6bDhTgJw
Romania,Depozit Containex Sibiu - DARJAN CONSTRUCT SRL,"Strada Sibiului, Str. Viticultorilor 1, Sibiu 550088, Romania",Sibiu,,,,ChIJ8ZFheFNnTEcRl_3Irl4D8Vw
Romania,SEGO - Garduri plăci beton bacau,"DN11A, Coțofănești 607130, Romania",Bacău,,,,ChIJAX5dmHSttUARIg4M7w3ONH8
Romania,Inchiriere Toalete Ecologice-Romania,"Calea Doctor Alexandru Șafran 14A, Bacău 600308, Romania",Bacău,,,,ChIJAbruLaRxtUARfLr1GS37HYI
Romania,Dedeman,"Str. Abatorului nr 7A, Bacău 600227, Romania",Bacău,,https://www.dedeman.ro/,,ChIJYUMGPcdvtUARddLWLTtWdtU
Romania,Porti Garduri Vopsitorie in Camp Electrostatic Mures,"Str. Principală 227, Nazna 547526, Romania",Târgu Mureș,,http://portigarduri.ro/,silviu_0701@yahoo.com,ChIJTel3Bb_JS0cRRG4HFuAylmM
Romania,Gard Electric,"Strada Tisei nr. 28, Târgu Mureș, Romania",Târgu Mureș,,https://www.gard-electric.ro/page/contact,,ChIJR8uWpye2S0cRIOFmVBqHE18
Romania,"Coame gard Baia Mare, capace gard Baia Mare, gard beton Baia mare","Strada Arieșului 10, Baia Mare, Romania",Baia Mare,,,,ChIJEQt-bADbN0cRksFUAlKJRgY
Romania,Capace gard,"Strada Nucului 2, Baia Mare, Romania",Baia Mare,,,,ChIJG_Hw2DTdN0cRUV8d2JTZ4Wo
Romania,AgroMir Store,"Bulevardul Independenței 67, Baia Mare 430071, Romania",Baia Mare,,https://www.agromir.ro/,office@agromir.ro,ChIJEUo8qXzdN0cRZ4Jls5HquDg
Romania,Deko Garden,"Bulevardul Republicii 22, Baia Mare 430394, Romania",Baia Mare,,,,ChIJQRUNJnPdN0cR-CdPBDETyCs
Romania,Gardul meu,"Strada George Enescu 1/13, Baia Mare, Romania",Baia Mare,,http://www.gardulmeu.ro/contact.html,,ChIJyd-A1U7cN0cR40a9J3r8soA
Romania,Garduri/Pavaje Buzau,"Strada Morii, Brădeanu 127090, Romania",Buzău,,,,ChIJQwqtBlRxsUARSDRPfkqpyQE
Romania,GardPro.ro,"Strada Morilor 20, Buzău 120031, Romania",Buzău,,https://www.gardpro.ro/,,ChIJYew2qI-C1CYRvhmaTn3M0WM
Romania,Gard Electric,"Strada Horticolei 15, Buzău, Romania",Buzău,,https://www.gard-electric.ro/page/contact,office@bentleyromania.ro,ChIJY1XL4C1esUARoTOigZSXcdk
Romania,dinTabla.ro - Decoratiuni si Garduri,"Bulevardul Industriei 5, Buzău 120945, Romania",Buzău,,https://dintabla.ro/,productie@dintabla.ro,ChIJR9CFrGJhsUAR7sqbjMl7L5g
Romania,SC MAX COMFORT LLC,"Strada Victoriei 8, Botoșani 710247, Romania",Botoșani,,http://www.tamplariepvcbotosani.ro/,,ChIJN7JU5n3pNEcRONSgcZQp-Q0
Romania,Garduri si Garaje Metalice | Ludwik,"Strada Apeductului 5, Suceava 720019, Romania",Botoșani,,https://garduriludwik.ro/,acoperisurimetalicesv@gmail.com,ChIJjZc9rWH9NEcRyvaxQZUH-bo
Romania,"Fier forjat, garduri, porți, balustrade - FINPROCES SRL","Calea lui Traian 9a, Râmnicu Vâlcea 245900, Romania",Râmnicu Vâlcea,,,,ChIJgb_D-QZHTUcRImCdKbAaHOU
Romania,Gard Din Beton,"Orlești, Romania",Râmnicu Vâlcea,,,,ChIJAQAAwD2oUkcRenBlgaA6cNM
Romania,"Porti,Garduri CNC Turnu- Severin","Drobeta-Turnu Severin, Romania",Drobeta-Turnu Severin,,,,ChIJ9YcZrOQxUkcRC7NPcFb_XrE
Romania,Floraria Avantgarde,"Strada Traian 12, Drobeta-Turnu Severin 220100, Romania",Drobeta-Turnu Severin,,https://floraria.avantgarde.ro/,nume@exemplu.com,ChIJYfgJS84xUkcRQo2ZIygsQuQ
Romania,Avantgarde Maison,"Strada Traian 10 BIS, Drobeta-Turnu Severin 220100, Romania",Drobeta-Turnu Severin,,https://avantgarde.ro/,office@avantgarde.ro,ChIJeShGH9wxUkcRUvFkr9ZZakg
Romania,Inchirieri auto Suceava,"Strada Victoriei, Suceava, Romania",Suceava,,,,ChIJpyo--Hj-NEcRzTEfPDJAgLA
Romania,Trainicprodcom,"Str. Victor Babeș 17, Bosanci 727045, Romania",Suceava,,http://www.trainicprodcom.ro/,,ChIJb5Qh4xjjNEcR6ZIoIyULHK0
Romania,Garduri Premium - Master Vision Neamt,"Strada Bistriței 259, Săvinești 617410, Romania",Piatra Neamț,,http://garduripremium.ro/,contact@garduripremium.ro,ChIJpQv9PQBVtUARH3Yck53lS5U
Romania,Depozitul de garduri și pavaje,"617410, Săvinești, Romania",Piatra Neamț,,,,ChIJy-yjJwBVtUARad-dALpwSlI
Romania,ZMG HOUSE RESTORE SOLUTION,"Strada Izvoare, Piatra Neamț 617188, Romania",Piatra Neamț,,https://youtube.com/@zmghouserestoresolution?si=4d82OfiuVXP995G-,,ChIJOXfNy4qrykARZd7JQTiKhOM
Romania,SC Mentor SM LLC,"str. Barajelor 160, Târgu Jiu 210171, Romania",Târgu Jiu,,http://www.mentor-beton.ro/,office@mentor-beton.ro,ChIJf357FKCLTUcREVmJuTQwx6s
Romania,Dacorex Com S.R.L.,"Strada Viitorului 2, Târgu Jiu 210177, Romania",Târgu Jiu,,https://dacorex.ro/,,ChIJ5W6sloV1UkcR1e354Gdte5E
Romania,Inchirieri utilaje Buldoexcavator si Miniexcavator,"Calea Tismanei, Târgu Jiu 210205, Romania",Târgu Jiu,,,,ChIJr_9oEb-LTUcRvu8wy1MjgfM
Romania,Stilarpop S.R.L.,"Strada Viitorului 4, Târgu Jiu 210177, Romania",Târgu Jiu,,,,ChIJ_UslFXaKTUcRxdvZl78PGk8
Romania,CONTRAX,"Strada Victoriei 112, Târgu Jiu 210191, Romania",Târgu Jiu,,http://www.automatizari.net/,,ChIJi_w37HaKTUcRRhmpdsBqbm4
Romania,GARD FORJAT,"Strada Războieni NR 1, Focșani 620009, Romania",Focșani,,http://www.gardforjat.ro/,contact@gardforjat.ro,ChIJq6qqqqYYtEARPWqqVe9wTEE
Romania,Garduri Prefabricate Vrancea,"DJ205E 939, Vitănești 627383, Romania",Focșani,,,,ChIJIfw4CwA5tEAR5vP9lDPevoA
Romania,MGR GARDFORJAT,"Strada Profesor Gheorghe Longinescu, Focșani 620107, Romania",Focșani,,https://mgr-gardforjat.ro/,contact@mgr-gardforjat.ro,ChIJzYFYf68ZtEARKXqP02C6FNo
Romania,Termopane PVC Focsani,"Strada Constructorului, Focșani 620139, Romania",Focșani,,,,ChIJCWOzTXMZtEAR2M4ZSTi1XUY
Romania,confectii metalice fier forjat balustrade inox garduri porti fier forjat tulcea,"Strada Tulcea, Cluj-Napoca 820052, Romania",Tulcea,,https://www.facebook.com/Atelier-confectii-metalice-Tulcea-1872073759724925/,,ChIJ6THUujtZt0AR4SwCd4QnsDU
Romania,Edline - garduri beton prefabricat,"Calea Câmpulung 128, Târgoviște 130098, Romania",Târgoviște,,https://edline.ro/,office@edline.ro,ChIJqznNvan1skAR-4uWjcjV4Xw
Romania,"Utilaje Construcții Târgoviște -Închiriere Buldoexcavator, Agregate Balastiera, Statie Beton","Calea București 34, Târgoviște, Romania",Târgoviște,,,,ChIJt7LGDH_2skARKXlUcK8dW68
Romania,Garduri Beton Dambovita,"Strada Bratu 1A, Toculești 137543, Romania",Târgoviște,,https://www.facebook.com/share/169eyfNe4V/?mibextid=wwXIfr,,ChIJgXS04KDlskARZNOnE9A4axI
Romania,Avangarde Cons S.R.L.,"Bd. Revoluția din Decembrie 26A, Reșița 320092, Romania",Reșița,,https://www.listafirme.ro/avangarde-cons-srl-8927860/,anca.tudor@listafirme.ro,ChIJp-X9FxsqUEcRXCmiUOqoXro
Romania,buldoexcavator de inchiriat,"Aleea Buziaş, Reșița 320153, Romania",Reșița,,http://listafirme.ro/,mariana.trasca@listafirme.ro,ChIJ1Z7MxkLXT0cRk4imWE15_fw
Romania,"SC KURD YASMIN SRL Prefabricate din Beton,gard,spalieri,coame,jardiniere","str 2 martie nr 5, Linia din Vale 237115, Romania",Slatina,,https://sulaiman.bizoo.ro/,,ChIJMVBJfHpJrUARopkFRVuuRH4
Romania,Doorland Mob&Doors,"Bulevardul Costructorilor, Slatina 230070, Romania",Slatina,,http://www.doorlandromania.ro/,,ChIJ6W0-Aj04rUARcOOJY-uAsIw
Romania,Decora Prod S.R.L.,"Str. Constructorului 3, Slatina 230070, Romania",Slatina,,,,ChIJe1FJoj84rUAR9-X5NTbGKDM
Romania,Garduri prefabricate din Beton - Malciu Enterprise srl,"DN31 485 b, Ciocănești 917035, Romania",Călărași,,http://bropavaj.ro/,malciuenterprises@yahoo.com,ChIJVX99DKopsEARoFbZOqeHIqE
Romania,Inchiriere toalete ecologice | Garduri mobile | DAMIPROD,"Strada Octavian Goga 59, Teiuș 515900, Romania",Mediaș,,http://www.damiprod.ro/,gina.danila@damiprod.ro,ChIJVZif6sCqTkcRakifozM5-qM
Romania,Garduri și pavaje,"DJ668D 80a, Băcia 337040, Romania",Deva,,,,ChIJYdaFsFCPTkcRMtOEMThj9UA
Romania,Demgy Deva,"Strada Doctor Victor Șuiagă 10A, Deva 330161, Romania",Deva,,https://www.demgy.com/ro/,,ChIJNRArHLbyTkcRbEydahvuDZw
Romania,Green Tehnic Garden,"Bloc 5, Bulevardul Iuliu Maniu 5, Deva 330058, Romania",Deva,,https://www.greentehnic.ro/,contact@greentehnic.ro,ChIJ2RiAqcfzTkcRb8Y0nquHa0c
Romania,Dedeman,"Strada Doctor Victor Șuiagă nr 1, Deva 330161, Romania",Deva,,https://www.dedeman.ro/,,ChIJy0EA5sfyTkcRPRV-FDGT1m4
Romania,Demgy Romania,"Strada Doctor Victor Șuiagă 9, Deva 330161, Romania",Deva,,,,ChIJo8hZ7OLzTkcRREVnaWPQ5T8
Romania,Gard Viu Minune,"Strada Salcâmilor, Sfântu Gheorghe, Romania",Sfântu Gheorghe,,https://www.gardviu.ro/,officegardviu@homa88.ro,ChIJq59GmOiktEAReaZfqG0pajo
Romania,Baributor SRL,"Strada Oltului 76, Sfântu Gheorghe 520027, Romania",Sfântu Gheorghe,,http://www.baributor.ro/,baributor@yahoo.com,ChIJw0wiCL6ktEARDbBwNfalBBY
Romania,Spatiu Verde,"Strada Regimentul V Vânători Nr. 118, Alba Iulia, Romania",Alba Iulia,,http://www.spatiu-verde.ro/alba/piscine,,ChIJaVwm5JqnTkcRQhjrfDKPhc8
Romania,Hidroterm SA,"Strada Colectorului 1, Roman, Romania",Roman,,http://www.hidroterm.eu/,,ChIJA0V7vDK9ykAR0JMOEmtKBeg
Romania,Cheap & Good Storage LLC (Storage wrought iron),"Strada Oprescu Adrian 1A, Câmpina 105600, Romania",Câmpina,,http://www.ieftin-si-bun.ro/,depozitieftin@yahoo.com,ChIJ55JcR3EAs0ARM_N9Dro4Qu8
Romania,Stil Garden S.R.L.,"Bulevardul Voluntari 85, Voluntari 077190, Romania",Voluntari,,http://www.stil-garden.ro/,office@stil-garden.ro,ChIJaQrMxEz4sUARGqAe5QS4uTE
Romania,Amber Gardens,"Strada 1 Decembrie nr. 161, Tunari 077180, Romania",Voluntari,,http://www.ambergardens.ro/,,ChIJvdYFvOMcskARZQfM3gOFMrI
Romania,Gard,"Mioveni 115400, Romania",Mioveni,,,,ChIJxeDexAO5skARtmb4G46Oigo
Romania,Panouri Sandwich Lugoj,"Strada Țesătorilor 15, Lugoj 305500, Romania",Lugoj,,,,ChIJca8LuyO_T0cRG0ku_4sZk2M
Romania,Taxi Volan SRL,"Strada Victor Vlad Delamarina 37, Lugoj 305500, Romania",Lugoj,,,,ChIJPQHBvRa_T0cR6FR9Z1-IUlw
Romania,Stentor D.S.D,"Strada Tapiei nr 49 b, Lugoj 305500, Romania",Lugoj,,https://ro-ro.facebook.com/pages/category/Window-Installation-Service/SC-Stentor-DSD-SRL-100889086732313/,,ChIJlztsZpq_T0cRorJZwWDImLE
Romania,Depozit de Agregate,"Strada Medgidiei, Cuza Vodă 907041, Romania",Medgidia,,https://depozit-agregate.ro/,,ChIJc1IX1M-RukARFjBffvd_gNk
Romania,Onesti Auto,"Strada Doctor Victor Babeș 16, Onești 601119, Romania",Onești,,http://www.onestiauto.ro/,,ChIJXYBzYDYHtUARlh0NPZF9ChU
Romania,Alexmal Top Prodcom S.R.L.,"Str. Aviatori, Petroșani 332071, Romania",Petroșani,,,,ChIJU1QANuPDTUcRNodQI5I318M
Romania,DUOMONT SRL,"Strada Viitorului Bl. 37, Petroșani 332099, Romania",Petroșani,,https://www.paginiaurii.ro/companii/PETRO%C5%9EANI/L5423260/DUOMONT+SRL/,,ChIJ-9bSdIHFTUcRX3yi8quQzHc
Romania,Torbau Expert,"Intrarea Tihadar 4/14, Odorheiu Secuiesc 535600, Romania",Odorheiu Secuiesc,,http://poartaglisanta.ro/3/12/Porti-glisante-autoportante,office@poartaglisanta.ro,ChIJuzTA2JQXS0cRbxdZQ1REp2Y
Romania,Gardenia Decor S.R.L.,"Strada Câmpului 50/A, Odorheiu Secuiesc 535600, Romania",Odorheiu Secuiesc,,http://gardeniadecor.ro/,comenzi@gardeniadecor.ro,ChIJx-9XKZgXS0cRB4p6oCLBVFA
Romania,Croitorie rustica - Închiriere costume populare secuiești,"Strada Homorod 16, Odorheiu Secuiesc 535600, Romania",Odorheiu Secuiesc,,http://www.ruha.ro/,contact@ruha.ro,ChIJCVUmRpgXS0cRcx-DE5xXEmw
Romania,Garduri de top jaluzelele,"Strada Călugăreni 42, Tecuci 805300, Romania",Tecuci,,https://www.garuridetop.ro/,,ChIJYa7F6l4ptEARwaJQSDa_1XQ
Romania,Mobila Import GERMANIA Noua & Second-hand PASCANI,"Strada Abatorului Nr.56 b, Pașcani 705200, Romania",Pașcani,,,,ChIJy9dJA6UzNUcRKEy5DukQZDQ
Romania,RETIC GARDURI SRL,"Sat Gheghie Nr. 59A, 417551, Romania",Marghita,,http://www.igard.ro/,garduri@retic.ro,ChIJu88gp6vVR0cRXR-FZTbkgJ4
Romania,OLINT Megastore Rădăuți - materiale de construcții și amenajări,"Strada Gen. Iacob Zadik 19E, Rădăuți 725400, Romania",Rădăuți,,http://www.olint.ro/,magazinonline@olint.ro,ChIJNfz0gYpFNEcRQTXUndFzMVU
Romania,Tavidor S.R.L.,"Strada Vânătorilor 27, Rădăuți 725400, Romania",Rădăuți,,http://www.tavidor.ro/,,ChIJuxAENPZFNEcRcwdVFZ52YrI
Romania,Showroom Green Garden Bucovina,"DN2H 81, Rădăuți 725400, Romania",Rădăuți,,https://greengardenbucovina.ro/,office@greengardenbucovina.ro,ChIJuYUt6C5PNEcRAqqHqLiBrDA
Romania,Curățătoria Spălătoria Filimon,"Strada Fagilor Nr. 3, Rădăuți 725400, Romania",Rădăuți,,https://www.facebook.com/CuratatoriaSpalatoriaFilimon,,ChIJoaeQ7WNPNEcRfJNUgI1xzag
Romania,Metalrex Confectii Metalice,"Strada Abatorului 12, Câmpia Turzii 405100, Romania",Câmpia Turzii,,,,ChIJAdjOUkdnSUcR7mEZkaZjr48
Romania,DKR Construct,"Aleea Constructorilor nr 1, Câmpia Turzii 405100, Romania",Câmpia Turzii,,https://dkrconstruct.ro/,,ChIJGwPCuYZnSUcRm6sYXKpaFxY
Romania,Somnic Pufos / Croitoria Rolia / Junior Club,"Strada Retezatului 6B, Câmpia Turzii 405100, Romania",Câmpia Turzii,,http://www.somnicpufos.com/,,ChIJNfszZX5nSUcR7z0KTS0U4gc
Romania,Spalatorie covoare Campia Turzii,"Strada Laminoriştilor 94, Cluj Napoca 405100, Romania",Câmpia Turzii,,https://m.facebook.com/tdvspalatoriesiitp/,,ChIJC9XK075mSUcRwpe2MoHn2Sk
Romania,"Argos Showroom – Garduri, Porți Metalice și Acoperișuri, Curtea de Argeș","Strada 1 Mai 21, Curtea de Argeș 115300, Romania",Curtea de Argeș,,https://www.igarduri.ro/,,ChIJz4pfLyozTUcRBCrSMqSUtPw
Romania,KROVTEH - Garduri Moderne,"DN65 391 Județul Argeș Muntenia, Albota 117030, Romania",Curtea de Argeș,,https://krovteh.ro/,office@krovteh.ro,ChIJH3I27y-jskARJ4OZFUOs_m4
Romania,CONFARG s.a.,"Strada Victoriei 5, Curtea de Argeș 115300, Romania",Curtea de Argeș,,http://confarg.ro/,,ChIJMTdmTKEzTUcR4cStmSRWJTE
Bulgaria,"FENCING SYSTEMS manufacturer, wholesale prices","Индустриална зона, ул. „Места“ 3, 2850 Petrich, Bulgaria",Sofia,,https://www.fences.bg/,sofia@fences.bg,ChIJ593GeHMoqhQRRXIQbGT_3fc
Bulgaria,Betafence,"v.z. Vrana-Lozen triagalnika, ul. ""Viso"" 60, 1151 Sofia, Bulgaria",Sofia,,http://betafence.bg/kontakt.aspx,,ChIJYfnLSmeHqkARk2uPJDppk5A
Bulgaria,BAUHAUS Bulgaria,"g.k. Banishora, bul. ""Istoriya slavyanobalgarska"" 17, 1220 Sofia, Bulgaria",Sofia,,https://bauhaus.bg/,,ChIJfbzwnvCPqkARqgyxURa_gNI
Bulgaria,"MaistorPlus | Майстор Плюс - сайт за строителни услуги, ремонт на апартамент, ремонт на баня и още много","Hladilnika, ul. ""Banat"" 24, 1407 Sofia, Bulgaria",Sofia,,https://maistorplus.com/,,ChIJ56WaC1mFqkARhZlvGJ3oYlM
Bulgaria,Varaks Construction,"Varna CenterOdesos, ul. ""Doctor Lyudvig Zamenhof"" 18, 9000 Varna, Bulgaria",Varna,,https://varaksbg.com/,,ChIJ0-fIbj1TpEART_qIMmjUcI8
Bulgaria,Building materials store STO I PET,"VinitsaPrimorski, ul. ""Morski zvutsi"" 2, 9022 Varna, Bulgaria",Varna,,,,ChIJL1KPaeBVpEAR5K8lWNs-zDI
Bulgaria,"OGRADITE.EU, Van Merksteijn fencing systems Bulgaria","завод ""Камбана"", склад ""Огради, Northern Industrial Zone, ul. ""Odrin"" 79, 8000 Burgas, Bulgaria",Burgas,,http://ogradite.eu/,,ChIJZy5XeGKTpkAR2yZ9NzJnHvI
Bulgaria,New Fences модулни оградни системи,"5-ти километър, 8008 Burgas, Bulgaria",Burgas,,http://www.new-fences.com/,605a7baede844d278b89dc95ae0a9123@sentry-next.wixpress.com,ChIJ7-JS1JjrpkARdK5gZpm_ENU
Bulgaria,Izo - Gard,"8120 Kameno, Bulgaria",Burgas,,http://www.ogradi-bg.com/,izogard@gmail.com,ChIJZ9v5i2-MpkARdgfYryoBfeQ
Bulgaria,Roofing Contractor,"б.ок, Tri chuchura - South, ж.к. Три чучура - Юг 21, 6000 Stara Zagora, Bulgaria",Stara Zagora,,,,ChIJDWVtfesjqEARMIQtiUss-D8
Bulgaria,Helve 2000 - Doors and Fences from Wrought Iron,"Makak, ul. ""Krayrechna"" 8-9, 9711 Shumen, Bulgaria",Shumen,,http://www.facebook.com/helve2000,,ChIJ65w5BaCJpUARleSkKAE8ls8
Bulgaria,Bulgaria Plast - Factory - PVC and AL joinery,"Western Industrial Zone, Индустриален парк, 9703 Shumen, Bulgaria",Shumen,,https://bulgariaplast.com/,balgariaplast@gmail.com,ChIJBWbx5dWLpUARXNb6OOqTBKc
Bulgaria,Лазерно рязане Avangard metal,"Промишлена зона, ul. ""Dimcho Debelyanov"", 4400 Pazardzhik, Bulgaria",Pazardzhik,,http://www.avangardmetal.com/,avangardmetal.eu@gmail.com,ChIJcQojRKO6rBQRk4IB5NAHmSM
Bulgaria,GardenMAX | Garden equipment service superstore,"Запад, Veliko Tarnovo, Bulgaria",Veliko Tarnovo,,https://www.garden-max.eu/,,ChIJy5nLWJUlqUARnz_cSLZf5DE
Bulgaria,VICTORIA PROPERTIES,"Rayon Zapaden, bul. ""Vasil Levski"" № 29, вх. Б, ет. 2, 5000 Veliko Tarnovo, Bulgaria",Veliko Tarnovo,,http://victoriaimoti.com/,slavchev@victoriaimoti.com,ChIJuV8gshEmqUAR0B9hUhppwTc
Bulgaria,MASTERBOX- Building materials store,"Горниводенско шосе 64, 4232 Asenovgrad, Bulgaria",Asenovgrad,,http://www.bg-masterbox.com/,,ChIJJS5v-cXZrBQRwQ3vdf1Ds38
Bulgaria,Professional gardeners Ltd.,"Northern Industrial Zone, бул. „Освобождение“ 5, 5500 Lovech, Bulgaria",Lovech,,http://gradinari.bg/,profesionalni_gradinari@abv.bg,ChIJuUMr8O7dq0AR1ZSfc2wrs-8
Bulgaria,Chechosan,"Raykovo, ul. ""Doktor Petar Beron"" 11, 4700 Smolyan, Bulgaria",Smolyan,,http://chechosan.bg/,,ChIJcShFnK9QrBQRzVub0w22CaM
Bulgaria,Dom Na Maystora,"Tsentar, ul. ""Otets Paisiy"" 2, 1303 Velingrad, Bulgaria",Velingrad,,,,ChIJC7sPSs9lqxQRMSBTaVsPuHU
Bulgaria,Home Garden Decor - изделия от бетон за декорация,"ул. Шипка 14, 9793 Velino, Bulgaria",Velingrad,,https://homegardendecor.eu/,store@homegardendecor.eu,ChIJjxopgwB9r0ARNWc2xwsZtOk
Bulgaria,Hardware Store,"Chernogor, ul. ""Vasil Levski"" 136, 5600 Troyan, Bulgaria",Troyan,,,,ChIJC-uKJNZ-qUARLmQMFyLAA5g
Bulgaria,Garden Decor - Градинско Обзавеждане,"bul, 2900 Gotse Delchev, Bulgaria",Gotse Delchev,,https://www.garden-decor.eu/,office@garden-decor.eu,ChIJ-20tBfu_qxQRdT6BmQJppgY
Serbia,Ploting doo,"Put za Ovču 116, Beograd 11211, Serbia",Belgrade,,https://ploting.rs/,info@ploting.rs,ChIJb0QZaRBjWkcRgBZ3Rw2Ta_0
Serbia,EUROFENCE DOO,"Dositeja Obradovića 44A, Ratina 36212, Serbia",Belgrade,,http://www.eurofence.rs/,jelenais517@gs.viser.edu.rs,ChIJ0-iR1QIBV0cR8yHVinntqLQ
Serbia,Iznajmljivanje garderobera,"3 Prostor, Vinogradska 18-1, Beograd 11271, Serbia",Belgrade,,,,ChIJ3xe8R6Z6WkcRDtUGII_s-fs
Serbia,Majstor Miki Kovane Kapije,"Žabaljska 104, Zrenjanin 23000, Serbia",Zrenjanin,,https://kovane-kapije.rs/,prodaja@kovane-kapije.rs,ChIJsyXNqRzbWkcRK0x_A45EN4c
Serbia,Velemajstor (Tehnokomerc Pro),"Cara Lazara 181, Kruševac, Serbia",Kruševac,,http://www.velemajstor.com/,office@velemajstor.com,ChIJ52ANXeGHVkcRYFm5OclXI7c
Serbia,Studio Piramida,"Viktora Bubnja 13, Vranje 17501, Serbia",Vranje,,,,ChIJm1S6J8sfVRMR4U9X2rc-pXw
Serbia,Prodavnica akumulatora Start Stop,"Filipa Kljajica 15, Janka Veselinovica 7b, Sombor 420529, Serbia",Sombor,,,,ChIJ8ZLhApW1XEcR_5-NOw54cyg
Serbia,Plastor doo Jagodina,"Ribarska 42, Jagodina 35000, Serbia",Jagodina,,http://www.plastorsrbija.com/,info@plastorsrbija.com,ChIJD3_xZUrEVkcRsg7W4gEvzvQ
Serbia,Home & Garden Centar by Jela Trade,"Stepe Stepanovića 4, Vršac 26300, Serbia",Vršac,,,,ChIJEzrovDwVUEcRF2KLhM_I3fg
Serbia,Rotor-Kalmar d.o.o.,"Radnoti Mikloša 27, Senta 24400, Serbia",Senta,,http://www.rotor-kalmar.co.rs/,rotorkalmar@gmail.com,ChIJQzKXCFW-REcRmtU9bBs2vaU
Albania,Apartamente me Qira Ditore në Qendër të Tiranës,"Rruga Luigj Gurakuqi, Tiranë 1001, Albania",Tirana,,,,ChIJU8w9yegxUBMRvEmlTXAsYlk
Albania,Megatek Shopping Center,"Rruga Industriale, Tiranë 1000, Albania",Tirana,,https://www.megateksa.com/,,ChIJr7DAbYYuUBMR-l5y_VDl8eQ
Albania,Tirana Garden Building,"8RG4+R9C, Tiranë, Albania",Tirana,,,,ChIJgfLQISExUBMRlC6uPuyJBjQ
Albania,Apartament me qera Ditore - Javore,"Plazh, Rruga pavaresia Rrota e Kuqe, Durrës 2008, Albania",Durrës,,,,ChIJJ_SPo-vZTxMRDylmKdmX7f8
Albania,"Apartamente Me Qera Ditore ""currila Stays"", Durres / Daily Rent Apartments Albania","Rruga Currila, Durrës 2001, Albania",Durrës,,https://www.instagram.com/currila.stays?igsh=MTdxMXRxajBjOXcwZg==,,ChIJKfbTgzbbTxMR2BiutHCcTp4
Albania,Motorra elektrik ( Me qera ),"Rruga Ere Pranvere, Durrës 2001, Albania",Durrës,,,,ChIJv3Ca_MTbTxMRwDwsYIVUrbs
Albania,Mobile Store Durres,"Durrës, Albania",Durrës,,https://mobilestoredr.al/,,ChIJEbhrHADbTxMRIfZ9ZtB_QFg
Albania,GIG MOBILE STORE (GIG ELECTRONICS ALBANIA),"Rruga Aleksander Goga, Durrës 2001, Albania",Durrës,,https://gigmobile.store/,,ChIJCV1MecvbTxMRNfWrLs1EAX4
Albania,Smart Store Durrës,"8F92+3XC, Durrës 2001, Albania",Durrës,,,,ChIJYeDLMbTbTxMRYLSr02ght60
Albania,"Hez Store - Dyqan Hidrosanitare, hidraulike & elektrike.","Bajram Tusha, Durrës, Albania",Durrës,,http://www.hez.al/,,ChIJLxcTXZLZTxMR_x1uFSIkS5E
Albania,Thaci Gardening,"Hidrovor Sukth, Rruga Hamallaj, Durres 2010, Albania",Durrës,,http://www.thacigardening.com/,dd0a55ccb8124b9c9d938e3acf41f8aa@sentry.wixpress.com,ChIJXSi56Y0rThMRZ08ac53AnKw
Albania,Luggage Storage Rruga Egnatia - Radical Storage,"Rruga Egnatia 623, Durrës 2001, Albania",Durrës,,https://radicalstorage.com/luggage-storage/durres/city-center/luggage-storage-rruga-egnatia?utm_source=gmb&utm_medium=durr%C3%ABs&utm_campaign=rrugaegnatia&utm_content=websiteclick,Egnatia@radical.storage,ChIJi8-HAUfbTxMRtIH11zmZhN8
Albania,Hotel Garden,"Radhim Vlorë, 9400, Radhimë, Albania",Vlorë,,http://www.hotelgardenvlore.com/,,ChIJw6-hutEtRRMRadkJwn2ReG4
Albania,Restaurant Garden,"Vlore , Orikum, Radhimë 9400, Albania",Vlorë,,,,ChIJQ_8pFY0tRRMRJvrhZA0lOJ4
Albania,Rent and Go (Makina me Qera Vlorë),"hektor shyti, Vlorë 9401, Albania",Vlorë,,,,ChIJSzKw6f8zRRMRGEfWb4uzAzc
Albania,Luggage Storage Vlora,"Rruga Aleks Çaçi, Vlora 9401, Albania",Vlorë,,,,ChIJ3dLx50MxRRMR6mn_XJ89AOo
Albania,Materiale ndertimi,"436M+J87, Rruga 11 Nëntori, Elbasan, Albania",Elbasan,,,,ChIJH67zGJdDUBMRAi7-r-cqbwk
Albania,Mobileri Ajax Elbasan,"Lagjia Aqif Pasha. Rruga 28 nentori Pallati 31/3 . Perballe ish-maternitetit, 1005, Albania",Elbasan,,https://www.facebook.com/mobileriajax/,,ChIJH1-Rp61DUBMRn6AVHMzTyaY
Albania,Metrazhe Rolando shpk,"435H+C2W, Rruga 25 Nentori nr 2, Elbasan 3001, Albania",Elbasan,,,,ChIJ3yIubKFDUBMRo0pZvYPZqJg
Albania,Perde Noeld,"Rruga 25 Nentori nr 2, Elbasan 3001, Albania",Elbasan,,,,ChIJ7WWrbBVDUBMRW9DXOOdJ7zc
Albania,PERDE ALESIA,"Rruga 25 Nentori, Elbasan, Albania",Elbasan,,,,ChIJZ2GgdCBDUBMRbj55g7EdbeQ
Albania,Mustafaj Textile,"Rruga 25 Nentori, Elbasan 3003, Albania",Elbasan,,,,ChIJ8wC29HJDUBMR_hELwkMf0Ls
Albania,Said Car Rental - Makina me qera Elbasan,"Rruga 11 Nëntori nr 60, Elbasan 3000, Albania",Elbasan,,,,ChIJQ8krIk9DUBMRYY54ckJjo7s
Albania,Gotech Electronics,"436P+Q29, Rruga 11 Nëntori, Elbasan, Albania",Elbasan,,,,ChIJ4S51KwBDUBMRImk_sHnvvXA
Albania,Apartamente me qira ditore Urban Living Shkoder,"Shkodër 4001, Albania",Shkodër,,https://www.extra-realty.com/en/category/3711,,ChIJZ8_D6NUBThMRl3i8thfYqEM
Albania,Shkodra Store,"Bulevardi Skënderbeu, Shkodër 4001, Albania",Shkodër,,https://shkodrastore.al/,,ChIJ5yTOZIcBThMRAp0GoiRUUgE
Albania,Punime Hekuri (Welding) - ABB Metal,"Rruga Dasho Shkreli, Shkodër 4001, Albania",Shkodër,,,,ChIJAcicj1UBThMRMpN2gh7tJto
Albania,Buzi Store,"Bulevardi Jakov Xoxa, Fier 9301, Albania",Fier,,https://www.buzistore.com/,info@buzistore.com,ChIJs3WB-MxTRRMRrGnGQ1IT4lg
Albania,Shtëpi me qira ditore në Korçë,"Apartmenti 8, Rr.1Maji,Godina 3/1149,Hyrja 4, Korçë 7001, Albania",Korçë,,,,ChIJBQNEIfkLWhMREQ4Paek3uwU
Albania,Shtëpi me qera Korçë (ditore/mujore),"Rruga Viktor Eftimiu 14, Korçë 7001, Albania",Korçë,,,,ChIJR1SEVCkLWhMR42Aujhyf33g
Albania,"Shtepi me Qera ditore, Korce","Rr.: ""PANO XHAMBALLO, Korçë 7017, Albania",Korçë,,,,ChIJT6V1vFgLWhMRmO9R4fRMKrQ
Albania,Dysheke Tapete Korce,"Sheshi i Teatrit, Korçë 7000, Albania",Korçë,,,,ChIJbdfiEgMLWhMRjFTFFxmO1fw
Albania,Tapeta Dysheke Elio Korce,"Rruga Midhi Kostani, Korçë 7000, Albania",Korçë,,,,ChIJFQDssJELWhMR_-B5rnqnUpQ
Albania,Mobileri Renis,"Shetitorja Stadiumit, Lushnjë 9001, Albania",Lushnjë,,,,ChIJRZz-LP8FUBMR9gp5LlA9muI
Albania,Materiale,"Shetitorja e Stadiumit, Lushnjë, Albania",Lushnjë,,,,ChIJWQIafooFUBMRj59vmOx-6eg
Albania,Tenda dielli Gjyla,"Shetitorja e Stadiumit, Lushnjë 9001, Albania",Lushnjë,,https://www.instagram.com/tenda_dielli_gjyla_2014?igsh=Z3Y0N29lejdvdjRj&utm_source=qr,,ChIJ17G5Kj8FUBMRX-DF5KgzbSs
Albania,Makina Me Qera Elvi,"Perball FiBank, Shetitorja Kongresi Lushnjes, Lushnjë, Albania",Lushnjë,,https://instagram.com/makina.me.qera.lushnje?igshid=YmMyMTA2M2Y=,,ChIJocoGuB8FUBMR4P91C9SoAd8
Albania,Servis.celular,"Shëtitorja Josif Budo 4155, Kavajë 2500, Albania",Kavajë,,,,ChIJeYQfiEffTxMRWNJ-SHTjP4U
Albania,"Drejtoria e Përgjithshme e Shërbimeve të Transportit Rrugor, Mat (DPSHTRR MAT)","J253+VH4, Rruga e Arberit, Burrel, Albania",Burrel,,https://www.dpshtrr.al/,dpshtrr@dpshtrr.gov.al,ChIJ-yhXCgC5URMR6UeR8bwgRC8
Albania,Villa Green Garden,"AL, Rruga Skënderbeu, 9701, Albania",Sarandë,,http://green-garden.al/,info@green-garden.al,ChIJtT5cBowUWxMRK15A5qftKA4
Albania,Saranda Embankment,"V2F6+95V, Shëtitorja Naim Frashëri, Saranda, Albania",Sarandë,,,,ChIJQ530fQgVWxMRkJA1QulADU0
Albania,SARANDA HOLIDAY RENT A CAR,"Rruga 40 Shenjtorët, Saranda, Albania",Sarandë,,https://www.saranda-holiday-rent-a-car-makina-me-qera-ne-sarande.com/,,ChIJLR9HoPYUWxMRoP2QkoH7w3E
Albania,Saranda Luggage Storage,"Abedin Dino, Sarandë 9701, Albania",Sarandë,,http://luggagestoragesaranda.com/,luggagestoragesaranda@gmail.com,ChIJD4NjeD0VWxMRG0K-7s-k7xY
Albania,Rose Garden Hotel,"Rruga Astrit Karagjozi, Gjirokastër 6001, Albania",Gjirokastër,,,,ChIJu_n-GoIdWxMRyobCCQLZxOU
Albania,GoTech Electronics Gjirokastër,"Bulevardi 18 Shtatori, Gjirokastër 6001, Albania",Gjirokastër,,https://www.gotech.al/,,ChIJZ9K7mlIdWxMR-eGldujvffg
Albania,Taxi Krenari Gjirokastër,"34JR+J39, Bulevardi 18 Shtatori, Gjirokastër, Albania",Gjirokastër,,,,ChIJZ5G1tNIcWxMRpJyDTC2-RGc
Albania,Drejtoria Rajonale e Trashegimise Kulturore,"34FP+QV9, Gjirokastër, Albania",Gjirokastër,,,,ChIJR5GBSSQdWxMRTtMxzkrOF78
Albania,Phone shop& service. Rental car Ahmeti,"Bulevardi 18 Shtatori, Gjirokastër 6002, Albania",Gjirokastër,,https://www.sarandacarrental-ahmeti.com/,,ChIJh0Ptz2odWxMRc900Gma2TUU
Albania,Hotel Restorant Autogrill Roberti,"Rruga Tepelenë - Gjirokastër - Janinë, Tepelenë, Albania",Tepelenë,,,,ChIJ1YWPui_nWhMRLpaMOkEZgVk
Albania,Villa Përmet (Hotel & Restaurant),"Rruga 13 Shtatori, Përmet 6401, Albania",Përmet,,,,ChIJLYto-epXWhMRedyghrlCGbU
Albania,Garden Guest House Permet,"Rruga Ngjeli Gogo, Permet 6401, Albania",Përmet,,,,ChIJlfwQ8kdXWhMR0_fD0hVWVYc
Albania,Luggage Storage Himara,"Himarë 1001, Albania",Himarë,,,,ChIJuUIEVgAvWxMR3t5mBOjtVi4
Albania,Garden Line shpk,"Rruga e Luleve 10, Marikaj 1033, Albania",Delvinë,,,,ChIJbWEWE2EpUBMRu1aPPkZcH8U
Montenegro,Kucni Majstor Podgorica,"08 Ilije Plamenca, Podgorica 81000, Montenegro",Podgorica,,,,ChIJCbCiER_e3oQRcADAHBqQKCM
Montenegro,ELEVATOR DIZALICE,"br.60 4. Jul, Podgorica 81000, Montenegro",Podgorica,,http://www.elevator.co.me/,elevator@t-com.me,ChIJSQuiwxTrTRMR7PR9RqYAys4
Montenegro,Univerzal - Centar za uredjenje prostora,"Ivana Milutinovića, Pljevlja 84210, Montenegro",Pljevlja,,,,ChIJl4CUzPMJWEcR4k1izK3rQYI
Montenegro,House with garden,"Bulevar crnogorskih heroja, Predgrađe br. 6, Cetinje, Montenegro",Cetinje,,,,ChIJw5c9_4nPTRMRYkrqFSTyVBU
Montenegro,Motori za kapije,"B2 Ulica Jovana Tomasevica, Bar 85000, Montenegro",Bar,,http://www.bftmontenegro.me/,,ChIJ0bHLbpNzThMR8K6tEoBobE0
Montenegro,Katunjanin DOO,"Sutorina bb, 85340, Montenegro",Herceg Novi,,http://katunjanin.me/,,ChIJzzn59_I8TBMRp6xbYWATUmw
Montenegro,Ostava Selfstorage,"Budva 85310, Montenegro",Budva,,https://www.ostava.me/,ostavativat@gmail.com,ChIJ4w4LRlkrTBMRvDk05wsuSRc
Montenegro,Apartments DRAGA,"1990 Rr. 28 Dhjetori, Ulcinj 85360, Montenegro",Ulcinj,,,,ChIJJYs4ULUTThMR21nTNpW2QKE
Montenegro,Tujko D.O.O. Kotor,"9Q9F+8C7, Gornjogrbaljski Put, Nalježići, Montenegro",Tivat,,http://www.tujkogrbalj.com/,,ChIJH8ZW75EtTBMRwe36CBbUmIg
Montenegro,DOO DRVOMONT -KOTOR,"9QH2+FM6, Radanovići b.b., P22, Lješevići 85330, Montenegro",Tivat,,http://www.drvomont.me/,info@drvomont.me,ChIJHa0RPIQtTBMRHMKL_bwV6_E
Montenegro,Montenegro 4x4 Adventures,"4 Kotorska, Podgorica 81000, Montenegro",Tivat,,https://www.montenegro4x4adventures.com/,,ChIJH8dHo7UzO2ARfJn4nOiszC8
Montenegro,RightRoute.me | Motorbike Rent & Tours,"4 Đure Daničića, Podgorica 81000, Montenegro",Rožaje,,https://rightroute.me/,office@rightroute.me,ChIJoVUUaiDrTRMRZsAWDEx5SEU
Montenegro,Montenegro Ride | Motorcycle Tours and Rentals in Montenegro,"Porto Montengro, Tivat 85320, Montenegro",Rožaje,,https://montenegroride.com/,bookings@montenegroride.com,ChIJBaGmNEAxTBMR5VkFSf8dt4w
Montenegro,El Toro Tour Boat Budva,"Marina, Budva 85310, Montenegro",Rožaje,,https://www.instagram.com/eltoroboatbudva/?hl=en,,ChIJa_slJU3VTRMRdgTbS0AMwkM
Montenegro,Iznajmljivanje šatora - Differentevent,"Ljube Rankovića 19, Ostružnica, Beograd, Serbia",Rožaje,,http://www.differentevent.rs/,,ChIJ50nHn-1xWkcRt4fLSLJJC3c
Montenegro,Rent a bike Kotor,"Skaljari 98, 85320, Montenegro",Kotor,,,,ChIJS6vPbEMzTBMRd04iINZL0-k
Montenegro,GARAGES FOR RENT KOTOR,"9Q92+93V, Unnamed Road, Radanovici, Montenegro",Kotor,,,,ChIJF2xkdrAtTBMR5_JaVWdUwnw
Montenegro,Oasis Rent a Car/Bike/Moto/Boat,"Šuranj, bb Njegoševa, Kotor 85330, Montenegro",Kotor,,https://www.oasismontenegro.me/,,ChIJyQuERrozTBMReXpIjslvZLQ
Montenegro,Estitor,"20 Bulevar Stanka Dragojevića, Podgorica 81000, Montenegro",Mojkovac,,https://estitor.com/me-en,zeljko@estitor.com,ChIJk2XT3YnrTRMR6Ly8LTctDO0
Montenegro,Durmitor Adventure,"Vuka Karadžića, Žabljak 84220, Montenegro",Žabljak,,https://durmitoradventure.com/,,ChIJn4uIyTU5TRMRmX5ZMY0SKa0
Montenegro,DURMITOR OFF ROAD TEAM,"Hotel Enigma, Žabljak 84220, Montenegro",Žabljak,,,,ChIJG15w6s45TRMRpdSHSOd-gTE
Montenegro,Black Stone Durmitor,"44VC+94G, Žabljak 84220, Montenegro",Žabljak,,https://www.booking.com/Share-QylaS4,,ChIJK0ozDQA_TRMRbVV2BUUsrWA
Montenegro,Durmitor National Park,Montenegro,Žabljak,,https://nparkovi.me/parks/Durmitor,,ChIJ73t1OUxHTRMRDu6MnXs-VUQ
Montenegro,Jablan lake,"5386+P9R Zabljak, Durmitor, Bosača, Montenegro",Žabljak,,,,ChIJ8dE0sS47TRMRwHAA_wkDf2E
Montenegro,HM Durmitor,"544C+2PR, Žabljak, Montenegro",Žabljak,,http://www.durmitornp.com/stay/,,ChIJDR1DGjQ5TRMR1VZAZn37baA
Montenegro,Durmitor Glamping,"Zabljak bb, Žabljak 84220, Montenegro",Žabljak,,https://durmitorglamping.me/,,ChIJH8quLIY5TRMRuLZSFHDI6co
Montenegro,Durmitorski bungalovi,"547R+85M, P5, Žabljak, Montenegro",Žabljak,,https://www.durmitornp.com/durmitor-bungalows/,,ChIJjy6JnSA5TRMRvRjUsjKghoo
Montenegro,Katun Camp Durmitor,"P14, Žabljak 84220, Montenegro",Žabljak,,https://etnokatun.me/,,ChIJ7ahqo20_TRMRqHm7koXnLbQ
Montenegro,SUMMIT TOURIST AGENCY DURMITOR,"Njegoševa, Žabljak, Montenegro",Žabljak,,http://www.summit.co.me/,,ChIJ64e5uDU5TRMR6tLhpUFZzjI
Montenegro,"Family Farm Apartments, Durmitor","R-14, Virak, Montenegro",Žabljak,,http://www.familyfarm.me/,,ChIJPdCAMYk-TRMR2Og05GaA1pc
Montenegro,NORTH STORY - Luxury Chalet - Apartments & rooms,"Kovacka dolina 1, 84220, Montenegro",Žabljak,,http://www.durmitornp.com/stay/,,ChIJZXdsgK05TRMRqm8Virzz7Fg
Montenegro,Mountain pass Sedlo,"33X2+94P Durmitor National Park, Pošćenski Kraj, Montenegro",Žabljak,,https://www.zabljak.com/sedlo-pass-montenegro,,ChIJq7pUu5w9TRMRzoMWXC366FY
Montenegro,Etno selo Montegoat & Restoran Zavičaj - Dragovoljići,"Dragovoljici bb, 81400, Montenegro",Šavnik,,https://www.odmaraj.me/web/listing/cipranic-company-niksic-crna-gora/,odmaraj.me@gmail.com,ChIJAXfR0EKnTRMRGDUrX8qcsn0
Montenegro,Sarah Garden Apartment,"Dosudje 44, 84326, Montenegro",Gusinje,,https://www.facebook.com/6987fs?mibextid=LQQJ4d,,ChIJP6qubvJlUhMRaxrVnpgqUcs
Montenegro,IZONET,"Kovačko polje bb, Kotor, Glavati, Montenegro",Gusinje,,http://www.izonet.net/,,ChIJy2TQTrQtTBMR20YzAcqy5Xs
Montenegro,Ploting doo,"Put za Ovču 116, Beograd 11211, Serbia",Petnjica,,https://ploting.rs/,info@ploting.rs,ChIJb0QZaRBjWkcRgBZ3Rw2Ta_0
North Macedonia,Green Garden Centar Bitola,"Vladimir Nazor 14, Bitola 7000, North Macedonia",Bitola,,https://www.facebook.com/rasadnikGREEN,,ChIJ6xDk3rIlVxMRxzbq8dsT5CE
North Macedonia,Merkator ANG,"MK, Питарница Гостивар 1 бр. 8, Gostivar 1230, North Macedonia",Gostivar,,http://merkatorang.com.mk/,info@merkatorang.com.mk,ChIJaVKiDrdXURMRt7_pDvWFtxQ
North Macedonia,Mobile store „Mobi Go“,"Ilindenska, Kavadarci, North Macedonia",Kavadarci,,http://www.mobigo.mk/,,ChIJn_lDpqhlVhMRB9hFfNPWdt8
North Macedonia,Мobile store „Mobi Go“,"ul, Marshal Tito 77/1, Negotino 1441, North Macedonia",Kavadarci,,https://mobigo.mk/,,ChIJQ4d0fklwVhMRSCMSr-8dt7Y
North Macedonia,Fence store „Mano Metal“,"Industriska ББ, Kavadarci 1430, North Macedonia",Kavadarci,,,,ChIJFyfoLz5lVhMRtLsCcrn9NCk
North Macedonia,Building materials storage „GTI“,"Industriska bb MK, 1430, North Macedonia",Kavadarci,,,,ChIJ942QVVVkVhMRsy7D3Az-mr8
North Macedonia,DIMBAFENCE,"Bulevar Gevgelija br.1, Gevgelija 1480, North Macedonia",Gevgelija,,https://www.dimbafence.com/,,ChIJDfjKtmclVhMR5nBA94vrXk8
North Macedonia,"FENCING SYSTEMS manufacturer, wholesale prices","Индустриална зона, ул. „Места“ 3, 2850 Petrich, Bulgaria",Resen,,https://www.fences.bg/,sofia@fences.bg,ChIJ593GeHMoqhQRRXIQbGT_3fc
North Macedonia,Territorial Fire Brigade Berovo,"2332, Berovo, North Macedonia",Berovo,,,,ChIJF6krnLQTqhQRjtg9VJMLJc8
North Macedonia,Idea Garden Rasadnik,"ул.8ми март бб, 1484, North Macedonia",Bogdanci,,,,ChIJO7b2KMwhVhMRrvyzbvTJ48E
North Macedonia,IDEA GARDEN izlozben centar,"5HXQ+X9, Bogdanci, North Macedonia",Bogdanci,,,,ChIJhQLfdAAhVhMRrN-9APoBcfw
