country,company_name,address,city,phone,website,email,place_id,scraped_emails,scraping_error,all_emails
Czech Republic,"BETONPLOT - PLOTY NA MÍRU, Praha-Kunratice - Výroba, prodej, montáž oplocení, brány a branky","Kunratice Praha 4 - Kunratice CZ, Vídeňská 49/134, 148 00 Praha 4, Czechia",Prague,,https://betonplot.cz/,,ChIJqQ-pqJ2RC0cRw7dfoZhvM6U,"info@plotynamiru.cz , info@plotynamiru.cz",,info@plotynamiru.cz
Czech Republic,"Cheap Fences, Ltd.","Ve žlíbku 1849, 193 00 Praha 9, Czechia",Prague,,https://www.levne-ploty.cz/,objednavky@boppe.cz,ChIJAUVJTXiTC0cRbS8FBnlMXE0,objednavky@boppe.cz,,objednavky@boppe.cz
Czech Republic,Ploty Šmíd,"Svatá 62, 267 51 Svatá, Czechia",Prague,,https://www.ploty-montaz.cz/,info@ploty-montaz.cz,ChIJ34p1acKuC0cRtVrDtrwHkA4,info@ploty-montaz.cz,,info@ploty-montaz.cz
Czech Republic,Betonové ploty Praha,"Boleslavská 1384, 250 01 Brandýs nad Labem-Stará Boleslav 1, Czechia",Prague,,https://www.betonplotypraha.cz/,info@betonplotypraha.cz,ChIJX0OfmznxC0cRV_WsR7Yo8Ik,,SSL Error,info@betonplotypraha.cz
Czech Republic,M&M PLOTY s.r.o.,"Újezd pod Troskami 45, 512 63 Újezd pod Troskami, Czechia",Prague,,https://eshop.mmploty.cz/,jan@novak.cz,ChIJv6WRhVWvDkcRYgzlN2_QleQ,,HTTP 503,jan@novak.cz
Czech Republic,UNIPloty.cz - RM comp. s.r.o.,"Skoky 138, 751 25 Dolní Újezd-Veselíčko u Lipníka nad Bečvou, Czechia",Prague,,http://www.uniploty.cz/,uniploty@seznam.cz,ChIJUQYv-kGwE0cRSYpPGFSiHKs,"uniploty@seznam.cz, zabojjan@seznam.cz",,"uniploty@seznam.cz, zabojjan@seznam.cz"
Czech Republic,ploty-dlazba.cz,"Okrouhlo 236, 254 01 Okrouhlo, Czechia",Prague,,http://ploty-dlazba.cz/kontakt/,info@ploty-dlazba.cz,ChIJmZ9lKGWaC0cRjpUCuS77PcI,,SSL Error,info@ploty-dlazba.cz
Czech Republic,Gabionové ploty - opěrné zdi - výkopové práce,"Velvarská 1, 252 62 Horoměřice, Czechia",Prague,,https://www.gabiony-ploty-zdi.cz/,,ChIJv9bFtlfBC0cRCVBvDwY7e-w,info@gabionove-konstrukce.cz,,info@gabionove-konstrukce.cz
Czech Republic,Stavíme ploty s.r.o.,"Hněvotín 90, 783 47 Hněvotín, Czechia",Prague,,http://stavime-ploty.cz/,poptavky@stavime-ploty.cz,ChIJg2EKnMZNEkcRKovGn--GIL8,poptavky@stavime-ploty.cz,,poptavky@stavime-ploty.cz
Czech Republic,Prima ploty s.r.o. - ploty jednou provždy,"Nádražní 238, 503 53 Smidary, Czechia",Prague,,http://www.primaploty.cz/,obchod@primaploty.cz,ChIJzzCnpT0rDEcRTmC9iiR8Y2Y,obchod@primaploty.cz,,obchod@primaploty.cz
Czech Republic,PLOTY Martin Povýšil,"Jiráskova 547, 251 64 Mnichovice, Czechia",Prague,,http://www.oploceni.org/,info@oploceni.org,ChIJh145lCOIC0cReScFheSEePc,,SSL Error,info@oploceni.org
Czech Republic,Nové-ploty-ihned.cz,"U Kapličky 153/2, 277 32 Čečelice-Byšice, Czechia",Prague,,https://noveplotyihned.cz/,noveploty.ihned@gmail.com,ChIJJYYuZ23lC0cRcAQa1eDJeb8,noveploty.ihned@gmail.com,,noveploty.ihned@gmail.com
Czech Republic,Pavelka - ploty pro Váš dům,"Ředhošť 16, 411 20 Mšené-lázně-Ředhošť, Czechia",Prague,,http://www.ploty-pavelka.cz,info@ploty-pavelka.cz,ChIJe_vHKFrSC0cR4ztsBhNSYnI,,HTTP 503,info@ploty-pavelka.cz
Czech Republic,GOOD FENCES,"Pražská 161, 281 04 Plaňany, Czechia",Prague,,http://www.hezke-ploty.cz/,info@hezke-ploty.cz,ChIJvbo8BqDyC0cRkCBoogcB2W4,,,info@hezke-ploty.cz
Czech Republic,Mobilní ploty a oplocení,"Bečovská, 104 00 Praha 10, Czechia",Prague,,http://www.mobilni-oploceni.cz/,info@mobilniwecko.cz,ChIJ95Zf-aSNC0cRcJNGrHYqA98,info@mobilniwecko.cz,,info@mobilniwecko.cz
Czech Republic,Ploty a gabiony DOPS Bohemia,"Spodní, 159 00 Zbraslav, Czechia",Prague,,http://www.pletiva.com/,info@pletiva.com,ChIJWcHEUiiXC0cRMsUN5-8JkUs,,HTTP 503,info@pletiva.com
Czech Republic,"Ploty KODL, s.r.o. Plzeň | oplocení, pletivo, podhrabové desky, brány, vrata, vrátka - montáž, prodej, stavba","U Ježka 1265, 337 01 Rokycany 1, Czechia",Prague,,http://www.kodl-ploty.cz/oploceni/,obchod@kodl-ploty.cz,ChIJueA5Q778CkcRi2KjU-fk8J4,,SSL Error,obchod@kodl-ploty.cz
Czech Republic,Mobilní ploty Praha | ​WOLF service s.r.o.,"Bystrá, 193 00 Praha 20, Czechia",Prague,,https://ploty-mobilni.cz/,info@wolfservice.cz,ChIJ8zGKQw7zC0cRTxhxrojdfyc,,SSL Error,info@wolfservice.cz
Czech Republic,Jan Prokeš - realizace plotů,"Makotřasy 190, 273 54 Makotřasy, Czechia",Prague,,http://www.plotykokino.cz/,plotykokino@seznam.cz,ChIJq4oWApPLC0cRUKAG0Y8jcPE,plotykokino@seznam.cz,,plotykokino@seznam.cz
Czech Republic,"A - Z PLOTOVÉ CENTRUM, spol. s.r.o.","Stará pošta 67, 664 61 Rajhrad, Czechia",Prague,,http://www.oploceni.cz/,info@oploceni.cz,ChIJeQcCo2O_EkcRDC5SRKzdgXo,,,info@oploceni.cz
Czech Republic,MaPo ploty,"Hostislavova 642/7a, 641 00 Brno-Žebětín, Czechia",Prague,,http://www.mapo-ploty.cz/,info@mapo-ploty.cz,ChIJhVMgPpGXEkcRmvWi-2OMTvY,,SSL Error,info@mapo-ploty.cz
Czech Republic,Gardis,"5. května 856/58, 140 00 Praha 4-Nusle, Czechia",Prague,,http://www.gardis.cz/,info@gardis.cz,ChIJn9rTkuORC0cRKN33JCiLHko,info@gardis.cz,,info@gardis.cz
Czech Republic,HK ploty - Výstavba A Prodej Oplocení,"T. Novákové 1283/64, 621 00 Brno-Řečkovice a Mokrá Hora, Czechia",Prague,,https://www.hk-ploty.cz/,hkploty@seznam.cz,ChIJgRRCu-KTEkcRrtVpnAqJ4bg,hkploty@seznam.cz,,hkploty@seznam.cz
Czech Republic,Ploty Opava: Stavba plotů a oplocení,"5, Horní 265, 747 05 Opava-Malé Hoštice, Czechia",Prague,,http://www.plotyopava.cz/,ploty@markiel.cz,ChIJm-_USYHYE0cRLEY1H9yL1eE,,,ploty@markiel.cz
Czech Republic,HOBBY Garden Ltd.,"Pod Drahou 984, 252 30 Řevnice, Czechia",Prague,,https://plotydozahrady.cz/,,ChIJz1m9AICiC0cRmxgHmxRQyYY,ploty@plotydozahrady.cz,,ploty@plotydozahrady.cz
Czech Republic,Ploty Benešov,"Fakturační adresa, Na Bezděkově 2005, 256 01 Benešov, Czechia",Prague,,http://beneploty.cz/,beneploty@seznam.cz,ChIJA4Jolg1_DEcRbSgjOu6U9vw,beneploty@seznam.cz,,beneploty@seznam.cz
Czech Republic,PLOTYS - prodej a stavba plotů,"Otická 36, 746 01 Opava 1, Czechia",Prague,,http://www.plotys.cz/,,ChIJzffs0HPYE0cRkWCbZMk0QuI,postavplot@gmail.com,,postavplot@gmail.com
Czech Republic,Ploty z Kovu,"Na Pořadí, 735 41 Petřvald u Karviné, Czechia",Prague,,http://www.plotyzkovu.cz/,poptavka@plotyzkovu.cz,ChIJH6uxE7L9E0cRvmrpyjpbMJI,poptavka@plotyzkovu.cz,,poptavka@plotyzkovu.cz
Czech Republic,Plotové Studio,"Do Višňovky 81, 251 01 Herink-Říčany u Prahy, Czechia",Prague,,https://www.plotovestudio.cz/kontakty/centralni-sklad-herink,reklamace@ceskeploty.cz,ChIJZSJgzgGPC0cRlnbmeTzfRuc,"reklamace@ceskeploty.cz, herink@ceskeploty.cz, info@ceskeploty.cz",,"herink@ceskeploty.cz, info@ceskeploty.cz, reklamace@ceskeploty.cz"
Czech Republic,MIMA ploty s.r.o.,"Rebešovická 482/77, 643 00 Brno-Chrlice, Czechia",Brno,,https://www.betonoveploty.cz/,seo.racek@gmail.com,ChIJD2icoRDAEkcRvy5DwdhPlp0,"seo.racek@gmail.com, info@betonoveploty.cz",,"info@betonoveploty.cz, seo.racek@gmail.com"
Czech Republic,Ploty Pepe,"Kaštanová 141e, 620 00 Brno-jih, Czechia",Brno,,http://www.plotypepe.cz/,jan@novak.cz,ChIJw0o63_mVEkcRe1AgPbDFMog,,HTTP 503,jan@novak.cz
Czech Republic,Betonové ploty Znojmo Brno Břeclav,"Příkopy 362, 671 67 Hrušovany nad Jevišovkou, Czechia",Brno,,http://www.betonoveplotyznojmo.cz/,j.novacek@betonoveplotyznojmo.cz,ChIJhUqnxNhKbUcRTicd6Mc8gkU,j.novacek@betonoveplotyznojmo.cz,,j.novacek@betonoveplotyznojmo.cz
Czech Republic,A+J ploty s.r.o.,"Brněnská, 664 42 Modřice, Czechia",Brno,,http://www.ajploty.cz/,obchod@ajploty.cz,ChIJaaO6WXq_EkcRxW_SBnRpiRU,"info@ajploty.cz, montaz@ajploty.cz, obchod@ajploty.cz",,"info@ajploty.cz, montaz@ajploty.cz, obchod@ajploty.cz"
Czech Republic,Davson Ploty - David Duchoň,"Sevastopolská 348/7, 625 00 Brno-Starý Lískovec, Czechia",Brno,,http://www.davson-ploty.cz/,ploty-davson@seznam.cz,ChIJpdt9_OWVEkcR8HyxrrVLJEE,ploty-davson@seznam.cz,,ploty-davson@seznam.cz
Czech Republic,Namor Ploty,"Tuřanská 689, 664 52 Sokolnice, Czechia",Brno,,http://www.namorploty.cz/,info@namorploty.cz,ChIJMf_atf_HO2oRzyS1ppz3M64,info@namorploty.cz,,info@namorploty.cz
Czech Republic,Levné Ooplocení,"Stará pošta 67, 664 61 Rajhrad, Czechia",Brno,,http://www.levne-oploceni.cz/,dotazy@levne-oploceni.cz,ChIJeQcCo2O_EkcRRJ7FomXL818,dotazy@levne-oploceni.cz,,dotazy@levne-oploceni.cz
Czech Republic,DESIGNFENCE,"Klímova 1, 616 00 Brno-Žabovřesky, Czechia",Brno,,http://www.designfence.cz/,info@designfence.cz,ChIJj512S03rEkcRO2Bmiaw4ahQ,info@designfence.cz,,info@designfence.cz
Czech Republic,Ploty-Ostrava,"Hrabovská 5, 724 00 Ostrava 24, Czechia",Ostrava,,http://www.ploty-ostrava.cz/,ploty@kanclir.cz,ChIJj7hxNsD6E0cR6uDvHeArK5g,ploty@kanclir.cz,,ploty@kanclir.cz
Czech Republic,ČESKÉ PLOTY | OSTRAVA,"U Cementárny 1174/38, 71000 Ostrava 3, Czechia",Ostrava,,https://www.ceskeploty.cz/,info@ceskeploty.cz,ChIJBbquPZHjE0cR-zXZyFqCkRE,,HTTP 503,info@ceskeploty.cz
Czech Republic,KM fences Ostrava,"Na Valše 48/11, 702 00 Moravská Ostrava a Přívoz, Czechia",Ostrava,,http://www.kmploty.cz/,info@plotyzostravy.cz,ChIJB0A7dgLiE0cRdreu6qDY2Yc,info@plotyzostravy.cz,,info@plotyzostravy.cz
Czech Republic,Ploty Kincl s.r.o.,"Na Valše 48, 702 00 Moravská Ostrava a Přívoz, Czechia",Ostrava,,http://www.plotyzostravy.cz/,info@plotyzostravy.cz,ChIJ29W2RePiE0cRv1YrzbAOU9I,,,info@plotyzostravy.cz
Czech Republic,"Ploty Lorenc, Kované ploty","U Řeky vedle č.p.682, 720 00 Ostrava, Czechia",Ostrava,,https://www.ploty-lorenc.cz/cs/,info@ploty-lorenc.cz,ChIJLZtkc-FfEUcRqE8UAzmJaKE,info@ploty-lorenc.cz,,info@ploty-lorenc.cz
Czech Republic,Nejlevnější ploty Paskov - komplexní prodej výrobků a nářadí pro stavbu plotů,"Místecká 904, 739 21 Paskov, Czechia",Ostrava,,http://www.nejlevnejsiploty.cz/,faktury@dimonthdx.cz,ChIJW0LAQZr7E0cRPWAHHlVpriI,,SSL Error,faktury@dimonthdx.cz
Czech Republic,Profi Ploty,"Erbenova 280/66, 703 00 Ostrava 3, Czechia",Ostrava,,https://www.profiploty.cz/,jan@novak.cz,ChIJF8t_inblE0cRohoBBoEvWuQ,,HTTP 503,jan@novak.cz
Czech Republic,Ploty CZ,"Opavská 270/31, 743 01 Bílovec 1, Czechia",Ostrava,,https://plotycz.cz/,info@plotycz.cz,ChIJicObuBzoE0cRJFhgRujsC7M,%69%6e%66%6f(%7a%61%76%69%6e%61%63)%70%6c%6f%74%79%63%7a.%63%7a,,info@plotycz.cz
Czech Republic,ePLETIVO,"5, Hrabovská 39, 724 00 Ostrava, Czechia",Ostrava,,http://www.epletivo.cz/kontakt,ploty@ploty-ostrava.cz,ChIJAQBsNsD6E0cRgYYdl_AEBQI,"ploty@ploty-ostrava.cz, koval@kanclir.cz",,"koval@kanclir.cz, ploty@ploty-ostrava.cz"
Czech Republic,"JOHNNY SERVIS s.r.o. - mobilní toalety, WC a oplocení","Slovenská 1103/4, 702 00 Moravská Ostrava a Přívoz, Czechia",Ostrava,,http://www.johnnyservis.cz/,,ChIJU6mInlv7E0cREuDSWrEuNTw,podpora@johnnyservis.cz,,podpora@johnnyservis.cz
Czech Republic,Ploty Matěj & Adámek s.r.o.,"Jistebník 28, 742 82 Jistebník, Czechia",Ostrava,,http://www.plotymatejadamek.cz/,plotymatejadamek@gmail.com,ChIJS26f4FXlE0cRDfWPa-3tQ4I,plotymatejadamek@gmail.com,,plotymatejadamek@gmail.com
Czech Republic,Ploty Hokl,"Lumírova, 700 30 Ostrava-jih, Czechia",Ostrava,,http://ploty-hokl.cz/index.php/kontakt,plotyhokl@post.cz,ChIJaQ-PYoHkE0cR82xyYg23RYQ,plotyhokl@post.cz,,plotyhokl@post.cz
Czech Republic,"Enespo, s.r.o. - Ploty, brány a garážová vrata Ostrava a okolí","Buničitá 201/2, 739 32 Vratimov 1, Czechia",Ostrava,,https://www.enespo.cz/,enespo@seznam.cz,ChIJ-4UBjBD7E0cROSNqNASEcXI,enespo@seznam.cz,,enespo@seznam.cz
Czech Republic,ADAMONT.cz - VZORKOVNA (Vrata-brány-ploty-okna-dveře-stínící technika),"28. října 2020/231, 709 00 Ostrava 9, Czechia",Ostrava,,http://www.adamont.cz/,info@adamont.cz,ChIJ0wv5NQvhE0cRJNeAMZdRTcc,,HTTP 503,info@adamont.cz
Czech Republic,DFploty.cz - stavba plotů Plzeň,"Klatovská tř. 1460/83, 301 00 Plzeň 3, Czechia",Plzeň,,https://www.dfploty.cz/,FortD@seznam.cz,ChIJB36NSdnvCkcRdJ8XvDC-7b0,FortD@seznam.cz,,FortD@seznam.cz
Czech Republic,TOPPLOTBETON,"Domažlická 1135/190, 318 00 Plzeň 3, Czechia",Plzeň,,https://www.topplotbeton.cz/,info@topplotbeton.cz,ChIJyYir607_1kkR2DGhfhch9Bw,info@topplotbeton.cz,,info@topplotbeton.cz
Czech Republic,"MDploty - montáž plotů, pletiv, bran i branek","Na Roudné 443/18, 301 00 Plzeň 1, Czechia",Plzeň,,https://www.mdploty.cz/,Mail@Gardenhub.com,ChIJX17XbcKRCkcRK6CC8yzDR-c,Mail@Gardenhub.com,,Mail@Gardenhub.com
Czech Republic,levnepletivo.cz - Ploty Ivo & Roman,"Tovární, 345 61 Holýšov, Czechia",Plzeň,,http://www.levnepletivo.cz/,0xe9523a63c3fbd6e2798a978f1f7905727ce874fee9ac0fceae41d94b85d9597dabffe-i.vo@seznam.cz,ChIJATzDXJO-CkcRrmv6wTPRKGE,info@levnepletivo.cz,,"0xe9523a63c3fbd6e2798a978f1f7905727ce874fee9ac0fceae41d94b85d9597dabffe-i.vo@seznam.cz, info@levnepletivo.cz"
Czech Republic,Stavby Plotů S.r.o.,"Klatovská tř. 1460/83, 301 00 Plzeň 3-Jižní Předměstí, Czechia",Plzeň,,https://rejstrik-firem.kurzy.cz/06879209/stavby-plotu-sro/,info@kurzy.cz,ChIJjetf5ivyCkcRGvpoMXlOjII,info@kurzy.cz,,info@kurzy.cz
Czech Republic,Brány Plzeň,"Borská 61, 301 00 Plzeň 3, Czechia",Plzeň,,https://www.branyplzen.cz/kontakty/,,ChIJJdIuYgfuCkcRKPUc-jzr8MY,"salkovic.dusan@seznam.cz, dusan.salkovic@seznam.cz",,"dusan.salkovic@seznam.cz, salkovic.dusan@seznam.cz"
Czech Republic,Ploty Liberec,"Doubská 356, 460 06 Liberec, Czechia",Liberec,,http://www.plotyliberec.cz/,info@plotyliberec.cz,ChIJ-UYwMFg1CUcRchSpBfllMS8,info@plotyliberec.cz,,info@plotyliberec.cz
Czech Republic,Ploty Jablonec,"Lučany nad Nisou 582, 468 71 Lučany nad Nisou, Czechia",Liberec,,http://www.plotyjablonec.cz/,info@plotyjablonec.cz,ChIJg6pr8Q7LDkcRHVX6mN9ab24,info@plotyjablonec.cz,,info@plotyjablonec.cz
Czech Republic,"JOHNNY SERVIS s.r.o. - mobilní toalety, kontejnery a oplocení","Lučanská 46015, 15 Liberec 15, Czechia",Liberec,,http://www.johnnyservis.cz/,,ChIJEy2_ikE1CUcRyncyz1hKgDY,podpora@johnnyservis.cz,,podpora@johnnyservis.cz
Czech Republic,Ploty ST,"Nád CZ, Krkonošská 875, 468 61 Nád, Czechia",Liberec,,https://www.firmy.cz/detail/13610501-ploty-st-desna-iii.html,kovosst@seznam.cz,ChIJcQn_1D_PDkcRC_1SXM5WtAc,,,kovosst@seznam.cz
Czech Republic,Ploty Skočík,"471 23 Zákupy, Czechia",Liberec,,http://www.plotyskocik.cz/,r.skocik@email.cz,ChIJAQAAAARqCUcRbDekwzK1N60,r.skocik@email.cz,,r.skocik@email.cz
Czech Republic,Ploty Olomouc,"Rataje 89, 783 46 Těšetice, Czechia",Olomouc,,http://www.plotyolomouc.cz/,info@plotyolomouc.cz,ChIJ4ypSdnlFEkcRugRgHirD6Ic,info@plotyolomouc.cz,,info@plotyolomouc.cz
Czech Republic,Screen servis spol. s r.o. - plotové centrum,"Luběnice 156, 783 46 Luběnice, Czechia",Olomouc,,http://www.ploty-sita.cz/,jzachara@screenservis.cz,ChIJ_zygyk5FEkcRu1R46GRu7Go,,SSL Error,jzachara@screenservis.cz
Czech Republic,"JOHNNY SERVIS s.r.o. - mobilní toalety, kontejnery a oplocení","Štúrova 11, 772 00 Olomouc 9-Nedvězí, Czechia",Olomouc,,http://www.johnnyservis.cz/,,ChIJF7xfkxtPEkcRxUn3MD1qqxE,podpora@johnnyservis.cz,,podpora@johnnyservis.cz
Czech Republic,Ploty KOMPLET,"Věry Pánkové, 779 00 Olomouc 9, Czechia",Olomouc,,https://www.plotykomplet.cz/,271e9fa3230b4eec94b02bf95780f5f2@sentry.wixpress.com,ChIJ-2N6YJ4i3ycRY9kjn_tPOu4,info@plotykomplet.cz,,"271e9fa3230b4eec94b02bf95780f5f2@sentry.wixpress.com, info@plotykomplet.cz"
Czech Republic,"GUARDI CZ - PLOTY, BRÁNY, TERASY","Jožky Jabůrkové 560/1, 779 00 Olomouc 9-Neředín, Czechia",Olomouc,,http://www.guardi.cz/,info@guardi.cz,ChIJMTaOeapPEkcRozyxHwXw2P8,,,info@guardi.cz
Czech Republic,Ploty Grygov s.r.o.,"Za Tratí 255, 783 73 Grygov, Czechia",Olomouc,,https://ploty-grygov.cz/,plotygrygov@gmail.com,ChIJ10XTpBVTEkcRVYI1Vcqh-d8,,SSL Error,plotygrygov@gmail.com
Czech Republic,Ploty Hradec Králové s.r.o.,"Cukrovarská 341, 503 03 Hradec Králové-Smiřice, Czechia",Hradec Králové,,https://ploty-hradeckralove.cz/,info@ploty-hradeckralove.cz,ChIJ3xaSvZHVDUcROtvpXpOEbOY,info@ploty-hradeckralove.cz,,info@ploty-hradeckralove.cz
Czech Republic,YXA s.r.o. Hliníkové ploty a brány,"Vážní 488 503 41, Pouchov 3, 3 Hradec Králové, Czechia",Hradec Králové,,http://www.yxa.cz/,info@yxa.cz,ChIJV_1aHKHYAYwR8SizYeP_1zc,info@yxa.cz,,info@yxa.cz
Czech Republic,Oplocení Huňáček,"náměstí E. F. Buriana, 500 04 Hradec Králové 4, Czechia",Hradec Králové,,https://oplocenihunacek.cz/kontakt/,michal.hunacek@seznam.cz,ChIJtYCbJxorDEcRJzW6gr6qN8Y,michal.hunacek@seznam.cz,,michal.hunacek@seznam.cz
Czech Republic,"JOHNNY SERVIS s.r.o. - mobilní toalety, kontejnery a oplocení","Trčkova, 503 46 Třebechovice pod Orebem, Czechia",Hradec Králové,,http://www.johnnyservis.cz/,,ChIJ79bTS6TXDUcRTgtgp0qRhjg,podpora@johnnyservis.cz,,podpora@johnnyservis.cz
Czech Republic,Betonové ploty LKB,"Pardubická 345, 533 45 Opatovice nad Labem, Czechia",Hradec Králové,,http://www.lkb-ploty.cz/,lkbploty@gmail.com,ChIJW2yeMcotDEcRd4zC1MyOllk,lkbploty@gmail.com,,lkbploty@gmail.com
Czech Republic,"LAMARK s.r.o. | Český výrobce bran, plotů a pergol","Pražská tř. 850, 500 04 Hradec Králové 4, Czechia",Hradec Králové,,https://lamark.cz/,info@lamark.de,ChIJVQWQYG0rDEcRhmeb-beMHqc,"info@lamark.de, info@lamark.cz",,"info@lamark.cz, info@lamark.de"
Czech Republic,Ploty Pardubice s.r.o.,"Ploty Pardubice s.r.o, Průmyslová 344, 533 01 Pardubice IV, Czechia",Hradec Králové,,http://www.ploty-pardubice.cz/,info@ploty-pardubice.cz,ChIJbwNPphTMDUcRQtsgdMZRzsQ,info@ploty-pardubice.cz,,info@ploty-pardubice.cz
Czech Republic,Ploty z jihu,"Nová 6, 370 01 České Budějovice 1, Czechia",České Budějovice,,http://plotyzjihu.cz/,plotyzjihu@email.cz,ChIJkU46iD1Pc0cRaapi2Fr78yY,,,plotyzjihu@email.cz
Czech Republic,PLOTY-DLAŽBY,"Otakarova 1364/45, 370 01 České Budějovice 3, Czechia",České Budějovice,,https://www.ploty-dlazby.cz/,info@ploty-dlazby.cz,ChIJMYa_RrpPc0cRiyDPn0iCkGo,"info@ploty-dlazby.cz, info@stilbro.com",,"info@ploty-dlazby.cz, info@stilbro.com"
Czech Republic,Royas KS Fence center,"Dobrovodská 2284, 370 06 České Budějovice 6, Czechia",České Budějovice,,http://www.royas.cz/,vyroba@royas.cz,ChIJoe5D4KlPc0cRLg0xP2g3uRM,,,vyroba@royas.cz
Czech Republic,levné-brány-ploty,"Františka Ondříčka, 370 11 České Budějovice 5, Czechia",České Budějovice,,http://www.levne-brany-ploty.cz/kontakt/,bjmetal@seznam.cz,ChIJd7DNK9JRc0cRt_VkmJzcl7c,,SSL Error,bjmetal@seznam.cz
Czech Republic,"JOHNNY SERVIS s.r.o. - mobilní toalety, WC a oplocení","Planá 92, 370 01 Planá, Czechia",České Budějovice,,https://www.johnnyservis.cz/,,ChIJxxGtKsVFc0cRg4uMrcVBvAs,podpora@johnnyservis.cz,,podpora@johnnyservis.cz
Czech Republic,"EZ Týn nad Vltavou, s.r.o. plotyzdratu.cz","Hněvkovice na levém břehu Vltavy 18, 375 01 Týn nad Vltavou 1, Czechia",České Budějovice,,http://www.plotyzdratu.cz/,zuntmartin@email.cz,ChIJV4fJnQ6pDEcRUVb-H0MU5gM,,,zuntmartin@email.cz
Czech Republic,Drátěné ploty,"Dašická 848, 530 03 Pardubice I-Bílé Předměstí, Czechia",Pardubice,,http://www.dratene-ploty.cz/,info@dratene-ploty.cz,ChIJK5s-9PPMDUcRdk7sAG_Ua3U,,SSL Error,info@dratene-ploty.cz
Czech Republic,NovyPlot,"K Parku 461, 533 52 Staré Hradiště u Pardubic, Czechia",Pardubice,,https://www.novyplot.cz/,info@novyplot.cz,ChIJE4P8wk_NDUcRUEMlMLEn7XA,info@novyplot.cz,,info@novyplot.cz
Czech Republic,Pletivo Elbeenetting s.r.o.,"Dašická 848, 530 03 Pardubice I-Bílé Předměstí, Czechia",Pardubice,,http://www.drateneploty.cz/,info@dratene-ploty.cz,ChIJrYqSr4rMDUcR7AS0dXu4g2s,"info@dratene-ploty.cz, info@drateneploty.cz",,"info@dratene-ploty.cz, info@drateneploty.cz"
Czech Republic,INFAK - Ploty na klíč,"Chrudimská 1656, 535 01 Přelouč, Czechia",Pardubice,,http://www.infak.com/,info@infak.com,ChIJ7Q7HUc82DEcRbp16n3ZtKOw,,,info@infak.com
Czech Republic,Drátěné Ploty,"Holubova 638, 530 03 Pardubice I-Bílé Předměstí, Czechia",Pardubice,,https://www.dratene-ploty.cz/ploty-na-klic.htm,info@dratene-ploty.cz,ChIJ05o-9PPMDUcRlSQqa88IPhs,info@dratene-ploty.cz,,info@dratene-ploty.cz
Czech Republic,Ploty Slezák,"12 Zlín 12 CZ, Nová cesta 474, 763 14 Zlín, Czechia",Zlín,,https://www.plotyzlin.cz/,info@plotyzlin.cz,ChIJj7vT_My05mQRN6xYsDMNQv0,info@plotyzlin.cz,,info@plotyzlin.cz
Czech Republic,Plotové Centrum Zlín - Kovovýroba Dobeš,"Hvozdenská 240, Lužkovice, 763 11 Zlín-Želechovice nad Dřevnicí, Czechia",Zlín,,https://www.dobes.eu/,dobes@dobes.eu,ChIJxcNswXl0E0cRTNo26FBSnRI,dobes@dobes.eu,,dobes@dobes.eu
Czech Republic,Ploty a oplocení Zlín - Plotař,"Lípa 93, 763 11 Lípa, Czechia",Zlín,,http://www.plotar.cz/,info@plotar.cz,ChIJ6TpYwP9zE0cR3WiTWat--6w,info@plotar.cz,,info@plotar.cz
Czech Republic,Oplocení Tlumačov s.r.o.,"Jiráskova 910, 763 62 Tlumačov, Czechia",Zlín,,http://oploceni.eu/,moravec.matej94@gmail.com,ChIJ9_hbz9QOE0cRzb82TP9in5M,,,moravec.matej94@gmail.com
Czech Republic,"Bezúdržbové hliníkové ploty, brány, branky, zábradlí, pergoly, sítě proti hmyzu","Hradební 1547, 686 01 Uherské Hradiště 1, Czechia",Zlín,,http://www.bezudrzbovyplot.cz/,info@bezudrzbovyplot.cz,ChIJH9zEt64VE0cRaJurGlIEmQA,info@bezudrzbovyplot.cz,,info@bezudrzbovyplot.cz
Czech Republic,Brány Kladno Zdeněk Čermák,"Sokolská 1304, 272 01 Kladno 1-Kročehlavy, Czechia",Kladno,,https://www.brany-kladno.cz/,,ChIJAynEJ-S3C0cRo1rXOY5J3iM,info@brany-kladno.cz,,info@brany-kladno.cz
Czech Republic,Kladenské ploty,"Důl Max, 273 06 Libušín, Czechia",Kladno,,http://www.kladenskeploty.cz/,kladenskeploty@seznam.cz,ChIJa2N5fRK3C0cRDFuokLf4rz8,kladenskeploty@seznam.cz,,kladenskeploty@seznam.cz
Czech Republic,Wrought iron fences. KlaTan,"Hlavní 21, 273 42 Stehelčeves, Czechia",Kladno,,http://www.kovane-ploty.net/,info@klatan.cz,ChIJCUEwCrrHC0cRbvKpq1Me0ZE,info@klatan.cz,,info@klatan.cz
Czech Republic,Ploty Unger S.r.o.,"Karlovarská 13, 252 61 Jeneč, Czechia",Kladno,,https://www.plotyunger.cz/,fakturace@plotyunger.cz,ChIJW3RvWiS4C0cRoeH7ezLyNkg,,,fakturace@plotyunger.cz
Czech Republic,Ploty Štefan Čermák,"Krauzovna 178, 277 41 Kly, Czechia",Kladno,,http://www.ploty-cermak.cz/,stefancermak@seznam.cz,ChIJz6QrwarnC0cR_h88l45bUEI,,,stefancermak@seznam.cz
Czech Republic,Gates drives Zýka,"Brožíkova 195, 272 01 Kladno 1-Kročehlavy, Czechia",Kladno,,http://www.vrata-pohony.eu/,info@vrata-pohony.eu,ChIJnVrf9eS3C0cRIgtiJAAIB0A,,,info@vrata-pohony.eu
Czech Republic,Proutěné ploty,"5. května 14, 252 29 Dobřichovice, Czechia",Kladno,,http://www.prouteneploty.cz/,objednavky@prouteneploty.cz,ChIJ8UQgq2SYC0cRg4ENGHyQewM,objednavky@prouteneploty.cz,,objednavky@prouteneploty.cz
Czech Republic,PROWERK poctivé řemeslo | prémiové kovové ploty a vjezdové brány | zakázková výroba na míru,"Jungmannova 9, 267 01 Králův Dvůr u Berouna-Zahořany, Czechia",Kladno,,https://www.prowerk.cz/,INFO@PROWERK.CZ,ChIJcUbdvYKvC0cRZUdtdg6zuL0,"info@prowerk.cz, INFO@PROWERK.CZ",,INFO@PROWERK.CZ
Czech Republic,Betonový plot VM Beton,"Chebská 53, 356 01 Sokolov-Dolní Rychnov, Czechia",Karlovy Vary,,http://www.vmbeton.cz/,info@vmbeton.cz,ChIJJfIYNL6ToEcREgACTKqhkKE,,,info@vmbeton.cz
Czech Republic,"JOHNNY SERVIS s.r.o. - mobilní toalety, kontejnery a oplocení","Dolní 98, 362 63 Dalovice-Všeborovice, Czechia",Karlovy Vary,,https://www.johnnyservis.cz/,,ChIJoWB9DTGZoEcRzYuwNSGQYuc,podpora@johnnyservis.cz,,podpora@johnnyservis.cz
Czech Republic,Sega ploty Jihlava,"Příseka 94, 588 32 Brtnice, Czechia",Jihlava,,http://aluredo.cz/,najman@aluredo.cz,ChIJSUameFcaDUcRHK1eKUHgb9A,"najman@aluredo.cz, chvatal@aluredo.cz",,"chvatal@aluredo.cz, najman@aluredo.cz"
Czech Republic,ADH-PLOTY s.r.o.,"Dolní Město 361, 582 33 Dolní Město, Czechia",Jihlava,,https://www.adh-ploty.cz/,jan@novak.cz,ChIJEW6hBVkEDUcR2ncd8T3iGyc,,HTTP 503,jan@novak.cz
Czech Republic,PLOTY VAMBERK - WIRE METAL s.r.o. - provozovna a expedice Telč,"Třebíčská, 588 56 Telč-Štěpnice, Czechia",Jihlava,,https://e-pletivo.cz/,wiremetal@wiremetal.cz,ChIJqY2zbl0lDUcRfKBFHkPNaCc,wiremetal@wiremetal.cz,,wiremetal@wiremetal.cz
Czech Republic,Ploty Kolín,"Na Pobřeží 117/280 02, 280 02 Kolín IV, Czechia",Jihlava,,https://www.ploty-kolin.cz/,plotykolin@gmail.com,ChIJ9TDfSJMVDEcRlFEtURK5Zjw,plotykolin@gmail.com,,plotykolin@gmail.com
Czech Republic,PLETIVO TRINEC,"Oldřichovice 50, 739 61 Třinec 1, Czechia",Jihlava,,http://www.pletivo-trinec.cz/,pletivotrinec@seznam.cz,ChIJv8doOpMPFEcREzF_IsCx8CU,pletivotrinec@seznam.cz,,pletivotrinec@seznam.cz
Czech Republic,"JOHNNY SERVIS s.r.o. - mobilní toalety, kontejnery a oplocení","Nová kasárna, Pístov, 586 01 Jihlava, Czechia",Jihlava,,https://www.johnnyservis.cz/,,ChIJDftnzgQbDUcR1qZerm6lzuM,podpora@johnnyservis.cz,,podpora@johnnyservis.cz
Czech Republic,KONSTANTA – hliníkové ploty s.r.o.,"Maleč 36, 582 76 Maleč, Czechia",Jihlava,,https://konstantahp.cz/,sleekfence@seznam.cz,ChIJ92x1l2OtDUcRgYfxiYCdZZY,"info@konstantahp.cz, nabidky@konstantahp.cz, sleekfence@seznam.cz",,"info@konstantahp.cz, nabidky@konstantahp.cz, sleekfence@seznam.cz"
Czech Republic,Betonové ploty Fimalstav s.r.o.,"Nad Rezkovcem 2044, 286 01 Čáslav-Nové Město, Czechia",Jihlava,,https://fimalstav.cz/,info@fimalstav.cz,ChIJG87M_mhGDEcRHVMjXY3GLaE,info@fimalstav.cz,,info@fimalstav.cz
Czech Republic,typloty,"Školní, 396 01 Humpolec, Czechia",Jihlava,,http://www.typloty.cz/,lubomir.simon@typloty.cz,ChIJAdWUtxX9DEcR5eW1zHpwR1I,"petr.david@typloty.cz, lubomir.simon@typloty.cz",,"lubomir.simon@typloty.cz, petr.david@typloty.cz"
Czech Republic,PLOTY i PLETIVA Kutná Hora,"Puškinská 757, 284 01 Kutná Hora 1, Czechia",Jihlava,,https://plotyipletiva.cz/,poptavky@plotyipletiva.cz,ChIJK6KGJodBDEcREmJNGx2ZSqA,poptavky@plotyipletiva.cz,,poptavky@plotyipletiva.cz
Czech Republic,Ploty-terasy.cz,"Rovné 117, 411 87 Krabčice u Roudnice nad Labem, Czechia",Teplice,,http://www.ploty-terasy.cz/,obchod.ploty.terasy@gmail.com,ChIJgW8lqGTZC0cR5nBSzbe2-bY,obchod.ploty.terasy@gmail.com,,obchod.ploty.terasy@gmail.com
Czech Republic,PLOTY VAMBERK - WIRE METAL s.r.o. - provozovna Tymákov,"Průmyslová zóna 249, 332 01 Tymákov, Czechia",Teplice,,https://www.e-pletivo.cz/,,ChIJRY19KtzlCkcR7Ts7HaCAEbc,wiremetal@wiremetal.cz,,wiremetal@wiremetal.cz
Czech Republic,Eoplocení,"Hornická 337, 435 42 Litvínov 8-Janov, Czechia",Teplice,,http://www.eoploceni.cz/,info@eoploceni.cz,ChIJcT_l6xv1CUcR9a1wQaRcZOw,info@eoploceni.cz,,info@eoploceni.cz
Czech Republic,"Stavba plotů, oplocení Český Brod","Přistoupim 170, 282 01 Přistoupim, Czechia",Teplice,,http://www.ploty-oploceni-ceskybrod.cz/,ttakus@onlinestar.cz,ChIJ1ZWlGTALDEcR6I_lDkuVoLM,fnukal.t@seznam.cz,,"fnukal.t@seznam.cz, ttakus@onlinestar.cz"
Czech Republic,Bezděk stavby - betonové ploty,"Práče 202, 671 61 Práče, Czechia",Teplice,,https://www.bezdekstavby.cz/,bezdek@bezdekstavby.cz,ChIJW7DHsditEkcRtqzYUMhP1eE,,SSL Error,bezdek@bezdekstavby.cz
Czech Republic,AST ploty - výrobní závod,"Dukelská 5637, 430 01 Chomutov 1, Czechia",Chomutov,,https://hlinikoveplotycz.cz/,info@astploty.cz,ChIJy6itpV8bCkcRALs8AJTdZ9A,info@astploty.cz,,info@astploty.cz
Czech Republic,AST PLOTY s.r.o.,"Horova 1396, 431 11 Jirkov 1, Czechia",Chomutov,,http://www.milujemebydleni.cz/,info@astploty.cz,ChIJY4YVMWQcCkcREwjH-TSsQo4,info@astploty.cz,,info@astploty.cz
Czech Republic,Petr Šanda - Plotové systémy,"Děčínská 204, 470 01 Česká Lípa 1, Czechia",Děčín,,https://www.ploty-sanda.cz/,pe.sanda@tiscali.cz,ChIJuwLNq7JuCUcRd1RUyWExU6Y,,,pe.sanda@tiscali.cz
Czech Republic,Ploty Sever,"Rožany 23, 407 47 Šluknov-Varnsdorf 1, Czechia",Děčín,,https://www.plotysever.cz/,plotysever@gmail.com,ChIJD62geEEHCUcRD-jROOzEVZs,"plotysever@gmail.com, ever@gmail.com",,"ever@gmail.com, plotysever@gmail.com"
Czech Republic,Ploty a oplocení,"204, Děčínská, 470 01 Česká Lípa, Czechia",Děčín,,http://www.ploty-sanda.cz/kontakt.html,pe.sanda@tiscali.cz,ChIJbVNr9aBuCUcRT1L4NbkCx1M,pe.sanda@tiscali.cz,,pe.sanda@tiscali.cz
Czech Republic,Pletivo Třinec - Prodejna - Pletivo-Ploty3nec,"Oldřichovice 738, 739 61 Třinec 1, Czechia",Děčín,,http://www.pletivo3nec.eu/,info@pletivo3nec.eu,ChIJU00FIZMPFEcRyju7LmrG6oA,,SSL Error,info@pletivo3nec.eu
Czech Republic,"Petr Šupík - Ploty, brány posuvné s el. pohonem, dvoukřídlé, jeklové i kované, mříže, schodiště, atd.","8, Zahradní 615, 746 01 Opava, Czechia",Opava,,http://www.supik.cz/,info@petrsindler.cz,ChIJX5Q6j0DYE0cRV5EjCeaijNM,"ing.petr.sindler@seznam.cz, info@petrsindler.cz, info@supik.cz",,"info@petrsindler.cz, info@supik.cz, ing.petr.sindler@seznam.cz"
Czech Republic,"PLOTY OPAVA: prodej pletiv, panelů a betonovych plotů","Horní 5, 747 05 Opava 5, Czechia",Opava,,http://www.markiel.cz/,jan@markiel.cz,ChIJyZAfB3zZE0cRXMMtAHo2TOs,,SSL Error,jan@markiel.cz
Czech Republic,"AW PLOTY - PLOTY, BRÁNY, VRATA","Smetanova 332/9, 747 05 Opava 5, Czechia",Opava,,https://awploty.cz/,info@awploty.cz,ChIJySJN84PYE0cRmaQkYEsD31M,,SSL Error,info@awploty.cz
Czech Republic,PLOTY VAMBERK - WIRE METAL s.r.o. - provozovna Vsetín,"Bobrky 2164 průmyslová zona, 755 01 Vsetín, Czechia",Frýdek-Místek,,http://www.e-pletivo.cz/,wiremetal@wiremetal.cz,ChIJszIWnF2bE0cRQ-i-d3DCpyU,,SSL Error,wiremetal@wiremetal.cz
Czech Republic,EMV Oplocení s.r.o.,"Hroznová Lhota 128, 696 63 Hroznová Lhota, Czechia",Prostějov,,https://emv-oploceni.cz/,info@emv-oploceni.cz,ChIJeapkku44E0cRicEoP9x8HIE,info@emv-oploceni.cz,,info@emv-oploceni.cz
Czech Republic,PLOTOV s.r.o.,"Tovární 95/9, 750 02 Přerov I-Město, Czechia",Přerov,,https://www.plotov.cz/,okplotov@seznam.cz,ChIJBUgzRdmvE0cRX-pMp70TaCM,okplotov@seznam.cz,,okplotov@seznam.cz
Czech Republic,Ploty Turnov,"J. Palacha 995, 511 01 Turnov 1, Czechia",Jablonec nad Nisou,,http://www.plotyturnov.cz/,info@plotyturnov.cz,ChIJpxAXlAWzDkcR4ojQFS0G4TM,info@plotyturnov.cz,,info@plotyturnov.cz
Czech Republic,BETONOVÉ ploty JMK s.r.o.,"Sklepní 243, 671 67 Hrušovany nad Jevišovkou, Czechia",Třebíč,,https://betonoveploty-jmk.cz/,info@betonoveploty-jmk.cz,ChIJc8maIb5LbUcRde7IybNF8B8,info@betonoveploty-jmk.cz,,info@betonoveploty-jmk.cz
Czech Republic,Dasplot - Daniel Sako,"Trstěnice 168, 671 71 Trstěnice, Czechia",Třebíč,,https://www.dasplot.cz/,dasplot@seznam.cz,ChIJhfGqcS2pEkcRKaACmYnWVus,,SSL Error,dasplot@seznam.cz
Czech Republic,Gaves-plot – prodej pletiv a příslušenství ke stavbě oplocení,"Lahoferova 577, 671 82 Dobšice, Czechia",Třebíč,,https://www.plotygaves.cz/,marianga@seznam.cz,ChIJY3OKp4pUbUcRuYOE-OIfQuA,,HTTP 503,marianga@seznam.cz
Czech Republic,Pletivo - Pokorný R. - Zámečnictví,"Krahulov 92, 675 21 Krahulov, Czechia",Třebíč,,https://www.ploty-pokorny.cz/?_gl=1*ilznnr*_up*MQ..*_ga*NDc1MzA5ODQzLjE3MTY1MzE2NzU.*_ga_VZYTG4RMZS*MTcxNjUzMTY3NC4xLjEuMTcxNjUzMjEyNi4wLjAuMA..,pokorny@ploty-pokorny.cz,ChIJG8tOsKtBDUcR30Uz3Wl3wAc,pokorny@ploty-pokorny.cz,,pokorny@ploty-pokorny.cz
Czech Republic,Ploty-SAKA Roman Fujtík,"Mládí 1097/4, 736 01 Havířov 1-Šumbark, Czechia",Havířov,,http://www.ploty-saka.cz/,info@ploty-saka.cz,ChIJN_yEGgL8E0cRnYNqNiviZgk,"info@ploty-saka.cz, stavba@ploty-saka.cz",Timeout,"info@ploty-saka.cz, stavba@ploty-saka.cz"
Czech Republic,Ms ploty,"Na Kopci 364/3f, 735 64 Havířov 4, Czechia",Havířov,,http://www.msploty.cz/,,ChIJE4NH0qL_E0cRkOodw0XE2Do,info@msploty.cz,Timeout,info@msploty.cz
Czech Republic,"FRIMATSTAVO s.r.o Montáže plotů,betonové ploty","Borovy 88, 334 01 Borovy, Czechia",Karviná,,http://www.frimatstavo.cz/,topploty@seznam.cz,ChIJKfzkG6OLl6MRahQWZFEglJM,topploty@seznam.cz,,topploty@seznam.cz
Czech Republic,BBR CZ s.r.o. Nejpevnější betonový plot. Nejlevnější realizace. Vše skladem.,"Areál Lučební závody a.s, Pražská 54, 280 02 Kolín, Czechia",Mladá Boleslav,,http://www.beton-cz.cz/,info@beton-cz.cz,ChIJFTYxrLUVDEcR6KniMc4rJV8,,SSL Error,info@beton-cz.cz
Czech Republic,PZ Ploty,"Narysov 51, 261 01 Narysov, Czechia",Příbram,,http://www.pzploty.cz/,info@pzploty.cz,ChIJcYPhWDoPC0cRymRT1HYiQYs,info@pzploty.cz,,info@pzploty.cz
Czech Republic,Želivský - prodej a montáž oplocení,"Rohozná 12, 386 01 Osek-Strakonice 1, Czechia",Příbram,,http://www.ploty-prodej-montaz.cz/,info@plotyzelivsky.cz,ChIJuW0WmAhKC0cRz4eXOuVBzF0,info@plotyzelivsky.cz,,info@plotyzelivsky.cz
Czech Republic,PLOTY OD OTY s.r.o.,"Lom 64, 390 02 Lom, Czechia",Příbram,,http://www.plotyodoty.cz/,info@plotyodoty.cz,ChIJA0d6KRajDEcRf_S9xicjaNI,"info@plotyodoty.cz, ota@plotyodoty.cz",,"info@plotyodoty.cz, ota@plotyodoty.cz"
Czech Republic,Hopplot | Oplocení pozemků,"Hlavní 420, 252 07 Štěchovice, Czechia",Příbram,,https://hopplot.cz/,info@hopplot.cz,ChIJu6sKdldvJ2MRDGpoJBOvoXg,info@hopplot.cz,,info@hopplot.cz
Czech Republic,Oplocení PVC,"Zámecký obvod, 262 72 Březnice, Czechia",Příbram,,http://www.oploceni-pvc.cz/kontakt,oploceni-pvc@seznam.cz,ChIJQ9nbEicUC0cRKPDVqVipQMA,oploceni-pvc@seznam.cz,,oploceni-pvc@seznam.cz
Czech Republic,Filplot.cz - betonové ploty,"Pucheř 11, 286 01 Kluky-Čáslav, Czechia",Kolín,,https://filplot.cz/,info@filplot.cz,ChIJcyqjAjRFDEcRdHkLjRGrGsI,info@filplot.cz,Timeout,info@filplot.cz
Czech Republic,MPC Ploty a brány,"285 33 Církvice u Kutné Hory, Czechia",Kolín,,http://www.montazmpc.cz/,montaz.mpc@email.cz,ChIJAQAAANNODEcRKw99WuFbJ1M,montaz.mpc@email.cz,,montaz.mpc@email.cz
Czech Republic,HMPLOTY,"Malšice 333, 391 75 Malšice, Czechia",Tábor,,https://www.hmploty.cz/,info@hmploty.cz,ChIJVfEkH_yjDEcRk-2w6hg3DDM,info@hmploty.cz,,info@hmploty.cz
Czech Republic,Ploty Vlašim s.r.o.,"Vlasákova 222, 258 01 Vlašim, Czechia",Tábor,,http://www.ploty-vlasim.cz/,eshop@ploty-vlasim.cz,ChIJ71kP9SyIDEcRbJLU9ZDtmuw,eshop@ploty-vlasim.cz,,eshop@ploty-vlasim.cz
Czech Republic,ploty Boček,"Rovná 13, 386 01 Rovná, Czechia",Tábor,,https://www.ploty-bocek.cz/,xxx@yyy.cz,ChIJzYJyms9JC0cR7peuHSOEXPM,"kvatro.stav@seznam.cz, xxx@yyy.cz",,kvatro.stav@seznam.cz
Czech Republic,Zahrady a ploty MK,"Příční 556, 671 82 Dobšice, Czechia",Znojmo,,http://zahrady-plotymk.cz/,info@zahrady-plotymk.cz,ChIJ8exG5hZVbUcR3pqXeFlzDms,,SSL Error,info@zahrady-plotymk.cz
Czech Republic,NOJA betonové ploty Jan Novák,"Šumná 94, 671 02 Šumná, Czechia",Znojmo,,https://www.noja-betonovevyrobky.cz/,noja80@seznam.cz,ChIJgYyfIACtckcRCoEp4CYDO5k,noja80@seznam.cz,,noja80@seznam.cz
Czech Republic,Petr Harašta - Production of concrete fences,"Areál bývalého statku, Nová Ves 53, 691 23 Pohořelice, Czechia",Znojmo,,https://www.betonovyplot.cz/,petrharasta@seznam.cz,ChIJnVh0evK3EkcRhKQa61l_F2s,petrharasta@seznam.cz,,petrharasta@seznam.cz
Czech Republic,RS BETON Ltd. - concrete fences,"Šardice 777, 696 13 Šardice, Czechia",Hodonín,,http://www.rsbeton.cz/,,ChIJCXh49AwnE0cRCAIBNwqoJ5M,obchod@rsbeton.cz,,obchod@rsbeton.cz
Czech Republic,PlotMont.sk,"Staničná 1522/20, 908 51 Holíč, Slovakia",Hodonín,,https://www.plotmont.sk/,info@plotmont.sk,ChIJW9NOq_ExE0cRkOCq1gP3HLg,info@plotmont.sk,,info@plotmont.sk
Czech Republic,Střechy ploty Uherské Hradiště,"Babice 168, 687 03 Babice, Czechia",Uherské Hradiště,,https://www.strechy-plotyuh.cz/,strechy-plotyuh@email.cz,ChIJY83CW20TE0cREkhodX5xhSY,strechy-plotyuh@email.cz,,strechy-plotyuh@email.cz
Czech Republic,PLOTBET s.r.o.,"Žerotínova 10, 763 61 Napajedla, Czechia",Uherské Hradiště,,https://plotbet.cz/,info@plotbet.cz,ChIJj66Bg9kTE0cRkxgT-Iyut-M,info@plotbet.cz,,info@plotbet.cz
Czech Republic,Dastych stavíme ploty,"Machovská 410, 763 62 Tlumačov, Czechia",Kroměříž,,http://ploty.unas.cz/,JANDASTYCH@seznam.cz,ChIJSRpAXGIPE0cRzJ0ChDEXEWs,JANDASTYCH@seznam.cz,,JANDASTYCH@seznam.cz
Czech Republic,kovoploty,"Ovocná 767 01, 767 01 Kroměříž 1, Czechia",Kroměříž,,http://www.kovoploty.cz/cz/Kontakty/,info@kovoploty.cz,ChIJ9yVn8kMGE0cRuZc3W64VQyY,info@kovoploty.cz,,info@kovoploty.cz
Czech Republic,Montujeme ploty,"J. z Poděbrad 1, 787 01 Šumperk 1, Czechia",Šumperk,,https://montujemeploty.cz/,montujemeploty@email.cz,ChIJx3uOc7AbEkcRDIsuVzlEV9o,,,montujemeploty@email.cz
Czech Republic,Radek FOLTA - brány / branky / plotové dílce / vrata / závory / stínění,"Hulince 871, 757 01 Valašské Meziříčí 1, Czechia",Valašské Meziříčí,,http://www.radek-folta.cz/,info@radek-folta.cz,ChIJjcEpOSSRE0cREFARB9q_GDQ,info@radek-folta.cz,,info@radek-folta.cz
Czech Republic,Ploty Veřovice,"Veřovice 476, 742 73 Veřovice, Czechia",Valašské Meziříčí,,http://pcve.webnode.cz/,,ChIJNelCoXSNE0cRZ30jWoAy7fQ,pletivocz@email.cz,,pletivocz@email.cz
Czech Republic,ipletivo,"Dolní Nezly 21, 412 01 Litoměřice 1, Czechia",Litoměřice,,http://ipletivo.cz/,,ChIJGZXJY6B_CUcRWG-GNH3Xzuc,"projekty@pletivopraha.cz, obchod@ipletivo.cz",,"obchod@ipletivo.cz, projekty@pletivopraha.cz"
Czech Republic,V E B R A gate - stínící a vratová technika,"Provozovna, SHOWROOM, Pokratická 1853/71, 412 01 Litoměřice 1, Czechia",Litoměřice,,https://www.vebra.cz/,eshop@vebra.cz,ChIJg4CbBx5_CUcRPXDrwrAkooA,eshop@vebra.cz,,eshop@vebra.cz
Czech Republic,ploty24.cz,"Mokřiny 89, 352 01 Aš 1, Czechia",Cheb,,https://ploty24.cz/,vas@email.cz,ChIJOwPdODrjoEcR60mA-ipY2BA,,,vas@email.cz
Czech Republic,"Fence consulting, s. r. o.","Průmyslová 3602, 580 01 Havlíčkův Brod 1, Czechia",Havlíčkův Brod,,http://www.plotychytre.cz/,obchod@plotychytre.cz,ChIJG6JkFZQADUcRttJRbXrvaAM,,SSL Error,obchod@plotychytre.cz
Czech Republic,Ploty Kalas,"Soukopovo nám. 97, 679 11 Doubravice nad Svitavou, Czechia",Blansko,,https://www.plotykalas.cz/,info@plotykalas.cz,ChIJ9-OHmimJEkcRm0kN1LSVIsY,,,info@plotykalas.cz
Czech Republic,PLOTY B&V s.r.o.,"J. Palacha 1195, 735 81 Bohumín 1, Czechia",Orlová,,http://www.plotybohumin.cz/,ploty@plotybohumin.cz,ChIJxbelpZNXEUcRWJpMsgvuqU4,,,ploty@plotybohumin.cz
Czech Republic,Czech Fence,"Hraniční 1399, 691 41 Břeclav 4, Czechia",Břeclav,,http://www.jpavelka.cz/,info@jpavelka.cz,ChIJcfm9hKIqbUcRft4brOwD5Ls,,SSL Error,info@jpavelka.cz
Czech Republic,"Wooden fences, pergolas, terraces - Jaroslav Nálevka","Nový Přím 28, 503 15 pošta Nechanice-Nechanice, Czechia",Náchod,,http://www.drevoploty.cz/,info@drevoploty.cz,ChIJMwVMcBIpDEcRsquB12PEpk0,"info@drevoploty.cz, info@drevoploty.cz ",,info@drevoploty.cz
Czech Republic,Expert Ogrodzenia,"Bielska 205, 43-400 Cieszyn, Poland",Český Těšín,,https://www.ogrodzenia.cieszyn.pl/,expert20@op.pl,ChIJlaygUJkDFEcRLx4nVwE-zi0,expert20@op.pl,,expert20@op.pl
Czech Republic,PLOTANA,"Kvapilova, 339 01 Chudenice-Klatovy 1, Czechia",Klatovy,,https://plotana.cz/,bezdek@plotana.cz,ChIJA8pfoFTGCkcRWnQqvqTPHfk,bezdek@plotana.cz,,bezdek@plotana.cz
Czech Republic,PLOT-TEAM s.r.o.,"1374, Průmyslová II, 383 01 Prachatice, Czechia",Klatovy,,http://www.plot-team.cz/,info@plot-team.cz,ChIJzTAKDwewdEcRARmgXK03K48,info@plot-team.cz,,info@plot-team.cz
Czech Republic,Ploty-dlažby,"Sídl. 1. máje 1143, 386 01 Strakonice 1, Czechia",Strakonice,,http://ploty-dlazby.cz/,info@ploty-dlazby.cz,ChIJ-cP7cAc2C0cRAkJnE0qcFoI,"info@ploty-dlazby.cz, info@stilbro.com",,"info@ploty-dlazby.cz, info@stilbro.com"
Czech Republic,Ploty Jaroslav Švehla,"Pod Malsičkou 709, 387 01 Volyně, Czechia",Strakonice,,http://ploty-strakonice.cz/,ttakus@onlinestar.cz,ChIJgfhzJF21dEcRosJrc862SC4,,,ttakus@onlinestar.cz
Czech Republic,Betonové ploty exclusive,"nábř. Dr. Kafky, 387 01 Volyně, Czechia",Strakonice,,https://betonoveplotyexclusive.cz/,info@betonoveplotyexclusive.cz,ChIJa7w8h061dEcReqkL7POPDhI,info@betonoveplotyexclusive.cz,,info@betonoveplotyexclusive.cz
Czech Republic,Betonové ploty BETONIUM,"Rohozec 126, 284 01 Rohozec, Czechia",Kutná Hora,,https://betonium.cz/,info@betonium.cz,ChIJxT1IF-FHDEcRLzNPEfkkYlY,info@betonium.cz,,info@betonium.cz
Czech Republic,Betonárna Kopřivnice – TRANSBETON s.r.o.,"Panská – areál TATRY (u brány č. 6), 742 21 Kopřivnice, Czechia",Kopřivnice,,http://www.transbeton.cz/betonarna-koprivnice,,ChIJJS4EdpDyE0cRR2JCPaHSMz4,"sebera@transbeton.cz, info@transbeton.cz, koprivnice@transbeton.cz",,"info@transbeton.cz, koprivnice@transbeton.cz, sebera@transbeton.cz"
Czech Republic,"Plotové systémy, oplocení, ploty","Čs. Armády, 537 01 Chrudim 1, Czechia",Chrudim,,http://www.oploceni-ploty.cz/plotove-systemy/,eshop@derovaneplechy.cz,ChIJCT2XCRbKDUcR8RYVxWBKdg4,eshop@derovaneplechy.cz,,eshop@derovaneplechy.cz
Czech Republic,Ploty Liška,"Lukavice 193, 538 21 Lukavice, Czechia",Chrudim,,https://www.ploty-liska.cz/,info@ploty-liska.cz,ChIJ2eSbHzi3DUcRpUEsAjE-2fA,info@ploty-liska.cz,,info@ploty-liska.cz
Czech Republic,Žatecká Gate,"Žatecká, 432 01 Kadaň 1, Czechia",Kadaň,,http://www.mesto-kadan.cz/,web@kadan.cz,ChIJ4Yrs_1IOCkcRC2l-TFyo9w4,,HTTP 503,web@kadan.cz
Czech Republic,MVMPLOTY,"683 33 Nesovice, Czechia",Uherský Brod,,http://www.mvmploty.cz/,info@mvmploty.cz,ChIJI3gZN47hEkcRBi5gIM6zcjM,info@mvmploty.cz,,info@mvmploty.cz
Czech Republic,ploty Crhonek,"M. Majerové 2, 682 01 Vyškov 1, Czechia",Vyškov,,http://www.plotove-centrum-vyskov.cz/,example@email.com,ChIJCdJnrn37EkcR7aCXphn8QX8,"example@email.com, crhonek@post.cz",,crhonek@post.cz
Czech Republic,RS BETON s.r.o. - betonové ploty,"Pod Dálnicí 326, 267 01 Králův Dvůr u Berouna-Počaply, Czechia",Beroun,,https://www.rsbeton.cz/,obchod@rsbeton.cz,ChIJey4Iv2qvC0cRiUYIAMOxMVs,obchod@rsbeton.cz,,obchod@rsbeton.cz
Czech Republic,"JOHNNY SERVIS - mobile toilets, toilet and fencing","Tetín 1, 266 01 Tetín, Czechia",Beroun,,https://www.johnnyservis.cz/,podpora@johnnyservis.cz,ChIJ0Zb2R_ykC0cRagtxCBx1uS0,podpora@johnnyservis.cz,,podpora@johnnyservis.cz
Czech Republic,Gabiony obchod - výkopové práce - stavební firma,"nám. 1. máje 683, 253 01 Hostivice, Czechia",Beroun,,https://www.gabiony-ploty-zdi.cz/,info@gabionove-konstrukce.cz,ChIJ_YaWFd6_C0cRkUMZ52CyTZ4,info@gabionove-konstrukce.cz,,info@gabionove-konstrukce.cz
Slovakia,Gabion fences,"Klincová 37, 821 08 Bratislava, Slovakia",Bratislava,,http://www.gabionoveploty.sk/,info@gabionoveploty.sk,ChIJVRbtkDKJbEcRYfFMnIXpILg,,,info@gabionoveploty.sk
Slovakia,ExterierStav pokládka zámkovej dlažby a stavba plota,"Studené, 900 46 Most pri Bratislave, Slovakia",Bratislava,,http://www.exterierstav.sk/,ekonom@exterierstav.sk,ChIJ7S_-bMd2a0cR-9iVPPPVuuI,"info@exterierstav.sk, ekonom@exterierstav.sk, juhos@exterierstav.sk",,"ekonom@exterierstav.sk, info@exterierstav.sk, juhos@exterierstav.sk"
Slovakia,"Mplot, s.r.o. Ploty Pletivá Brestovany","Lovčická 12, Horné Lovčice, 919 27 Brestovany, Slovakia",Bratislava,,https://www.ploty.sk/,info@ploty.sk,ChIJETfyTnNfa0cRAZW3E8w07b4,info@ploty.sk,,info@ploty.sk
Slovakia,REMU betónové ploty,"Poros 781/27, Poros, 925 28 Pusté Úľany, Slovakia",Bratislava,,https://remu.sk/,info@remu.sk,ChIJrSGAL7Fja0cRXCfL589kE3M,info@remu.sk,,info@remu.sk
Slovakia,Plotysk.sk,"Suchá nad Parnou 38, 919 01 Suchá nad Parnou, Slovakia",Bratislava,,https://www.plotysk.sk/,info@plotysk.sk,ChIJr1jTt9Psn6QRGHREMel5SEI,info@plotysk.sk,,info@plotysk.sk
Slovakia,A-Z Plotové centrum s.r.o.,"Hôrky 208 okres Žilina okres Žilina, 010 04, Slovakia",Bratislava,,http://www.plotyslovensko.sk/,obchod@plotyslovensko.sk,ChIJJagzU-VeFEcRF1wo23U0Ork,obchod@plotyslovensko.sk,,obchod@plotyslovensko.sk
Slovakia,Concrete fences BEVES,"Ľudmily Podjavorinskej 1614/1, 915 01 Nové Mesto nad Váhom, Slovakia",Bratislava,,http://beves.sk/,info@beves.sk,ChIJy90EmMJXE0cRJDUiZS-Vnw0,,HTTP 503,info@beves.sk
Slovakia,"JF FENCE, s.r.o.","Nezábudková, 900 43 Hamuliakovo, Slovakia",Bratislava,,https://jffence.sk/,jffence@jffence.sk,ChIJAbHcL4aMbEcRkcAvHLD6Ez8,"jffence@jffence.sk , jffence@jffence.sk",,jffence@jffence.sk
Slovakia,Mobilné oplotenie,"Vápenná, 821 04 Bratislava, Slovakia",Bratislava,,http://www.jffence.sk/neplatici,jffence@jffence.sk,ChIJOa_DytiObEcRvFuNWhZL8Zk,"jffence@jffence.sk , jffence@jffence.sk",,jffence@jffence.sk
Slovakia,fences Skala,"Dlhá 3122/43A, Senica, 905 01 Senica, Slovakia",Bratislava,,http://www.ploty-skala.sk/,predaj@ploty-skala.sk,ChIJRVGObSe1bEcRWnejUtczf3g,predaj@ploty-skala.sk,,predaj@ploty-skala.sk
Slovakia,Mobilné oplotenie,"Nezábudková 735, 900 43 Hamuliakovo, Slovakia",Bratislava,,https://jffence.sk/kontakt/,jffence@jffence.sk,ChIJVStkzSuJbEcRoF0TfUJOA5Q,"jffence@jffence.sk , jffence@jffence.sk",,jffence@jffence.sk
Slovakia,Fence Center,"Poľská 5, 040 01 Juh, Slovakia",Bratislava,,http://www.plotovecentrum.sk/,info@plotovecentrum.sk,ChIJf-YewOLfPkcRBKZLMxYn5ok,,Timeout,info@plotovecentrum.sk
Slovakia,Potrebujem plot,"Mäsiarska, 437/18 Košice, Slovakia",Košice,,http://www.potrebujemplot.sk/,info@potrebujemplot.sk,ChIJIeCCvGXgPkcRdE_wD7DX4Vs,info@potrebujemplot.sk,,info@potrebujemplot.sk
Slovakia,všetko O PLOTOCH,"Rastislavova 2362/88, 040 01 Košice, Slovakia",Košice,,http://www.oplotoch.sk/,info@oplotoch.sk,ChIJ9Q3EwfzfPkcR-YIiMA3dy0I,,HTTP 503,info@oplotoch.sk
Slovakia,Tvoj plot s.r.o.,"Vodárenská 636/3, 040 01 Košice I, Slovakia",Košice,,https://tvojplot.com/,info@tvojplot.com,ChIJ46OxMcLhPkcR0uHuSebPIaU,info@tvojplot.com,,info@tvojplot.com
Slovakia,Brany-Oplotenia,"Herlianska, 040 01 Košice, Slovakia",Košice,,http://brany-oplotenia.sk/,info@brany-oplotenia.sk,ChIJLerGB_vfPkcRaoaPwOr4b7s,info@brany-oplotenia.sk,,info@brany-oplotenia.sk
Slovakia,Bombaplot,"Slovenská 2743/93, 040 01 Košice, Slovakia",Košice,,http://www.bombaplot.sk/,info@bombaplot.sk,ChIJ7_iPHmDgPkcR0pPwuGJHEqg,"%62%6f%6d%62%61%70%6c%6f%74@%67%6d%61%69%6c.%63%6f%6d, bombaplot@gmail.com",,"%62%6f%6d%62%61%70%6c%6f%74@%67%6d%61%69%6c.%63%6f%6d, bombaplot@gmail.com, info@bombaplot.sk"
Slovakia,"Ploty, plotovky, plotové dosky","Šebastovská 150, 040 17 Šebastovce, Slovakia",Košice,,http://www.plotovky99.sk/,capulic@mail.com,ChIJo5YLz2ghP0cRcBYkYcaJtV0,,,capulic@mail.com
Slovakia,XCEL - Ploty - Slovensko,"Južná trieda 1597/78, 040 01 Košice, Slovakia",Košice,,https://xcel.pl/en/,pytania@xcel.pl,ChIJDyZUfkvfPkcR6901kgq68sI,,HTTP 503,pytania@xcel.pl
Slovakia,Profil Invest - Betónové ploty,"Čemernianska 3/1, Čemerné, 093 03 Vranov nad Topľou, Slovakia",Košice,,https://www.profilinvest.sk/sluzby/betonove-ploty/,betonoveploty@profilinvest.sk,ChIJbXi88nrJPkcR7ZtCiVa0_LU,", profilinvest@profilinvest.sk, priania.staznosti@centrum.sk, profilinvest.vyrobaploty@gmail.com, betonoveploty@profilinvest.sk",,"betonoveploty@profilinvest.sk, priania.staznosti@centrum.sk, profilinvest.vyrobaploty@gmail.com, profilinvest@profilinvest.sk"
Slovakia,Plusservis brány ploty,"Južná trieda 1597/78, 040 01 Košice, Slovakia",Košice,,http://www.plusservis.sk/,plusserviss@gmail.com,ChIJib637QffPkcRv1MIdwyLl1k,plusserviss@gmail.com,,plusserviss@gmail.com
Slovakia,"ABRA automatické brány, s.r.o.","Myslavská 2/A, 040 16 Košice - mestská časť Západ, Slovakia",Košice,,https://www.automatickebrany.eu/,,ChIJ_eG8RyTgPkcRziMI-wM19Vo,info@automatickebrany.eu,,info@automatickebrany.eu
Slovakia,EKOfence - Prešov,"Vajanského 5710/73, 080 01 Prešov, Slovakia",Prešov,,https://www.ekofence.sk/,,ChIJXQrMyGPtPkcR8RiSNq8DQg4,"shop@ekofence.sk, chat@ekofence.sk",,"chat@ekofence.sk, shop@ekofence.sk"
Slovakia,DEKORAČNÉ PLOTY - predaj a montáž 3D plotov a pletív na kľúč,"Soľanková 11933/2, Solivar, 080 05 Prešov, Slovakia",Prešov,,http://www.dekoracneploty.sk/,info@dekoracneploty.sk,ChIJf4AJquztPkcRPEGg4xisOyY,,HTTP 503,info@dekoracneploty.sk
Slovakia,Ploty Plus,"Jelšová 24A, Solivar, 080 05 Prešov, Slovakia",Prešov,,https://www.plotyplus.sk/,plotyplus@gmail.com,ChIJuauXfmPYFg4R6p1DA1uNaG4,plotyplus@gmail.com,,plotyplus@gmail.com
Slovakia,"Danielsson s.r.o., OKNÁ | BRÁNY | PLOTY | DVERE | ROLETY | ŽALÚZIE","Duklianska 8, 080 01 Prešov, Slovakia",Prešov,,https://www.danielsson.sk/,danielsson@danielsson.sk,ChIJxZDIEmDtPkcRTI42xmGw47Y,,HTTP 503,danielsson@danielsson.sk
Slovakia,Moderné Brány,"Hlavná 9, 065 41 Ľubotín, Slovakia",Prešov,,http://www.modernebrany.sk/,,ChIJT6EKJPFvPkcRPmuYeMk2D-Y,info@modernebrany.sk,,info@modernebrany.sk
Slovakia,EKOfence - Plotové centrum Humenné,"Tolstého 5/A, 066 01 Humenné, Slovakia",Prešov,,https://www.ekofence.sk/,,ChIJl6vmOKe1PkcRl8YQkqD4QTU,"shop@ekofence.sk, chat@ekofence.sk",,"chat@ekofence.sk, shop@ekofence.sk"
Slovakia,EKOfence - Plotové centrum Žilina,"Kamenná 12, 010 01 Žilina, Slovakia",Žilina,,https://www.ekofence.sk/,,ChIJl_rGb8heFEcRq1N7ReQx1ms,"shop@ekofence.sk, chat@ekofence.sk",,"chat@ekofence.sk, shop@ekofence.sk"
Slovakia,"ALUMIX, s.r.o. - Hliníkové ploty, brány, zábradlia","Pusté 868, 013 22 Rosina, Slovakia",Žilina,,http://www.ploty-alumix.sk/,servis@alumix.sk,ChIJOzSshh1ZFEcRIN7Hxsl9lAQ,,,servis@alumix.sk
Slovakia,EKOfence - plotové centrum Považský Chlmec,"Bytčianska 120A, 010 03 Žilina-Považský Chlmec, Slovakia",Žilina,,https://www.ekofence.sk/,,ChIJv_vxJOpdFEcRSCob8mqX1EE,"shop@ekofence.sk, chat@ekofence.sk",,"chat@ekofence.sk, shop@ekofence.sk"
Slovakia,KP - KOVANÉ PLOTY,"KP - KOVANÉ PLOTY Rastislav Vrobel, Medvedzie 143/23-5, 027 44 Tvrdošín, Slovakia",Žilina,,https://www.kovane-ploty.sk/,obchod@kovane-ploty.sk,ChIJT6GrHZu5FUcRQCZP1m5IUcI,obchod@kovane-ploty.sk,,obchod@kovane-ploty.sk
Slovakia,Mirdif s.r.o. - Betónové ploty Nitra,"Krížna 675 10, Janíkovce, 949 07 Nitra, Slovakia",Nitra,,https://mirdif.sk/,dpetrik@hotmail.sk,ChIJZVnqT1o9a0cRlmmIKVGDBH0,dpetrik@hotmail.sk,,dpetrik@hotmail.sk
Slovakia,EKOfence - Ivanka pri Nitre,"Novozámocká 755, 951 12 Ivanka pri Nitre, Slovakia",Nitra,,https://www.ekofence.sk/,,ChIJD-zIUgIWa0cRF-yTIxAPmdA,"shop@ekofence.sk, chat@ekofence.sk",,"chat@ekofence.sk, shop@ekofence.sk"
Slovakia,EKOfence - Plotové centrum Nitra,"Chrenovská 16, Chrenová, 949 01 Nitra, Slovakia",Nitra,,https://www.ekofence.sk/,,ChIJ3d0Hv8M-a0cRWyOC137I8E8,"shop@ekofence.sk, chat@ekofence.sk",,"chat@ekofence.sk, shop@ekofence.sk"
Slovakia,"N&P Group, s.r.o. - NP Ploty","Hviezdoslavova 2168/35, 915 01 Nové Mesto nad Váhom, Slovakia",Nitra,,http://www.npgroup.sk/,objednavky@ploty-np.sk,ChIJ-2p7FtFXE0cRbMbQwO4mt3Y,,HTTP 503,objednavky@ploty-np.sk
Slovakia,PLOTY stacha - Ing. Vladimír Stacha,"Sládkovičova 634/131, 017 01 Považská Bystrica, Slovakia",Banská Bystrica,,https://www.plotystacha.sk/,vstacha@gmail.com,ChIJQ5eNi1CJFEcR-oMeOltfzNg,vstacha@gmail.com,,vstacha@gmail.com
Slovakia,LUNA-PLOTY - Betonové ploty a doplnky pre Vašu záhradu,"Malženice 31, 919 29 Malženice, Slovakia",Trnava,,http://www.lunaploty.sk/,info@lunaploty.sk,ChIJGRO9fVxYa0cRBS-xbQmHKcs,info@lunaploty.sk,,info@lunaploty.sk
Slovakia,"ALU-DESIGN, s. r. o. | Hliníkové ploty • brány & bráničky • zábradlia & balkóny • prístrešky & doplnky","Na Bystričku 44, Martin, 036 01 Martin, Slovakia",Martin,,https://alu-design.sk/,info@alu-design.sk,ChIJWUuxPGD_FEcRexiqCpRw9W8,,HTTP 503,info@alu-design.sk
Slovakia,EKOfence - Plotové centrum Trenčín,"Zlatovská 2181/32, Záblatie, 911 05 Trenčín, Slovakia",Trenčín,,https://www.ekofence.sk/,shop@ekofence.sk,ChIJh1rYMaKhFEcRJsUVxhi-9b0,"shop@ekofence.sk, chat@ekofence.sk",,"chat@ekofence.sk, shop@ekofence.sk"
Slovakia,Rollos s.r.o. - ŽALUZIE | ROLETY | MARKÍZY | PLOTY | GARÁŽOVÉ BRÁNY,"Zlatovská 2143, Zlatovce, 911 01 Trenčín, Slovakia",Trenčín,,http://www.rollos.sk/,obchod@rollos.sk,ChIJx3s4J4mhFEcRmzj8tz41Qx4,obchod@rollos.sk,,obchod@rollos.sk
Slovakia,Ploty Hravo,"Hliny 1410/2, 017 07 Považská Bystrica, Slovakia",Považská Bystrica,,http://www.plotyhravo.sk/,info@plotyhravo.sk,ChIJATtWfFSNFEcRNFhkYERg04k,,,info@plotyhravo.sk
Slovakia,"Chozé - Ploty, Brány, Pohony","Žilinská 4986/37, 017 01 Považská Bystrica, Slovakia",Považská Bystrica,,http://www.choze.sk/,choze@choze.sk,ChIJ_3azU_2LFEcR2X916IfTyJ4,,SSL Error,choze@choze.sk
Slovakia,Hliníkové ploty a brány ELMAR,"Topoľčianska Cesta 322, 958 52 Žabokreky nad Nitrou, Slovakia",Považská Bystrica,,https://ploty-elmar.sk/,info@ploty-elmar.sk,ChIJKc5kc1nJFEcRCas4EfLQnRA,,SSL Error,info@ploty-elmar.sk
Slovakia,Alena Maslošová - Betónové ploty BP Fence,"Hlavná 7/37, Úpor, 076 16 Zemplínska Nová Ves, Slovakia",Michalovce,,http://www.betonovy-plot.sk/,info@betonovy-plot.sk,ChIJO8rcRSvVOEcR0gKEVs3AS5I,info@betonovy-plot.sk,,info@betonovy-plot.sk
Slovakia,Betónové Ploty | Slovenská výroba | Predaj a montáž,"935 82 Plášťovce, Slovakia",Michalovce,,http://www.slovenskebetonoveploty.sk/,info@slovenskebetonoveploty.sk,ChIJrafYsW2_akcRKcC1p1gCXgQ,info@slovenskebetonoveploty.sk,,info@slovenskebetonoveploty.sk
Slovakia,Kovostyl- Kované a Hliníkové ploty a brány,"Komárňanská cesta 18, Dolná kapsa, 940 02 Nové Zámky, Slovakia",Nové Zámky,,http://www.kovanabrana.sk/,info@kovanabrana.sk,ChIJ8x2Uh-wEa0cRqFv8IT-nQfk,info@kovanabrana.sk,,info@kovanabrana.sk
Slovakia,DOMINO betónové ploty,"Komoča 73, 941 21 Komoča, Slovakia",Nové Zámky,,https://www.bizref.sk/betonoveploty-novezamky,dominoploty@gmail.com,ChIJ_b3JRMYHa0cRI6QeXvGUxSM,dominoploty@gmail.com,,dominoploty@gmail.com
Slovakia,"JUHOKOV- kované polotovary, komponenty na brány a ploty, pohony NICE a príslušenstvo brán","Komárňanská cesta 18, Dolná kapsa, 940 02 Nové Zámky, Slovakia",Nové Zámky,,https://juhokov.sk/,info@juhokov.sk,ChIJ9S7q5wUBa0cRJDu9BgfEnEs,info@juhokov.sk,,info@juhokov.sk
Slovakia,Elektricky plot,"Stavbárov 2749/4, Komárno, 945 01 Komárno, Slovakia",Komárno,,https://www.elektrickyplot.sk/kontakt/,jan@novak.sk,ChIJRTcMgVeta0cReNmAnj2XeX4,,HTTP 503,jan@novak.sk
Slovakia,DŽATKO JUNIOR - BETÓNOVĚ PLOTY,"Brestov 862, 066 01 Brestov, Slovakia",Humenné,,http://dzatko-junior.sk/kontakt/,betonoveploty@dzatko-junior.sk,ChIJ7c1_7Ka1PkcRf6XS1-d0jeg,"betonoveploty@dzatko-junior.sk, dzatkojunior@dzatko-junior.sk",,"betonoveploty@dzatko-junior.sk, dzatkojunior@dzatko-junior.sk"
Slovakia,"HNL Steel - hliníkové brány, ploty, zábradlia a schody","Starinská 2134/21, 066 01 Humenné, Slovakia",Humenné,,https://www.hnlsteel.sk/,info@hnlsteel.sk,ChIJ-_7gXFy1PkcR7Q2C_cWxTVM,info@hnlsteel.sk,,info@hnlsteel.sk
Slovakia,PlotSystem,"Vrbovská cesta, 921 01 Piešťany, Slovakia",Piešťany,,http://www.plotsystem.sk/,bratislava@plotsystem.sk,ChIJTQv2iPdUa0cRf9Fh3XtAn1U,"bratislava@plotsystem.sk, info@plotsystem.sk",,"bratislava@plotsystem.sk, info@plotsystem.sk"
Slovakia,Bezpečnostné oplotenie,"Delipro Chirana, Vrbovská cesta 2511/19, 921 01 Piešťany, Slovakia",Piešťany,,http://www.bezpecnostneoplotenie.sk/,jr.pavolkapral@troaxsk.sk,ChIJxXCK7fNUa0cRDKHnHKGiqzo,,Error: Exceeded 30 redirects.,jr.pavolkapral@troaxsk.sk
Slovakia,Betónové Ploty,"Nová, 053 61 Olcnava, Slovakia",Spišská Nová Ves,,http://www.kamen-obklady.sk/,info@kamen-obklady.sk,ChIJz11mue1QPkcRNywuuad8OtU,,,info@kamen-obklady.sk
Slovakia,Hlinikové ploty,"Dolná Breznica 257, 020 61 Dolná Breznica, Slovakia",Dubnica nad Váhom,,http://www.hlinikove-ploty.com/,Rastipavlus@gmail.com,ChIJH9giaH-FFEcREfwAG_JCHE8,,,Rastipavlus@gmail.com
Slovakia,PlotMont.sk,"Staničná 1522/20, 908 51 Holíč, Slovakia",Dubnica nad Váhom,,https://www.plotmont.sk/,info@plotmont.sk,ChIJW9NOq_ExE0cRkOCq1gP3HLg,info@plotmont.sk,,info@plotmont.sk
Slovakia,"Ploty, brány","Hviezdoslavova, 915 01 Nové Mesto nad Váhom, Slovakia",Dubnica nad Váhom,,http://www.npgroup.sk/kontakt/,objednavky@ploty-np.sk,ChIJ-2p7FtFXE0cRSMVbhDHgenY,,HTTP 503,objednavky@ploty-np.sk
Slovakia,Hliníkové ploty,"Ilava č.257, 020 61 Púchov, Slovakia",Dubnica nad Váhom,,http://hlinikove-ploty.com/kontakt,pavlus@stavebneprofily.sk,ChIJazn3d2uFFEcRdT7S1o4EJEc,"sp@stavebneprofily.sk, ploty@stavebneprofily.sk, pavlus@stavebneprofily.sk, technik@stavebneprofily.sk",,"pavlus@stavebneprofily.sk, ploty@stavebneprofily.sk, sp@stavebneprofily.sk, technik@stavebneprofily.sk"
Slovakia,ALUPLOTY Slovakia s.r.o.,"Nezábudková, 955 01 Topoľčany, Slovakia",Topoľčany,,http://www.aluploty.com/,info@aluploty.sk,ChIJR3VbqstKa0cRx_4IXb_vUKQ,,SSL Error,info@aluploty.sk
Slovakia,Nice-Inox - Nerezové ploty a zábradlia,"Velušovce 131, 955 01 Velušovce, Slovakia",Topoľčany,,http://www.nice-inox.sk/,info@nice-inox.sk,ChIJZf_YHJGzFEcRjZqrRJNjcPQ,,SSL Error,info@nice-inox.sk
Slovakia,Braany - Kované brány a ploty,"Partizánska 447/36, 955 01 Chrabrany, Slovakia",Topoľčany,,http://www.braany.sk/,info@braany.sk,ChIJlyKsBxNLa0cRseS59rBD7kM,support@smartweb.sk,,"info@braany.sk, support@smartweb.sk"
Slovakia,COOL PLOTY,"Hlohovská cesta 446, 955 01 Nemčice, Slovakia",Topoľčany,,http://www.coolploty.sk/,info@coolploty.sk,ChIJcxT9uQJLa0cReAzjE-4dkmk,info@coolploty.sk,,info@coolploty.sk
Slovakia,HouseGarden | Topoľčany,"Odbojárov 678, 955 01 Tovarníky, Slovakia",Topoľčany,,http://www.housegarden365.sk/,housegarden_showroom_bratislava_0e054259b1aca6a4@2x.jpeg,ChIJIc6FgqtKa0cRBFJmmRaquRs,,HTTP 503,housegarden_showroom_bratislava_0e054259b1aca6a4@2x.jpeg
Slovakia,"Moje PLOTY, BRÁNY, POHONY","Janka Matušku 16, 957 01 Bánovce nad Bebravou, Slovakia",Topoľčany,,http://mojeploty.sk/,mojeploty@mojeploty.sk,ChIJlzPeFOm3FEcRVNP1y39gAhg,mojeploty@mojeploty.sk,,mojeploty@mojeploty.sk
Slovakia,Betónové ploty - NajkrajšiePloty.sk - Výroba a montáž betónových plotov,"Tehelniarska, 956 13 Hrušovany, Slovakia",Topoľčany,,https://www.najkrajsieploty.sk/,najkrajsieploty@gmail.com,ChIJP9lFNLBJa0cRJw2i2K0dgH8,najkrajsieploty@gmail.com,,najkrajsieploty@gmail.com
Slovakia,montovaneploty,"Námestie slobody 18/41, 972 47 Oslany, Slovakia",Topoľčany,,http://montovaneploty.sk/,info@montovaneploty.sk,ChIJJRngoibOFEcR7XjZ7Xk2ckY,,HTTP 503,info@montovaneploty.sk
Slovakia,Hliníkový plot,"1. mája 4541, 031 01 Liptovský Mikuláš, Slovakia",Liptovský Mikuláš,,http://www.hlinikovyplot.sk/,info@hlinikovyplot.sk,ChIJG04fwE6ZFUcRoDZFaInJhJs,info@hlinikovyplot.sk,,info@hlinikovyplot.sk
Slovakia,"DANAJ SLOVAKIA - DVERE, BRÁNY, PLOTY","1. mája 4541, 031 01 Liptovský Mikuláš, Slovakia",Liptovský Mikuláš,,http://www.alles.sk/,alles@alles.sk,ChIJNWp86k6ZFUcRl1MZMIMi9dA,,SSL Error,alles@alles.sk
Slovakia,"Michal Gabčo - pokládka zámkovej dlažby, okrasné ploty, stavebné práce","Komenského 499/2, 033 01 Liptovský Hrádok, Slovakia",Liptovský Mikuláš,,http://mgstavbyplotydlazby.sk/,tereziagabcova@gmail.com,ChIJOc1liHKdFUcRv9Bpl2CkEPw,,SSL Error,tereziagabcova@gmail.com
Slovakia,"PLOTY - BRÁNY - ZÁBRADLIA - FLIM, s.r.o.","Mostová 286 30, 958 04 Partizánske, Slovakia",Partizánske,,http://www.flim.sk/,info@flim.sk,ChIJyVwLlRTPFEcRK6Q0R88bJDE,info@flim.sk,,info@flim.sk
Slovakia,Ploty & Záhrada,"Myslenická 3528/1A, 902 01 Pezinok, Slovakia",Pezinok,,https://www.ploty-zahrada.sk/,info@ploty-zahrada.sk,ChIJ7UL8H-yQbEcRjkpEtZpN68E,,,info@ploty-zahrada.sk
Slovakia,PLOTY - BART Complex s.r.o.,"Novojelčanská 63, 925 23 Jelka, Slovakia",Pezinok,,http://www.beton-plotysk.sk/,ploty.pezinok@gmail.com,ChIJja5YedaebEcRBsqDsImc_rs,"info@beton-plotysk.sk, ploty.pezinok@gmail.com",,"info@beton-plotysk.sk, ploty.pezinok@gmail.com"
Slovakia,Montáž Plotov,"Šenkvická cesta 14E, 902 01 Pezinok, Slovakia",Pezinok,,https://www.montazplotov.sk/contact.html,info@montazplotov.sk,ChIJ2VPB3rGQbEcRwc8beW6PlU0,info@montazplotov.sk,,info@montazplotov.sk
Slovakia,Brány-ploty-kovo s.r.o.,"Jánovce 215, 925 22 Jánovce, Slovakia",Senec,,https://www.brany-ploty-kovo.sk/,info@brany-ploty-kovo.sk,ChIJ0Vq0weucbEcRwn2g-40M_5s,info@brany-ploty-kovo.sk,,info@brany-ploty-kovo.sk
Slovakia,Betónové ploty,"Hornočepeňská 4394, Horný Čepeň, 926 01 Sereď, Slovakia",Šaľa,,http://www.betonoveploty.sk/kontakt,lukabeton@lukabeton.sk,ChIJjXJ0On5na0cR_Tiv1SrRLYs,lukabeton@lukabeton.sk,,lukabeton@lukabeton.sk
Slovakia,Ploty Javorina,"Hrušové 1004, 916 11 Bzince pod Javorinou, Slovakia",Šaľa,,https://www.plotyjavorina.sk/,jan@novak.sk,ChIJs5GNGM5XE0cRmO-3qR3S5rI,,HTTP 503,jan@novak.sk
Slovakia,Danter brány s.r.o.,"Bratislavská cesta 5608, 929 01 Dunajská Streda, Slovakia",Dunajská Streda,,http://www.danter.sk/,,ChIJjbn-n1uda0cRdwjSjGtXxFk,", info@danter.sk",,info@danter.sk
Slovakia,Betónové ploty - BigBeton,"Hlavná, 929 01 Veľké Dvorníky, Slovakia",Dunajská Streda,,https://www.bigbeton.sk/?utm_source=google&utm_medium=wix_google_business_profile&utm_campaign=1786681111764843069,605a7baede844d278b89dc95ae0a9123@sentry-next.wixpress.com,ChIJpUY-vqN3a0cR_Z3mEOJYVl4,info.bigbeton@gmail.com,,"605a7baede844d278b89dc95ae0a9123@sentry-next.wixpress.com, info.bigbeton@gmail.com"
Slovakia,Allgarden,"Pörmöče 325, 929 01 Malé Dvorníky, Slovakia",Dunajská Streda,,https://www.allgarden.sk/,58c85fbb6ad742229ab5294d1d3a3777@cssentry.creativesites.sk,ChIJ-91OWM93a0cR68coPCO_UVI,info@allgarden.sk,,"58c85fbb6ad742229ab5294d1d3a3777@cssentry.creativesites.sk, info@allgarden.sk"
Slovakia,AMP plast ploty a brany,"Veľké Blahovo 53, 930 01 Veľké Blahovo, Slovakia",Dunajská Streda,,https://www.ampplast.sk/,ampplast@ampplast.sk,ChIJ85JogWada0cRYq9QXSTmpPo,ampplast@ampplast.sk,,ampplast@ampplast.sk
Slovakia,STERICH s.r.o. - Betónové ploty,"Herlianska 547/2, Čemerné, 093 03 Vranov nad Topľou, Slovakia",Vranov nad Topľou,,http://www.plotysterich.sk/,info@plotysterich.sk,ChIJV2uTkJjJPkcR8lADD9unKag,info@plotysterich.sk,,info@plotysterich.sk
Slovakia,Betónové ploty - Šoth s.r.o.,"Zahradná 666/1A, 067 61 Stakčín, Slovakia",Snina,,https://www.bpsoth.sk/,info@bpsoth.sk,ChIJB0NukR9POUcRjXOSSrwJ9L0,"info@bpsoth.sk, info@example.com",,info@bpsoth.sk
Slovakia,Stavinvest RS s.r.o. - Betónové ploty a výrobky,"Školská, 979 01 Rimavská Sobota, Slovakia",Rimavská Sobota,,http://stavomont.weblahko.sk/,stavoplot@gmail.com,ChIJM7ac9CaNP0cR8KoxvHxYOE8,,,stavoplot@gmail.com
Slovakia,"W-Mont s.r.o. - brány, ploty, kovovýroba a garážové brány.","Košická cesta 2014, 979 01 Rimavská Sobota, Slovakia",Rimavská Sobota,,https://www.wmont.sk/,wmont621@gmail.com,ChIJEX7KzS_zP0cRA6Fq-VbjERM,wmont621@gmail.com,,wmont621@gmail.com
Slovakia,Betónové ploty,"Hlavná 142/7, Úpor, 076 16 Zemplínska Nová Ves, Slovakia",Trebišov,,http://www.betonovy-plot.sk/kontakt.html,info@betonovy-plot.sk,ChIJO8rcRSvVOEcR5UGpEtoeBCY,info@betonovy-plot.sk,,info@betonovy-plot.sk
Slovakia,"Tibor Baška - KOVOVÝROBA PÚCHOV | Brány a ploty, pergoly, zimné záhrady, schodiská, zábradlia, balkóny a iné","Dohňany 751, 020 51 Dohňany, Slovakia",Púchov,,http://www.kovovyroba-puchov.sk/,kovovyroba.pu@gmail.com,ChIJHRGSlFOPFEcRaGfPtPauimI,kovovyroba.pu@gmail.com,,kovovyroba.pu@gmail.com
Slovakia,Kamenné ploty,"Schiffelova 908 51, 908 51 Holíč, Slovakia",Skalica,,http://kamenne-ploty.com/kontakt/,info@kamenne-ploty.com,ChIJjVxswfsxE0cRZYPfaUKX1tc,"info@kamelie.sk, info@kamenne-ploty.com",,"info@kamelie.sk, info@kamenne-ploty.com"
Slovakia,"Bezúdržbové hliníkové ploty, brány, branky, zábradlí, pergoly, sítě proti hmyzu","Hradební 1547, 686 01 Uherské Hradiště 1, Czechia",Skalica,,http://www.bezudrzbovyplot.cz/,info@bezudrzbovyplot.cz,ChIJH9zEt64VE0cRaJurGlIEmQA,,SSL Error,info@bezudrzbovyplot.cz
Slovakia,Ploty s. r. o.,"Jarmočná, 064 01 Stará Ľubovňa, Slovakia",Stará Ľubovňa,,https://www.lacnyplot.sk/,plotysro@gmail.com,ChIJTZHojqoNPkcRNFIBJEBMPnk,,HTTP 503,plotysro@gmail.com
Slovakia,MYJAVSKÉ PLOTOVÉ CENTRUM,"Horná 1233, 907 01 Myjava, Slovakia",Moldava nad Bodvou,,http://www.mypc.sk/,peter.jakubec@gmail.com,ChIJjzT7zhJOE0cRCLmgL20T1hY,,HTTP 503,peter.jakubec@gmail.com
Slovakia,Betónové ploty SEDOP STAV s.r.o.,"Štefana Majora 440, 925 22 Veľké Úľany, Slovakia",Galanta,,http://www.sedopstav.sk/,sedopstav@gmail.com,ChIJYVdnyDd9a0cRsVw82HLhNGY,,SSL Error,sedopstav@gmail.com
Slovakia,PLOTREAL s.r.o.,"Hlohová 111, 920 01 Hlohovec, Slovakia",Galanta,,http://www.plotreal.sk/,eshop@plotreal.sk,ChIJvyxyuq1da0cRStpBlSpQhY8,,SSL Error,eshop@plotreal.sk
Slovakia,Lukaplot,"Hornočepeňská 4394, Horný Čepeň, 926 01 Sereď, Slovakia",Galanta,,http://www.lukaplot.sk/kontakt.html,lukabeton@lukabeton.sk,ChIJjXJ0On5na0cReFII9Dhgl18,lukabeton@lukabeton.sk,,lukabeton@lukabeton.sk
Slovakia,Jozef Rác - Montplot,"Wolkerova 1617/26, 900 31 Stupava, Slovakia",Malacky,,https://ploty-montplot.sk/,ploty.montplot@gmail.com,ChIJweXXuG_tbEcRnsUV6nAPUPg,,,ploty.montplot@gmail.com
Slovakia,"Alumax - Hliníkové ploty, brány, zábradlia a prístrešky.","Timravy 30, 920 01 Hlohovec, Slovakia",Hlohovec,,http://www.alumax-ploty.sk/,info@alumax.sk,ChIJCbsEfwhba0cRcG37XFuDOag,,HTTP 503,info@alumax.sk
Slovakia,Sypane ploty,"73, Rázusova 3527, 920 01 Hlohovec, Slovakia",Hlohovec,,http://www.sypaneploty.sk/,objednavky@sypaneploty.sk,ChIJ4aOtgPxaa0cRbxUkGm2xg3U,objednavky@sypaneploty.sk,,objednavky@sypaneploty.sk
Germany,Bauzaun Vermietung Berlin,"Marktpl. 3, 15831 Blankenfelde-Mahlow, Germany",Berlin,,https://www.bauzaun-vermietung-berlin.de/,info@bauzaun-vermietung-berlin.de,ChIJteb93bpDqEcRrGCQrzfCJVM,info@bauzaun-vermietung-berlin.de,,info@bauzaun-vermietung-berlin.de
Germany,Bauzaun Discount,"Lise-Meitner-Straße 50, 10589 Berlin, Germany",Berlin,,http://bauzaun-discount.de/,verkauf@mf-baustoffhandel.de,ChIJ76DaCUdRqEcRcz1KxLjHnBs,"verkauf@mf-baustoffhandel.de, verkauf@bauzaun-discount.de",,"verkauf@bauzaun-discount.de, verkauf@mf-baustoffhandel.de"
Germany,Bauzaun kaufen in Berlin und Brandenburg,"Am Weidendamm 9, 15831 Blankenfelde-Mahlow, Germany",Berlin,,https://www.bauzaun-berlin-brandenburg.de/,verkauf@bauzaun-berlin-brandenburg.de,ChIJ1w9gV1tBqEcR8qfg7bO88gs,verkauf@bauzaun-berlin-brandenburg.de,,verkauf@bauzaun-berlin-brandenburg.de
Germany,Bauzaun - Berlin,"Wittestraße 30K, 13509 Berlin, Germany",Berlin,,https://bauzaun.berlin/,info@bauzaunex.de,ChIJLeQBG9BVqEcR9siVolTPqlU,,SSL Error,info@bauzaunex.de
Germany,Pauls Bauzaun- und Anhängervermietung,"Buchenstraße 9, 15378 Rüdersdorf bei Berlin, Germany",Berlin,,http://www.bauzaun-jaehnke.de/,info@bauzaun-jaehnke.de,ChIJBZHFQqIxqEcRDX7kfi8fhr4,,Access forbidden (403),info@bauzaun-jaehnke.de
Germany,Deutschland-Zaun,"Bizetstraße 92, 13088 Berlin, Germany",Berlin,,https://www.deutschland-zaun.de/,max@mustermann.de,ChIJBaotJexUhAkRsRERBeUiie0,,SSL Error,max@mustermann.de
Germany,Zäune aus Polen - Kowalik Zaun,"Fennstraße 20A, 12439 Berlin, Germany",Berlin,,https://kowalikzaun.de/,info@kowalikzaun.de,ChIJ96YbJtNJqEcR4zHIYs8Rwq0,info@kowalikzaun.de,,info@kowalikzaun.de
Germany,Zaun-Matten,"Schichauweg 52, 12307 Berlin, Germany",Berlin,,https://www.zaun-matten.de/,info@zaun-matten.de,ChIJtZPwNTJFqEcRJEsmRpfKqrs,,SSL Error,info@zaun-matten.de
Germany,Heras mobile fences GmbH,"Zum Schürmannsgraben 24, 47441 Moers, Germany",Berlin,,https://www.heras-mobile.de/,info@heras-mobile.de,ChIJR5E4U3i6uEcRtxXJsCPAVOU,,SSL Error,info@heras-mobile.de
Germany,Bauzaun24,"Turmhofstraße 17, 53894 Mechernich, Germany",Berlin,,https://www.bauzaun24.de/,kontakt@bauzaun24.de,ChIJk7YcLGEMv0cRwrM848LGcVU,,SSL Error,kontakt@bauzaun24.de
Germany,Bernfjord Bauzaun,"Kanzlerstraße 14, 21079 Hamburg, Germany",Hamburg,,http://www.bernfjord.de/,info@bernfjord.de,ChIJ1QwU8XqRsUcRYQPeu9H5f4Q,info@bernfjord.de,,info@bernfjord.de
Germany,Bargfeld Bauzaunvermietung e.K.,"Heykenaukamp 2B, 21147 Hamburg, Germany",Hamburg,,https://www.bauzaun-hamburg.de/,info@hkl-baumaschinen.de,ChIJ2z_zgJiasUcR0Z-rmPrbfjg,"mail@mbvohg.de, info@dammann.eu, info@bausicherung.de, info@film-eventservice.de, info@stein-hgs.de, info@mac-miet-bauzaun.de, info@hansabaustahl.de, info@bl-baumaschinen.de, info@bernfjord.de",,"info@bausicherung.de, info@bernfjord.de, info@bl-baumaschinen.de, info@dammann.eu, info@film-eventservice.de, info@hansabaustahl.de, info@hkl-baumaschinen.de, info@mac-miet-bauzaun.de, info@stein-hgs.de, mail@mbvohg.de"
Germany,HANSE Zauntechnik | Zaunhandel & Zaunbau,"Wendenstraße 309, 20537 Hamburg, Germany",Hamburg,,http://www.hanse-zauntechnik.de/,anfrage@hanse-zauntechnik.de,ChIJYaZWZ3N3skcRAOnMGbmaf10,"anfrage@hanse-zauntechnik.de, info@hanse-zauntechnik.de",,"anfrage@hanse-zauntechnik.de, info@hanse-zauntechnik.de"
Germany,mobilzaunshop.ch,"Kirchweg 1, 3510 Konolfingen, Switzerland",Hamburg,,http://mobilzaunshop.ch/,info@mobilzaunshop.ch,ChIJj--M_KNKjkcRVPHbC0wbq9g,,SSL Error,info@mobilzaunshop.ch
Germany,"ELBZAUN - Zaune, Toren, Pforten","Trelder Weg 5, 21079 Hamburg, Germany",Hamburg,,http://elbzaun.de/,info@adris-galabau.de,ChIJcaVQrHKRsUcR2U2yXUgQU_0,,,info@adris-galabau.de
Germany,Zaunteam Hamburg-Ost,"Sollredder 1 Ecke, Südring 50, 21465 Wentorf bei Hamburg, Germany",Hamburg,,https://www.zaunteam.de/de/partner/81-zaunteam-hamburg-ost,hamburg-ost@zaunteam.de,ChIJYWeO2xnysUcRqcYXERGYeN0,,Timeout,hamburg-ost@zaunteam.de
Germany,Bauzaunvermietung Bayern,"Hofmarkstraße 15, 85445 Oberding, Germany",Munich,,https://bundb-service.eu/index.php/bauzaunvermietung,mail@bundb-service.eu,ChIJxYfPLwYRnkcRJ26CEufvDDY,"mail@bundb-service.de, mail@bundb-service.eu",,"mail@bundb-service.de, mail@bundb-service.eu"
Germany,Zaun Dietrich GmbH,"Kurzhuberstraße 2, 81825 München, Germany",Munich,,https://www.zaun-dietrich.de/,605a7baede844d278b89dc95ae0a9123@sentry-next.wixpress.com,ChIJyV7-_D_gnUcRN293zTh5C84,info@zaun-dietrich.de,,"605a7baede844d278b89dc95ae0a9123@sentry-next.wixpress.com, info@zaun-dietrich.de"
Germany,M A C Miet-bauzaun GmbH,"Wirtstraße 1, 81539 München, Germany",Munich,,https://www.mac-vs.de/mietbauzaun,sued@mac-vs.de,ChIJLZbd4xLfnUcRSnCnA6Xqwn8,"heidenheim@mac-vs.de, muenchen@mac-vs.de, sued@mac-vs.de, nuernberg@mac-vs.de",,"heidenheim@mac-vs.de, muenchen@mac-vs.de, nuernberg@mac-vs.de, sued@mac-vs.de"
Germany,Zaunteam München-Ost,"Neupullach 1a, 85661 Forstinning, Germany",Munich,,https://www.zaunteam.de/de/partner/165-zaunteam-muenchen-ost,muenchen-ost@zaunteam.de,ChIJb6sadn0GnkcRhWSWa-8dotM,,Timeout,muenchen-ost@zaunteam.de
Germany,a3-zaunbau.de,"Klosengartenstraße 60, 50374 Erftstadt, Germany",Cologne,,http://www.a3zaunbau.de/,a3zaunbau@gmail.com,ChIJzZ0_iwojv0cRxTAhuQms_FA,,SSL Error,a3zaunbau@gmail.com
Germany,BauzaunProfi,"Emil-Schäfer-Straße 48, 47800 Krefeld, Germany",Cologne,,https://bauzaunprofi.eu/,info@bauzaunprofi.eu,ChIJm8lzpFi6uEcR81ZHZwYCkt4,info@bauzaunprofi.eu,,info@bauzaunprofi.eu
Germany,Zaunbau Simon,"Silesiusstraße 28, 51065 Köln, Germany",Cologne,,http://www.zaunbau-simon.de/,info@zaunbau-simon.de,ChIJ17pm4MQkv0cRxDQB2V0xiJw,info@zaunbau-simon.de,,info@zaunbau-simon.de
Germany,Schwarzfeller Draht und Zaun GmbH,"Hans-Böckler-Straße 44, 40764 Langenfeld (Rheinland), Germany",Cologne,,http://www.schwarzfeller.de/,info@schwarzfeller.de,ChIJSXJsU58yv0cRFyPHgfjwYus,info@schwarzfeller.de,,info@schwarzfeller.de
Germany,Bauzaun-Experte GmbH (Bauzaun & Absperrungen / Absperrtechnik mieten oder kaufen),"Rudolf-Diesel-Straße 1, 67227 Frankenthal, Germany",Frankfurt,,https://www.bauzaun-experte.de/,info@bauzaun-experte.de,ChIJkQ7GtaMzlkcRcuC5d2gsfNc,,SSL Error,info@bauzaun-experte.de
Germany,Zauntechnik Stuttgart,"Hafenbahnstraße 10 A, 70327 Stuttgart, Germany",Stuttgart,,http://zauntechnik-stuttgart.de/,info@zauntechnik-stuttgart.de,ChIJDbfamxbEmUcRpW8xSHw56tw,info@zauntechnik-stuttgart.de,,info@zauntechnik-stuttgart.de
Germany,BETA ZAUN GmbH,"Kaiserstraße 5, 40479 Düsseldorf, Germany",Düsseldorf,,https://beta-zaun.de/,hello@website.com,ChIJ56uWpMvLuEcRqvQkYOaPmUc,,SSL Error,hello@website.com
Germany,HeMa-ZaunSysteme GmbH,"Eichsfelder Str. 4, 40595 Düsseldorf, Germany",Düsseldorf,,https://www.hema-zaunsysteme.de/,,ChIJU3NZMbgyv0cRkJ8EbLcgjgQ,"mail@hema-zaunsysteme.de, troisdorf@hema-zaunsysteme.de, info@hema-zaunsysteme.de, warburg@hema-zaunsysteme.de",,"info@hema-zaunsysteme.de, mail@hema-zaunsysteme.de, troisdorf@hema-zaunsysteme.de, warburg@hema-zaunsysteme.de"
Germany,Zaun- und Torsysteme Günbek e.K.,"Lintorfer Weg 3-5, 40885 Ratingen, Germany",Düsseldorf,,http://www.zaunhandel-guenbek.de/,info@zaunhandel-guenbek.de,ChIJUfyAPl_GuEcR-pLIngV25Fg,info@zaunhandel-guenbek.de,,info@zaunhandel-guenbek.de
Germany,Limes Zaun,"Prinz-Friedrich-Karl-Straße 61, 44135 Dortmund, Germany",Dortmund,,http://www.limes-zaun.de/,kontakt@limes-zaun.de,ChIJvSphsEMXuUcRN68Bmn-llXQ,kontakt@limes-zaun.de,,kontakt@limes-zaun.de
Germany,Morganland Zaunbau,"Schweizer Allee 93, 44287 Dortmund, Germany",Dortmund,,http://www.morganland.de/,info@morganland.de,ChIJ2RO7KEMYuUcRFspcvPS9rug,,SSL Error,info@morganland.de
Germany,M&M-Zaunbau,"Manderscheidtstraße 92A, 45141 Essen, Germany",Essen,,http://zaeune-essen.de/,mundmzaun@gmx.de,ChIJEUxB8o00cEERTmsD_rfEPqY,"mundm@zaeune-essen.de, mundmzaun@gmx.de",,"mundm@zaeune-essen.de, mundmzaun@gmx.de"
Germany,GM Zaun- und Torsysteme,"Alleestraße 22, 45279 Essen, Germany",Essen,,https://www.gm-zaunsysteme.de/,info@gm-zaunbau.de,ChIJuXjCMf3duEcR3wWR1Y9dLDg,info@gm-zaunbau.de,,info@gm-zaunbau.de
Germany,Zaunteam Essen,"Fachbetrieb Zäune und Tore, Am Schacht Hubert 1-5, 45139 Essen, Germany",Essen,,https://www.zaunteam.de/de/partner/106-zaunteam-essen,essen@zaunteam.de,ChIJC2gm8O3ouEcRDAPFQeymNbM,,Timeout,essen@zaunteam.de
Germany,GM Zaun- und Torsysteme,"Schwarzbachstraße 8, 45309 Essen, Germany",Essen,,https://gm-zaunsysteme.de/,info@gm-zaunbau.de,ChIJjV-MLp3nuEcRsHjaV9iLnGA,,SSL Error,info@gm-zaunbau.de
Germany,Tor- und Zaunsysteme W. Wiechert,"Ruhrau 34, 45279 Essen, Germany",Essen,,http://www.zaunsysteme-wiechert.de/,info@zaunsysteme-wiechert.de,ChIJmdJ_E7vduEcRxen-Ql-xMLI,info@zaunsysteme-wiechert.de,,info@zaunsysteme-wiechert.de
Germany,Bauzaunwelt Niederlassung Leipzig,"Riesaer Str. 100, 04319 Leipzig, Germany",Leipzig,,http://bauzaunwelt.de/,license@prestashop.com,ChIJAbUH59H5pkcRXiQLt78Fvv4,"%6f%66%66%69%63%65@%62%61%75%7a%61%75%6e%77%65%6c%74.%64%65, office@bauzaunwelt.de",,"%6f%66%66%69%63%65@%62%61%75%7a%61%75%6e%77%65%6c%74.%64%65, license@prestashop.com, office@bauzaunwelt.de"
Germany,Zaunteam Leipzig,"Ernst-Keil-Straße 4, 04179 Leipzig, Germany",Leipzig,,https://www.zaunteam.de/de/partner/128-zaunteam-leipzig,name@email.de,ChIJe-hGiAT3pkcRbwB6gdwLq3g,,Timeout,name@email.de
Germany,Tino Großhans Zaunbau,"Schlehdornweg 2, 04319 Leipzig, Germany",Leipzig,,https://www.zaunbau-grosshans.de/,info@zaunbau-grosshans.de,ChIJB0kpwKz4pkcRxkdA0z-hqzc,info@zaunbau-grosshans.de,,info@zaunbau-grosshans.de
Germany,WeserZaun GbR,"Karl-Bücher-Straße 3, 28307 Bremen, Germany",Bremen,,http://www.weserzaun.de/,info@weserzaun.de,ChIJ6Vnd-kHfsEcRE7ZhXJIsVMU,info@weserzaun.de,,info@weserzaun.de
Germany,Zaun-Nagel,"Parallelweg 18, 28219 Bremen, Germany",Bremen,,http://www.zaun-nagel.de/,info@zaun-nagel.de,ChIJfYghsF4osUcR6TI603NVgTc,info@zaun-nagel.de,,info@zaun-nagel.de
Germany,Zaunteam Weser-Wümme,"Marie-Curie-Straße 6, 28876 Oyten, Germany",Bremen,,https://www.zaunteam.de/de/partner/39-zaunteam-weser-wuemme,weser-wuemme@zaunteam.de,ChIJBXOndw4gsUcRgXrvuPHMZvI,,Timeout,weser-wuemme@zaunteam.de
Germany,Zaun-Musfeld,"Werner musfeld, Steller Heide 12, 28790 Schwanewede, Germany",Bremen,,http://www.zaun-musfeld.de/,musfeld@t-online.de,ChIJ3csWvCXStkcRP4mqo8hrWUo,musfeld@t-online.de,,musfeld@t-online.de
Germany,ZAUNPLUS,"Bürgerstraße 37, 01127 Dresden, Germany",Dresden,,https://www.zaunplus.de/,info@zaunplus.de,ChIJh5dRMKrPCUcRMlqrdgAHDJU,info@zaunplus.de,,info@zaunplus.de
Germany,Zaunteam Dresden-Nord,"Gartenstraße 71, 01445 Radebeul, Germany",Dresden,,https://www.zaunteam.de/dresden-nord,name@email.de,ChIJ_W76lxqdp0cRfwPgTRUoN2I,,Timeout,name@email.de
Germany,Zaun- und Metallbau Dresden,"Heilbronner Str. 11, 01189 Dresden, Germany",Dresden,,http://dresdner-zaun.de/,post@dresdner-zaun.de,ChIJtz-yFa_FCUcRM3RNiSMUxms,post@dresdner-zaun.de,,post@dresdner-zaun.de
Germany,Zaunteam Dresden-Süd,"Zwickauer Str. 72-74, 01187 Dresden, Germany",Dresden,,https://www.zaunteam.de/dresden-sued,dresden-sued@zaunteam.de,ChIJfy-nP4TFCUcROB1KJfbW0gw,,Timeout,dresden-sued@zaunteam.de
Germany,ZBD Zaun Bau Dresden,"Robert-Klett-Ring 24, 01796 Pirna, Germany",Dresden,,https://www.zaunbaudresden.de/,dpo-google@google.com,ChIJ-wOyJo64CUcRaaPiO1J8tjg,info@zbd.gmbh,,"dpo-google@google.com, info@zbd.gmbh"
Germany,BAUZAUN HANNOVER-OST VERKAUF + MIETE + MONTAGE,"Borsigring 59 C Terminvereinbarung notwendig, 31319 Sehnde, Germany",Hanover,,https://eshop.mietweb.de/,44@mietweb.de,ChIJXcNjShAHsEcRVpdqcM8a0aw,"44@mietweb.de, %2044@mietweb.de",,"%2044@mietweb.de, 44@mietweb.de"
Germany,"BilligerBauzaun - Bauzäune, Absperrungen & Zubehör","Wetthoope 2, 38159 Vechelde, Germany",Hanover,,https://billigerbauzaun.de/,service@billigerbauzaun.de,ChIJUeuurx35r0cRsJ5_6ZLoSRI,service@billigerbauzaun.de,,service@billigerbauzaun.de
Germany,E. A. D Mobilzaun,"Am Hohen Holz 4, 31515 Wunstorf, Germany",Hanover,,https://www.stabzaun.de/,,ChIJlxovbnV9sEcRmIqljhVSOds,info@stabzaun.de,,info@stabzaun.de
Germany,Zaun-Zentrale GmbH,"Am Hohen Holz 4, 31515 Wunstorf, Germany",Hanover,,https://www.stabzaun.de/,info@stabzaun.de,ChIJA59-dpB9sEcRJYcDwnkzH24,info@stabzaun.de,,info@stabzaun.de
Germany,Bauzaunvermietung Bielefeld,"Lakefeldpl. 1, 30926 Seelze, Germany",Hanover,,http://bauzaun-bielefeld.de/,info@Mietzaun.de,ChIJR7VIofhzsEcR4QsExOBQtnY,info@Mietzaun.de,,info@Mietzaun.de
Germany,Stäblein Zaun- und Toranlagen GmbH - ZAUNFACHMANN Hannover,"Fränkische Str. 51, 30455 Hannover, Germany",Hanover,,http://www.zaunbau-staeblein.de/,info@zaunbau-staeblein.de,ChIJV7dssUx0sEcROsXAiMDACnI,,,info@zaunbau-staeblein.de
Germany,Zaunbau Peter GmbH,"Nürnberger Str. 19, 90602 Pyrbaum, Germany",Nuremberg,,http://zaunbau-peter.de/,info@zaunbau-peter.de,ChIJ4ekdEQppn0cRUlrTua06V4w,info@zaunbau-peter.de,,info@zaunbau-peter.de
Germany,Zaunteam Nürnberg,"Waldstraße 1, 91189 Rohr, Germany",Nuremberg,,https://www.zaunteam.de/de/partner/193-zaunteam-nuernberg,name@email.de,ChIJAQBwXHJbn0cRl6kKF6Cm0fo,,Timeout,name@email.de
Germany,Metropol Zaunbau,"Walter-Bouhon-Straße 7, 90427 Nürnberg, Germany",Nuremberg,,https://metropol-zaunbau.de/,info@metropol-zaunbau.de,ChIJgdTImyP_oUcRgvKd-ow_YQQ,"info@schellermann.de, info@metropol-zaunbau.de",,"info@metropol-zaunbau.de, info@schellermann.de"
Germany,Zaunbau Mary,"Im Eichwäldchen 28, 47259 Duisburg, Germany",Duisburg,,https://zaunbau-mary.de/,info@zaunbau-mary.de,ChIJx-JXYn0u3y8RnCat0PrCDI8,info@zaunbau-mary.de,,info@zaunbau-mary.de
Germany,RheinRuhrZaun.de,"Lindnerstraße 163, 46149 Oberhausen, Germany",Duisburg,,http://www.rheinruhrzaun.de/,,ChIJj47Sgk3HuEcRf9oPZVDZNfs,info@rheinruhrzaun.de,,info@rheinruhrzaun.de
Germany,AC ZAUN-CENTER GmbH,"Rombacher Hütte 5, 44795 Bochum, Germany",Bochum,,https://shop.ac-zaun-center.de/,shop@ac-zaun-center.de,ChIJDcIdiHjguEcR8OC78EMGowE,,,shop@ac-zaun-center.de
Germany,Tumay Zaunsysteme GmbH,"Feldstraße 6, 44867 Bochum, Germany",Bochum,,http://www.tumay.de/,info@tumay.de,ChIJZy6RoFbnuEcRD5ufoCQNPDc,info@tumay.de,,info@tumay.de
Germany,AY-ZA Zaunsysteme,"Oststraße 8, 44866 Bochum, Germany",Bochum,,http://www.ayzazaunsysteme.de/,ay-zaun@gmx.de,ChIJY2n3yEznuEcROSihqCGn9Yg,,Access forbidden (403),ay-zaun@gmx.de
Germany,DG Zaun,"Hattinger Str. 296, 44795 Bochum, Germany",Bochum,,https://dg-zaun.de/,info@dg-zaun.de,ChIJwfT2wqzhuEcRw2kDzziXxsg,info@dg-zaun.de,,info@dg-zaun.de
Germany,Zaun & Draht,"Bonnstraße 24, 50226 Frechen, Germany",Bochum,,https://www.zaun-draht.de/,info@zaun-draht.de,ChIJxRozvE47v0cRfZE-HGmfwzw,info@zaun-draht.de,,info@zaun-draht.de
Germany,ZBW Zaunbau Wuppertal GmbH,"Elberfelder Str. 74, 42285 Wuppertal, Germany",Wuppertal,,http://www.zaunbauwuppertal.de/,info@zaunbauwuppertal.de,ChIJg9Et1hy5cUERAom0qEBc-e0,,,info@zaunbauwuppertal.de
Germany,DRAHTZAUNBAU MÜNSTER GMBH Zaun- u. Tortechnik,"Hessenbusch 202, 48157 Münster, Germany",Münster,,http://www.drahtzaunbau-muenster.de/,info@drahtzaunbau-muenster.de,ChIJ03ulp8-7uUcR3lSyn_tTyyo,info@drahtzaunbau-muenster.de,,info@drahtzaunbau-muenster.de
Germany,Bernhardt Zaunsysteme GmbH & Co. KG,"Kreuzholzstraße 10, 67069 Ludwigshafen am Rhein, Germany",Mannheim,,http://www.bernhardt-zaun.de/,kontakt@bernhardt-zaun.de,ChIJZybyDVvNl0cR3dq1UlbzlVg,,,kontakt@bernhardt-zaun.de
Germany,FS Zaune und Toranlagen,"Pflügersgrundstraße 23, 68169 Mannheim, Germany",Mannheim,,http://www.fszaunmontage.de/,Info@fszaunmontage.de,ChIJCywaKzvNl0cRry6-NDfR3iM,,SSL Error,Info@fszaunmontage.de
Germany,Zaun Sheriff - Zaunmontage & Beratung,"Vogesenstraße, 68229 Mannheim, Germany",Mannheim,,http://www.zaun-sheriff.de/,info@zaun-sheriff.de,ChIJI9OXiy_Hl0cRCyb7l_c039Q,info@zaun-sheriff.de,,info@zaun-sheriff.de
Germany,Zaun Projekt Rebholz GmbH,"Mannheimer Str. 5, 68766 Hockenheim, Germany",Mannheim,,https://www.zaunprojekt.de/Kontakt,info@zaunprojekt.de,ChIJq6pa19W5l0cRE0W5DqMvb_c,info@zaunprojekt.de,,info@zaunprojekt.de
Germany,Zaunteam Karlsruhe,"Lindenstraße 10a, 75196 Remchingen, Germany",Karlsruhe,,https://www.zaunteam.de/de/partner/167-zaunteam-karlsruhe,karlsruhe@zaunteam.de,ChIJLwTdsocNl0cRsHqSId-CdBc,,Timeout,karlsruhe@zaunteam.de
Germany,Augusta Fence Zaunbau Augsburg,"Gessertshausener Str. 6, 86356 Neusäß, Germany",Augsburg,,https://www.augustafence-zaunbau.de/,info@augustafence-zaunbau.de,ChIJ24Y7ZCa9nkcRy8DOtc_FRqQ,info@augustafence-zaunbau.de,,info@augustafence-zaunbau.de
Germany,Asllani Zaunbau,"Carl-Schurz-Straße 3A, 86156 Augsburg, Germany",Augsburg,,http://asllani-zaunbau.de/,info@asllani-zaunbau.de,ChIJK32DQKu9nkcRE0fzAyNvxAA,,SSL Error,info@asllani-zaunbau.de
Germany,Zaunbau Hellmann,"Edisonstraße 8, 86399 Bobingen, Germany",Augsburg,,http://www.zaunbau-augsburg.de/,ronny.hellmann@t-online.de,ChIJEbbNCeuhnkcRLRuZ9wVaViQ,,SSL Error,ronny.hellmann@t-online.de
Germany,Zaunbau-Schrömgens GmbH ZAUNFACHMANN Mönchengladbach,"Karstraße 110, 41068 Mönchengladbach, Germany",Mönchengladbach,,https://schroemgens.de/,zaunbau@schroemgens.de,ChIJgf2W50KruEcRq6SeBmvNDKA,zaunbau@schroemgens.de,,zaunbau@schroemgens.de
Germany,Zaunteam Mönchengladbach,"Schwalmstraße 204, 41238 Mönchengladbach, Germany",Mönchengladbach,,https://www.zaunteam.de/de/partner/178-zaunteam-moenchengladbach,name@email.de,ChIJeR_JnWutuEcR6h6Vw6RtfpU,,Timeout,name@email.de
Germany,ABZ-Zaunsysteme GmbH,"Virmondstraße 137, 47877 Willich, Germany",Mönchengladbach,,https://www.abz-zaun.de/,info@abz-zaun.de,ChIJORIB6ZuvuEcRON9xKiMKyOE,info@abz-zaun.de,,info@abz-zaun.de
Germany,SB Zaun & Torsysteme,"Kirchstraße 63, 45888 Gelsenkirchen, Germany",Gelsenkirchen,,https://www.sb-zaunbau.de/,info@sb-zaunbau.de,ChIJOUQnpKDnuEcRZ7_X_YDcybQ,,HTTP 503,info@sb-zaunbau.de
Germany,Alkan Zaunsysteme,"Bergmannstraße 162, 45886 Gelsenkirchen, Germany",Gelsenkirchen,,https://www.alkan-zaunsysteme.de/,info@alkan-zaun.de,ChIJ4ZHY-9DnuEcRYyiRwIxMMcI,info@alkan-zaun.de,,info@alkan-zaun.de
Germany,ZaunköniGElsenkirchen UG (haftungsbeschränkt),"Braukämperstraße 95, 45899 Gelsenkirchen, Germany",Gelsenkirchen,,https://die-zaunkoenige.de/,info@die-zaunkoenige.de,ChIJ5av1SNnpuEcRYlbWP3ASGhg,info@die-zaunkoenige.de,,info@die-zaunkoenige.de
Germany,Bauzaun Becks Turnau GmbH,"Königsbenden 11-13, 52249 Eschweiler, Germany",Aachen,,http://www.bauzaun-becks-turnau.de/,Bauzaun-Becks-Turnau@t-online.de,ChIJkUfDRF9gv0cRKQQ-kV3g9Fk,,,Bauzaun-Becks-Turnau@t-online.de
Germany,Zaundepot,"Prager Ring 55, 52070 Aachen, Germany",Aachen,,https://www.zaundepot.shop/,ZaunDepot@gmail.com,ChIJFZgD5DmZwEcRdmVnnRZUviI,,SSL Error,ZaunDepot@gmail.com
Germany,Zaun- & Torsysteme Corsten,"Gewerbegebiet, In d. Krause 55, 52249 Eschweiler, Germany",Aachen,,http://www.zaunbau-corsten.de/,20info@zaunbau-corsten.de,ChIJIRLX9ddfv0cRlORTqLUf1y8,"info@zaunbau-corsten.de, support@example.com, %20info@zaunbau-corsten.de",,"%20info@zaunbau-corsten.de, 20info@zaunbau-corsten.de, info@zaunbau-corsten.de"
Germany,Safety Zaun & Gartenbau,"Im Grund 3, 09114 Chemnitz, Germany",Chemnitz,,http://www.safetyzaun.de/,u00a0info@safetyzaun.de,ChIJ7zkyaMtBp0cRd-raaNShrfM,,,u00a0info@safetyzaun.de
Germany,"Tor & Zaunbau Lasch aus Chemnitz, Zwickau, Glauchau","Markersdorfer Str. 85, 09123 Chemnitz, Germany",Chemnitz,,https://www.lasch-zaunbau.de/,,ChIJ7w9dLZpIp0cRBMTwwaklR30,info@lasch-zaunbau.de,,info@lasch-zaunbau.de
Germany,Tor- und Zaunanlagen GmbH Chemnitz,"Slevogtstraße 85, 09114 Chemnitz, Germany",Chemnitz,,https://www.tor-und-zaunanlagen.de/standort/chemnitz,kontakt@tor-und-zaunanlagen.de,ChIJxx0ECUpBp0cR3rDQJMhDlz8,kontakt@tor-und-zaunanlagen.de,,kontakt@tor-und-zaunanlagen.de
Germany,deutsche Zauntechnik,"Röhrsdorfer Allee 13, 09247 Chemnitz, Germany",Chemnitz,,http://www.deutsche-zauntechnik.de/,nutzer@beispiel.de,ChIJTw84GmBHp0cRiu_fp8r_Zlc,"info@deutsche-zauntechnik.de, samuel.adolph@aos-stahl.de",,"info@deutsche-zauntechnik.de, nutzer@beispiel.de, samuel.adolph@aos-stahl.de"
Germany,A1 ZAUNDISCOUNT - Der Stahlgitter-Zaunprofi,"Röhrsdorfer Allee 13, 09247 Chemnitz, Germany",Chemnitz,,https://www.a1-zaundiscount.de/,nutzer@beispiel.de,ChIJ0fsltZFHp0cRKwUZGYboW68,info@a1-zaundiscount.de,,"info@a1-zaundiscount.de, nutzer@beispiel.de"
Germany,Zaunbau Chemnitz,"Chemnitzer Str. 36a, 09247 Chemnitz, Germany",Chemnitz,,https://www.zaunbau-chemnitz.de/,,ChIJLaJNd8lktIYRhA_pkPBI4dM,"info@zaunbau-chemnitz.de, info@baumdienst-lorenz.de",,"info@baumdienst-lorenz.de, info@zaunbau-chemnitz.de"
Germany,Draht-Werner Zaun GmbH,"Braunstraße 5, 24145 Kiel, Germany",Kiel,,https://draht-werner-zaun.de/,zaun@draht-werner.de,ChIJEYAN0xhXskcRvXAU5MQtLyI,zaun@draht-werner.de,,zaun@draht-werner.de
Germany,Freunde M&M Zaunbau-Zaunhandel,"Martinstraße 57, 47805 Krefeld, Germany",Krefeld,,https://zaunbau-handwerkservice.com/,marekhart@interia.eu,ChIJs3eD2KOvuEcRFB-QRkBmuxw,marekhart@interia.eu,,marekhart@interia.eu
Germany,rundumzaun,"Neustraße 2, 47809 Krefeld, Germany",Krefeld,,http://www.rundumzaun.de/,info@rundumzaun.de,ChIJHUCG8r26uEcRF_AppoE5fr8,,SSL Error,info@rundumzaun.de
Germany,Www.zaunbau-handwerkservice.com,"Martinstraße 57, 47805 Krefeld, Germany",Krefeld,,http://www.zaunbau-handwerkservice.com/,marekhart@interia.eu,ChIJ_-cB6OKvuEcR1Or0ciatM2w,,SSL Error,marekhart@interia.eu
Germany,Zaunteam Halle,"Berliner Str. 68, 06116 Halle (Saale), Germany",Halle,,https://www.zaunteam.de/de/partner/31-zaunteam-halle,halle@zaunteam.de,ChIJjWdTtIRkpkcR9mPsc5w_Q1c,,Timeout,halle@zaunteam.de
Germany,BETONZAUN-FABRIK,"Beimsstraße 89a, 39110 Magdeburg, Germany",Magdeburg,,http://www.betonzaun-fabrik.de/,info@betonzaun-fabrik.de,ChIJhR2P__pgr0cRx4WHlG6czOU,,SSL Error,info@betonzaun-fabrik.de
Germany,Wascher Zaunbau,"Ackerstraße 2, 39112 Magdeburg, Germany",Magdeburg,,https://wascher-ok.de/,wascher-magdeburg@t-online.de,ChIJdZNP9ez1pUcRu9UavlSBoFM,wascher-magdeburg@t-online.de,,wascher-magdeburg@t-online.de
Germany,ZAUNZAR Mitteldeutschland,"Alt Prester 84, 39114 Magdeburg, Germany",Magdeburg,,http://www.zaunzar.de/,info@zaunzar.de,ChIJwybwRz_2pUcR1DV9SvdS5cU,,,info@zaunzar.de
Germany,Zaunteam Magdeburg-Harz,"Braunschweiger Str. 36-37, 38820 Halberstadt, Germany",Magdeburg,,https://www.zaunteam.de/de/partner/118-zaunteam-magdeburg-harz,magdeburg-harz@zaunteam.de,ChIJC0t-Le6epUcR9F4usZIm2Gw,,Timeout,magdeburg-harz@zaunteam.de
Germany,die zaunfabrik,"Mühlengäßle 5, 79312 Emmendingen, Germany",Freiburg,,https://www.zaunfabrik.com/,privacy@defiant.com,ChIJlc_46JcYkUcRZBuEbEMGL6U,kontakt@zaunfabrik.com,,"kontakt@zaunfabrik.com, privacy@defiant.com"
Germany,"Draht Tröhler GmbH, Zaunfachmann 79111 Freiburg im Breisgau","Bötzinger Str. 1, 79111 Freiburg im Breisgau, Germany",Freiburg,,https://draht-troehler.de/,info@draht-troehler.de,ChIJOdi4CN4akUcRNNjtyKVWMcs,info@draht-troehler.de,,info@draht-troehler.de
Germany,Lübecker Zaunmanufaktur,"Masselbett 14, 23569 Lübeck, Germany",Lübeck,,http://www.hl-zaun.de/,info@luebecker-zaunmanufaktur.de,ChIJDUOWmn_1rUcR-QflXmidLE8,info@luebecker-zaunmanufaktur.de,,info@luebecker-zaunmanufaktur.de
Germany,Zaunglobus GmbH,"Am Graben 1, 23923 Lüdersdorf, Germany",Lübeck,,http://www.zaunglobus.de/,info@zaunglobus.de,ChIJoSH1KYMNskcRwvlFk6JrppY,info@zaunglobus.de,,info@zaunglobus.de
Germany,Dienstleistungsservice Thissen - Zaunbau - Gartenbau,"Centroallee 263B, 46047 Oberhausen, Germany",Oberhausen,,http://www.thissen-zaunbau.de/,info@zaunbau-thissen.de,ChIJfSZvH8TquEcRewrlZBOdMDU,info@zaunbau-thissen.de,,info@zaunbau-thissen.de
Germany,Zaunbau NORD WEST Rostock,"Willi-Bredel-Straße 19, 18106 Rostock, Germany",Rostock,,http://www.zaunbau-nord-west-rostock.de/,info@zaunbau-nord-west-rostock.de,ChIJ2cs4jlRXrEcRijrqmE7qszQ,info@zaunbau-nord-west-rostock.de,,info@zaunbau-nord-west-rostock.de
Germany,MZS Metall-Zaun-Stahlbau GmbH & Co. KG,"Reuterstraße 6, 18211 Admannshagen-Bargeshagen, Germany",Rostock,,https://www.mzs-24.de/,info@mzs-zaunbau.de,ChIJ4XLXwhNUrEcR_G5MMsdCCAw,info@mzs-zaunbau.de,,info@mzs-zaunbau.de
Germany,Zaunteam Rhein-Mainz,"Schulstraße 71, 65468 Trebur, Germany",Mainz,,https://www.zaunteam.de/de/partner/95-zaunteam-rhein-mainz,name@email.de,ChIJwWDmb66cvUcRgCfG4p1rHeM,,Timeout,name@email.de
Germany,Zaunschmiede Kassel GmbH,"Rastebergweg 12, 34123 Kassel, Germany",Kassel,,https://www.zaunschmiede-kassel.de/kontakt,Info@zaunschmiede-kassel.de,ChIJq6q2JWM4u0cRZMc0bUPRbFs,Info@zaunschmiede-kassel.de,,Info@zaunschmiede-kassel.de
Germany,Zaunschmiede Kassel GmbH,"Niesteblick 4, 34266 Niestetal, Germany",Kassel,,http://www.zaunschmiede-kassel.de/,Info@zaunschmiede-kassel.de,ChIJVUggapA5u0cRk71lRhSLH7I,Info@zaunschmiede-kassel.de,,Info@zaunschmiede-kassel.de
Germany,Zaun und Tor Gorecki,"Berliner Str. 26-36, 58135 Hagen, Germany",Hagen,,http://www.zaun-gorecki.de/,info@zaun-gorecki.de,ChIJW0MUEkDfuEcRDwQMR4K0YuY,,,info@zaun-gorecki.de
Germany,Sven Krämer gardenKeeper GmbH,"Großblittersdorfer Str. 329, 66130 Saarbrücken, Germany",Saarbrücken,,https://gardenkeeper.de/,info@gardenkeeper.de,ChIJXWqAswC1lUcRTFabzZZocHg,info@gardenkeeper.de,,info@gardenkeeper.de
Germany,Betonzaunsysteme Andreas Müller,"Verwaltung Heinestr.2 Saarbrückerstr.-Ecke Ostring Musterfläche-Verkauf, 66740 Saarlouis, Germany",Saarbrücken,,https://betonzaunsysteme.de/,info@betonzaunsysteme.de,ChIJ9WkWr5uolUcRTcm2-H6pbLo,"Info@betonzaunsyteme.de, info@betonzaunsysteme.de",,"Info@betonzaunsyteme.de, info@betonzaunsysteme.de"
Germany,Fritec Zaun & Torsysteme GbR,"Fels-Loh-Straße 12, 59077 Hamm, Germany",Hamm,,http://www.fritecsysteme.de/,info@fritecsysteme.de,ChIJ53oIpQJzuUcRdwJeYTy-qXw,info@fritecsysteme.de,,info@fritecsysteme.de
Germany,Kramer Tor- und Zaunanlagen GmbH & Co. KG,"Hüserstraße 25, 59075 Hamm, Germany",Hamm,,http://www.kramerzaun.de/,info@kramerzaun.de,ChIJXdkwtIR0uUcR_CJ5thjKlOE,info@kramerzaun.de,,info@kramerzaun.de
Germany,MJ Zaunsysteme GmbH,"Frigenstraße 11, 67065 Ludwigshafen am Rhein, Germany",Ludwigshafen,,http://www.zaunsysteme-lu.de/,info@zaunsysteme-lu.de,ChIJ3Y28tAafDEERCXJzsAHcAZw,info@zaunsysteme-lu.de,,info@zaunsysteme-lu.de
Germany,MOMZAUN,"Friedrich-Naumann-Straße 21b, 67071 Ludwigshafen am Rhein, Germany",Ludwigshafen,,https://www.momzaun.de/,mariusolimpiumealha@gmail.com,ChIJHe_awakzlkcRe2mUPUFhRYs,mail@example.com,,mariusolimpiumealha@gmail.com
Germany,ATM Zaunmontage UG,"Christine-Teusch-Anlage 30, 67067 Ludwigshafen am Rhein, Germany",Ludwigshafen,,https://atm-zaunmontage.de/,info@atm-zaunmontage.de,ChIJW-Q9jXPLl0cR0Zi-5xkAP_c,info@atm-zaunmontage.de,,info@atm-zaunmontage.de
Germany,Ammerländer Zaunbau GmbH,"Feldlinie 17, 26160 Bad Zwischenahn, Germany",Oldenburg,,https://www.ammerlaender-zaunbau.de/,info@ammerlaender-zaunbau.de,ChIJHXAieG7htkcRdy7Q4FyhEEs,info@ammerlaender-zaunbau.de,,info@ammerlaender-zaunbau.de
Germany,Zaunteam Osnabrücker Land,"Hager Feld 19, 49191 Belm, Germany",Osnabrück,,https://www.zaunteam.de/de/partner/149-zaunteam-osnabrucker-land,name@email.de,ChIJu1hrybj9uUcRI1XYl5kyLso,,Timeout,name@email.de
Germany,Zaunkontor,"Holsten-Mündruper-Straße 18, 49086 Osnabrück, Germany",Osnabrück,,https://www.zaunkontor.eu/,info@zaunkontor.eu,ChIJoRQ7eDPvuUcRYmS4tc2PE1g,info@zaunkontor.eu,,info@zaunkontor.eu
Germany,AC Zaunanlagen GmbH,"Hagebaustraße 6, 49492 Westerkappeln, Germany",Osnabrück,,https://ac-zaunanlagen.de/,info@ac-zaunanlagen.de,ChIJ9SUUX6nCuUcRtQ7ZsbU6CE8,info@ac-zaunanlagen.de,,info@ac-zaunanlagen.de
Germany,M+F Zaunsysteme GmbH,"Wernher-von-Braun-Straße 19, 49134 Wallenhorst, Germany",Osnabrück,,http://www.mf-zaunsysteme.de/,info@mf-zaunsysteme.de,ChIJz8QVLDrhuUcRNnK_pRRI92I,info@mf-zaunsysteme.de,,info@mf-zaunsysteme.de
Germany,AZ Zaunbau,"Mühlenesch 5, 49525 Lengerich, Germany",Osnabrück,,http://www.az-zaunbau.de/,dd0a55ccb8124b9c9d938e3acf41f8aa@sentry.wixpress.com,ChIJf2J6pz9PqAIRBhfA4MlCUiU,alban.zeqiri@az-zaunbau.de,,"alban.zeqiri@az-zaunbau.de, dd0a55ccb8124b9c9d938e3acf41f8aa@sentry.wixpress.com"
Germany,ZAUN- und STEINHAFEN GmbH,"Bürgerbuschweg 1 &, Schlangenhecke 2, 51381 Leverkusen, Germany",Leverkusen,,http://www.steinhafen.com/,info@steinhafen.com,ChIJtxkwIakuv0cR62eMLcTOKSs,"info@steinhafen.com, info@zaunhafen.de",,"info@steinhafen.com, info@zaunhafen.de"
Germany,MM-Zauntore GmbH & Beschichtung,"Langenfelder Str. 142, 51371 Leverkusen, Germany",Leverkusen,,https://www.mm-zauntore.de/,info@mm-zauntore.de,ChIJ3_MQ8Wctv0cRnYMBp5kmqwo,"info@mm-zauntore.de, Info@mm-zauntore.de",,Info@mm-zauntore.de
Germany,Metallbau Zaun,"Untenmankhaus 28, 42699 Solingen, Germany",Solingen,,http://www.metallbau-zaun.de/,info@metallbau-zaun.de,ChIJzRGTRBbTuEcRQgJ_pmAuTAE,info@metallbau-zaun.de,,info@metallbau-zaun.de
Germany,A&Y Zauntechnik GmbH,"Wuppertaler Str. 111, 42653 Solingen, Germany",Solingen,,http://www.ay-zauntechnik.com/,info@ay-zauntechnik.com,ChIJBy_niGXTuEcRGv-27g0kRTY,info@ay-zauntechnik.com,,info@ay-zauntechnik.com
Germany,Zaunteam Bobach,"Löhdorfer Str. 156-176, 42699 Solingen, Germany",Solingen,,https://www.zaunteam.de/,name@email.ch,ChIJJfEPz3otv0cRZwEd8h3j5pQ,,Timeout,name@email.ch
Germany,blitzzaun,"Am Großmarkt 22, 44653 Herne, Germany",Herne,,http://www.blitzzaun.de/Kontakt/,info@blitzzaun.de,ChIJ_V6y-GfhuEcREgs4BzAIru8,info@blitzzaun.de,,info@blitzzaun.de
Germany,Zaunbau-Knoop,"Dorastraße 16, 44625 Herne, Germany",Herne,,http://www.zaunbau-knoop.de/,info@zaunbau-knoop.de,ChIJUZQzLuHhuEcRgzOIwlyWRZM,,,info@zaunbau-knoop.de
Germany,BE FENCED GmbH,"Heerstraße 74, 44653 Herne, Germany",Herne,,https://befenced.de/,info@befenced.de,ChIJFy7wRl7huEcReEG8GFI5fx4,,HTTP 503,info@befenced.de
Germany,Zaunteam Regensburg,"Tegelbreite 3, 93170 Bernhardswald, Germany",Regensburg,,https://www.zaunteam.de/de/partner/85-zaunteam-regensburg,regensburg@zaunteam.de,ChIJJxU1cRHqn0cRjH2RjLupyd4,,Timeout,regensburg@zaunteam.de
Germany,Zaunbau Glier,"Dahlienweg 2, 93197 Zeitlarn, Germany",Regensburg,,https://zaunbauglier.de/,info@zaunbauglier.de,ChIJP9zTZ-brn0cRoowARBcYuYo,info@zaunbauglier.de,,info@zaunbauglier.de
Germany,Bläser Zaunsysteme GmbH,"Hofer Str. 12, 93057 Regensburg, Germany",Regensburg,,http://blaeser.com/,NLNO@blaeser.com,ChIJxRWXEw7qn0cRbFsR-MCm0s0,"info@blaeser.com, NLNO@blaeser.com, NLSUED@blaeser.com",,"NLNO@blaeser.com, NLSUED@blaeser.com, info@blaeser.com"
Germany,Zaunfuchs GmbH,"Detmolder Str. 93, 33100 Paderborn, Germany",Paderborn,,http://www.zaunfuchs.de/,info@zaunfuchs.de,ChIJAQC8RZlMukcRziwWf33VGIU,,HTTP 503,info@zaunfuchs.de
Germany,Zaunteam Paderborn,"Lange Str. 26, 34439 Willebadessen, Germany",Paderborn,,https://www.zaunteam.de/de/partner/44-zaunteam-paderborn,name@email.de,ChIJ3Xr0ZyKxu0cRCj7DalnCYfk,,Timeout,name@email.de
Germany,Zaunbär,"Zum Strothebach 22, 33175 Bad Lippspringe, Germany",Paderborn,,https://zaunbaer.de/,hallo@zaunbaer.de,ChIJjX7f8HZPukcRSbH4ETY8Wfo,hallo@zaunbaer.de,,hallo@zaunbaer.de
Germany,Gartenzaun24,"Oberer Westring 32, 33142 Büren, Germany",Paderborn,,https://www.gartenzaun24.de/,vertrieb@gartenzaun24.de,ChIJq6rqzoNOukcRKIIWB9pfU1s,"info@gartenzaun24.de, vertrieb@gartenzaun24.de",,"info@gartenzaun24.de, vertrieb@gartenzaun24.de"
Germany,Roman Kirchner - EHL Zaun Handel,"Käthe-Kruse-Straße 12a, 85055 Ingolstadt, Germany",Ingolstadt,,http://www.ehl-zaun-handel.de/,,ChIJLek8B0lTnkcRgyQquTzWPjg,RomanKirchner@gmx.de,,RomanKirchner@gmx.de
Germany,MultiZaun Zaun Handel,"Zieglerweg 9, 85098 Großmehring, Germany",Ingolstadt,,http://multizaun.eu/,info@multizaun.eu,ChIJM5VL-rj_nkcRODqp6uejcV0,info@multizaun.eu,,info@multizaun.eu
Germany,Würzburger Zaunbau GmbH,"Randersackerer Weg 44, 97084 Würzburg, Germany",Würzburg,,https://wuerzburger-zaunbau.de/,info@wuerzburger-zaunbau.de,ChIJ8ToNb32FokcRLo7LtPISaTI,info@wuerzburger-zaunbau.de,,info@wuerzburger-zaunbau.de
Germany,"Königl GmbH&Co.KG, Felssicherung und Zaunbau","Gewerbegebiet Unterer Kirchbergweg, Winterhäuser Str. 104, 97084 Würzburg, Germany",Würzburg,,https://www.koenigl.de/,firma@koenigl.de,ChIJQbHZkIuPokcRa-n-zeJ43Rk, firma@koenigl.de,,firma@koenigl.de
Germany,Zaunteam Würzburg,"Paradeisstraße 6A, 97262 Hausen bei Würzburg, Germany",Würzburg,,https://www.zaunteam.de/de/partner/174-zaunteam-wuerzburg,name@email.de,ChIJp5EpB-_zokcRRfDw0IPwdsI,,Timeout,name@email.de
Germany,MSW Montage GmbH Zaun- und Toranlagen,"Am Spitzenrod 3, 97836 Bischbrunn, Germany",Würzburg,,http://www.mswmontage.de/,info@dp-wired.de,ChIJ_6p8N6exokcR526vz1uHFuY,info@mswmontage.de,,"info@dp-wired.de, info@mswmontage.de"
Germany,Zaunteam Ulm,"Holderring 3, 89173 Lonsee, Germany",Ulm,,https://www.zaunteam.de/de/partner/63-zaunteam-ulm,name@email.de,ChIJyXXy6OVxmUcR2l7TnALmQ6k,,Timeout,name@email.de
Germany,Zaungrün,"Mühlstraße 41, 74080 Heilbronn, Germany",Heilbronn,,http://www.zaungruen.de/,info@zaungruen.de,ChIJxX3hUgMmmEcRsQiLh2ZeuDY,info@zaungruen.de,,info@zaungruen.de
Germany,NEWLINE FENCES | XCEL ZÄUNE,"Johann-Strauß-Straße 48, 74078 Heilbronn, Germany",Heilbronn,,https://www.newline-fences.com/,t.pippes@newline-fences.com,ChIJT9zqRp8nmEcR-KslzJu9KK0,"info@newline-fences.com, t.pippes@newline-fences.com",,"info@newline-fences.com, t.pippes@newline-fences.com"
Germany,Zaunteam Pforzheim,"Am Sägewerk 6, 75242 Neuhausen, Germany",Pforzheim,,https://www.zaunteam.de/de/partner/58-zaunteam-pforzheim,name@email.de,ChIJvc0imFFvl0cR34alxIbCUbk,,Timeout,name@email.de
Germany,Zaunbau - Neumann,"In den Heuwiesen 83, 45665 Recklinghausen, Germany",Recklinghausen,,https://www.zaunbau-neumann.de/kontakt,Manuel.Neumann@Zaunbau-Neumann.de,ChIJAQBMHh7juEcRIkxmcKGDKSk,"mail@example.com, Manuel.Neumann@Zaunbau-Neumann.de",,Manuel.Neumann@Zaunbau-Neumann.de
Germany,EHA Zaunbau,"Leanderstraße 23, 54295 Trier, Germany",Trier,,https://www.eha-zaunbau.de/,info@eha-zaunbau.de,ChIJrQv1j_xZnCkRg7hzMbm0Atw,,,info@eha-zaunbau.de
Germany,Gottschalk Zaunanlagen GmbH,"Güterstraße 43, 54295 Trier, Germany",Trier,,http://www.gottschalk-trier.de/,gottschalk-trier@t-online.de,ChIJ4dVCLYZ8lUcR-Ue6yqGl39g,,,gottschalk-trier@t-online.de
Germany,Kiesel Mitte GmbH Koblenz,"Zaunheimer Str. 11, 56072 Koblenz, Germany",Koblenz,,https://www.kiesel.net/Koblenz?utm_source=organic&utm_medium=gup,,ChIJpW15UnZkvkcRJ6fTSgqWmWc,"miete.koblenz@kiesel.net, info@kiesel.net, service.koblenz@kiesel.net, vertrieb.koblenz@kiesel.net",,"info@kiesel.net, miete.koblenz@kiesel.net, service.koblenz@kiesel.net, vertrieb.koblenz@kiesel.net"
Germany,Zaunteam Koblenz,"Auf dem Meer 6, 56333 Winningen, Germany",Koblenz,,https://www.zaunteam.de/de/partner/186-zaunteam-koblenz,koblenz@zaunteam.de,ChIJbaoYJbVlvkcRQBI94v4oMzQ,,Timeout,koblenz@zaunteam.de
Germany,Zaunbau Zimmer,"Züchnerstraße 11, 56070 Koblenz, Germany",Koblenz,,http://www.zaunbauzimmer.de/,info@zaunbauzimmer.de,ChIJ0S_3XHxivkcR0qj58Aln_Gc,,,info@zaunbauzimmer.de
Germany,"GLZ-Bau Bodo Gundermann - Zaunbau, Torbau, Zäune, Toranlagen","Geunitz 19, 07768 Reinstädt, Germany",Jena,,http://www.glz-bau.de/,bodo.gundermann@glz-bau.de,ChIJP3vKGZqqpkcRytlBNsTN1PY,bodo.gundermann@glz-bau.de,,bodo.gundermann@glz-bau.de
Germany,MOE Tor- und Zaunsysteme GmbH,"Clemenshammer 34, 42855 Remscheid, Germany",Remscheid,,http://www.moe-zaun.de/,stader@moe-zaun.de,ChIJD89BVhsquUcRj5Xrqa16KW8,"sander@moe-zaun.de, scharwaechter@moe-remscheid.de, info@moe-zaun.de, ockenga@moe-zaun.de, stader@moe-zaun.de, sahinler@moe-remscheid.de, puocci@moe-zaun.de",,"info@moe-zaun.de, ockenga@moe-zaun.de, puocci@moe-zaun.de, sahinler@moe-remscheid.de, sander@moe-zaun.de, scharwaechter@moe-remscheid.de, stader@moe-zaun.de"
Germany,Gabionen-Center-Niederrhein,"Bullermannshof 15, 47441 Moers, Germany",Moers,,https://www.gabionen-center-niederrhein.de/,info@gcnmoers.de,ChIJ-660r-o0cEERo9rDQFBSxa8,info@gcnmoers.de,,info@gcnmoers.de
Germany,Bönings Zaunmontage,"Hermann-Vennemann-Straße 5, 47445 Moers, Germany",Moers,,https://www.zaunmontage-boenings.com/kontakt/,,ChIJu4y148G9uEcRtUrby_Trbw0,info@zaunmontage-boenings.com,,info@zaunmontage-boenings.com
Germany,Zaunmontage Bönings,"Brahmsstraße 2, 47447 Moers, Germany",Moers,,https://www.zaunmontage-boenings.com/kontakt/,zaunmontage-boenings@web.de,ChIJncZlKZO9uEcR6vmEYFp3O8w,info@zaunmontage-boenings.com,,"info@zaunmontage-boenings.com, zaunmontage-boenings@web.de"
Germany,Herling Tortechnik und Zaunbau GmbH,"Einheitsstraße 19, 57076 Siegen, Germany",Siegen,,http://www.herling-siegen.de/,,ChIJJ0NLxU0DvEcRUMDu_hG6RWU,info@herling-siegen.de,,info@herling-siegen.de
Germany,Zaun & Garten Galerie,"Am Telering 1, 03051 Cottbus, Germany",Cottbus,,http://www.zaun-brendel.de/,zaun-brendel@t-online.de,ChIJ2R-XlXFxCEcRXJpK8hzS4OQ,zaun-brendel@t-online.de,,zaun-brendel@t-online.de
Germany,"Hammerman-Tech » Ihr Zaun aus Polen - Zaunbau, Metallzäune & mehr","Kresowa 284, 66-620 Gubin, Poland",Cottbus,,https://www.hammerman-tech.de/,info@hammerman-tech.de,ChIJG05AJQHSB0cReDwc781oidY,info@hammerman-tech.de,,info@hammerman-tech.de
Germany,Kögler Zaunsysteme GmbH,"Salzstraße 5, 07551 Gera, Germany",Gera,,http://www.zaunbaumarkt.de/,info@zaunbaumarkt.de,ChIJm50dXarPpkcRu6mmzBkEHg0,,Access forbidden (403),info@zaunbaumarkt.de
Germany,ZAUNQ GmbH,"Ronneburger Straße 30 H, Lager : Trebnitz, 66 A , 07554, 07546 Gera, Germany",Gera,,http://www.zaunq.de/,,ChIJKeL4FYTPpkcRX5TX33_2zc4,"zinssmeister@ZAUNQ.de, niere@ZAUNQ.de, info@ZAUNQ.de, info@zaunq.de",,"info@ZAUNQ.de, niere@ZAUNQ.de, zinssmeister@ZAUNQ.de"
Germany,ZAUNQ GmbH Lagerstandort,"K12, 07554 Gera, Germany",Gera,,http://www.zaunq.de/,info@ZAUNQ.de,ChIJkwJkcwDFpkcRuFunScWgjLY,"zinssmeister@ZAUNQ.de, niere@ZAUNQ.de, info@ZAUNQ.de, info@zaunq.de",,"info@ZAUNQ.de, niere@ZAUNQ.de, zinssmeister@ZAUNQ.de"
Germany,"Zaun-GT, Bluschke und Reiner GbR","Hütemersch 9, 33442 Herzebrock-Clarholz, Germany",Gütersloh,,http://zaun-gt.de/,Info@zaun-gt.de,ChIJ7xiODlsvukcRWOpH7dc58iM,Info@zaun-gt.de,,Info@zaun-gt.de
Germany,RR Zaundesign,"Geierweg 7, 33335 Gütersloh, Germany",Gütersloh,,http://www.rrzaundesign.de/,rrzaundesign@gmail.com,ChIJf2UvI64lukcRoLs7GLpy3ro,rrzaundesign@gmail.com,,rrzaundesign@gmail.com
Germany,Westfalen-Zaun,"Heidbrinkstraße 82, 33378 Rheda-Wiedenbrück, Germany",Gütersloh,,http://www.westfalen-zaun.de/,605a7baede844d278b89dc95ae0a9123@sentry-next.wixpress.com,ChIJKw_vmkApukcRhFZS1I_L38I,info@westfalen-zaun.de,,"605a7baede844d278b89dc95ae0a9123@sentry-next.wixpress.com, info@westfalen-zaun.de"
Germany,Zaunteam Gütersloh,"Im Heidkamp 25, 33334 Gütersloh, Germany",Gütersloh,,https://www.zaunteam.de/de,name@email.de,ChIJESuMh1AvukcRgVvJ-SlYjZo,,Timeout,name@email.de
Germany,Ferrara Zaun Design,"Ingridstraße 40, 33335 Gütersloh, Germany",Gütersloh,,http://ferrarazaundesign.de/,info@ferrarazaundesign.de,ChIJw5l8EG4lukcRbeA3jPuQ9Vg,info@ferrarazaundesign.de,,info@ferrarazaundesign.de
Germany,Zaun- und Tortechnik HAG,"Vormholzer Str. 48, 58456 Witten, Germany",Witten,,https://www.zauntechnik-hag.de/,info@zauntechnik-hag.de,ChIJ1TOTX3khuUcRDpQ2LgTkgi4,,,info@zauntechnik-hag.de
Germany,AGM Zaun- und Sicherungstechnik,"Gennaer Str. 66, 58642 Iserlohn, Germany",Iserlohn,,http://www.agm-zauntechnik.de/,info@schuette-is.com,ChIJ1-oPjG8_uUcRiJOeuDcMChI,,HTTP 503,info@schuette-is.com
Germany,Zaunfabrik-MV - Müller Metallbau Schwerin,"Grevesmühlener Str. 30, 19057 Schwerin, Germany",Schwerin,,https://www.zaunfabrik-mv.de/,info@zaunfabrik-mv.de,ChIJa1ex-LfbrUcRAdAmQGL0-Gg,,,info@zaunfabrik-mv.de
Germany,Schiewe Zaun- und Toranlagen,"In d. Mühlenau 115, 52355 Düren, Germany",Düren,,http://www.zaunschiewe.de/,zaunschiewe@web.de,ChIJk25xoPZov0cROMWGvbXFrZk,zaunschiewe@web.de,,zaunschiewe@web.de
Germany,PK Zaunanlagen und Tortechnik,"Im Großen Tal 5, 52353 Düren, Germany",Düren,,http://www.pkzaun.de/,info@pkzaun.de,ChIJh5pWG6hCv0cRiIr6MIIOw1c,info@pkzaun.de,,info@pkzaun.de
Germany,SER Mobilzaun AG,"Hostbachstrasse 3, 8450 Andelfingen, Switzerland",Esslingen,,https://sermobilzaun.ch/,info@sermobilzaun.ch,ChIJL8RXf73omkcRcBYb0UGGZ9U,info@sermobilzaun.ch,,info@sermobilzaun.ch
Germany,Yilmaz Zaun,"Am Roten Kreuz 115 Holterkamp 20 Lager, 40880 Ratingen, Germany",Ratingen,,http://www.yilmazzaun.de/,info@yilmazzaun.de,ChIJP5RnaGvJuEcRbFsLdjghQ_w,info@yilmazzaun.de,,info@yilmazzaun.de
Germany,RheinRuhrZaun.de,"Lintorfer Weg 3, 40885 Ratingen, Germany",Ratingen,,http://www.rheinruhrzaun.de/,info@rheinruhrzaun.de,ChIJWe3tNSPHuEcRiPW5AcQE3rw,info@rheinruhrzaun.de,,info@rheinruhrzaun.de
Germany,BIKU-Zaunsysteme,"Sperlingsweg 34, 44534 Lünen, Germany",Lünen,,https://www.biku-zaunsysteme.de/,info@biku-zaunsysteme.de,ChIJz18xaYMPuUcR4zQrc8ZnOpU,info@biku-zaunsysteme.de,,info@biku-zaunsysteme.de
Germany,Si-Tech Zaun & Terrassenbau,"Paul-Klee-Ring 8A, 63505 Langenselbold, Germany",Hanau,,http://www.sitech-hanau.de/,info@sitech-hanau.de,ChIJryFx0lcWvUcRgtCiWXX6nuI,info@sitech-hanau.de,,info@sitech-hanau.de
Germany,Zaun-Centrum,"Am Kreuzstein 82-84, 63477 Maintal, Germany",Hanau,,https://www.zaun-centrum.de/,kontakt@zaun-centrum.de,ChIJixiswEgSc0ER32QXcTP_2mE,kontakt@zaun-centrum.de,,kontakt@zaun-centrum.de
Germany,Zaunbau Bergo GmbH,"Nordring 17, 63762 Großostheim, Germany",Hanau,,https://zaunbau-bergo.de/,info@zaunbau-bergo.de,ChIJTZHpoXtBvUcRE1iLAMCfXrw,info@zaunbau-bergo.de,,info@zaunbau-bergo.de
Germany,ZK garden design gardening fence construction,"Nahestraße 16, 45219 Essen, Germany",Velbert,,http://www.zk-gartenbau.de/,info@zk-gartenbau.de,ChIJGdD-m1bEuEcRkcqNhwTucbI,info@zk-gartenbau.de,,info@zk-gartenbau.de
Germany,ZTM Zaun Tor & Metallbau GmbH,"Gewerbepark 5, 24983 Handewitt, Germany",Flensburg,,http://www.ztm-zaun-tor.de/,info@ztm-zaun-tor.de,ChIJC-Adh4dds0cR_hV8wMqJt_Q,info@ztm-zaun-tor.de,,info@ztm-zaun-tor.de
Lithuania,Artfence.lt - Fences & Aluminum Gates,"Prusų g. 1, Didžiasalis, 13264 Vilniaus r. sav., Lithuania",Gargždai,,http://www.artfence.lt/,info@artfence.lt,ChIJ5a0G8Dm-3UYR38VF4LueVFk,,HTTP 503,info@artfence.lt
Estonia,Pärnu Vallikäär,"Tallinn Gate, Vana-Tallinna tn 1, Pärnu, 80011 Pärnu maakond, Estonia",Pärnu,,https://visitparnu.com/objekt/parnu-vallikaar/,,ChIJb8GPTRb97EYRCsxmB50BzQI,"info@visitparnu.com, parnu@visitestonia.com",,"info@visitparnu.com, parnu@visitestonia.com"
Estonia,Räpina Gardening School,"Aianduse tn 6, Räpina, 64505 Põlva maakond, Estonia",Räpina,,http://www.aianduskool.ee/,kool@aianduskool.ee,ChIJK23CWffE6kYRcJSOv0S6lYs,"aigi.salundi@aianduskool.ee, kool@aianduskool.ee",,"aigi.salundi@aianduskool.ee, kool@aianduskool.ee"
Finland,Kangasalan Kiinteistösaneeraus Oy,"Taivallammentie 70, 36270 Kangasala, Finland",Kangasala,,http://www.saneerataan.fi/,,ChIJQ2aZ9Qkfj0YRJItv6zxYkGo,info@saneerataan.fi,,info@saneerataan.fi
Finland,Harjavallan Päiväkoti Ja Työhönvalmennuskeskus,"Harjavallankatu 14, 29200 Harjavalta, Finland",Harjavalta,,https://tukena.fi/woimaamo,,ChIJCTz2h7triUYRCe9LZpDTHQA,johanna.ketonen@tukena.fi,,johanna.ketonen@tukena.fi
Slovenia,MN FENCES,"Pelechova c. 15, 1235 Radomlje, Slovenia",Ljubljana,,http://www.mn-ograje.si/,info@mn-ograje.si,ChIJJVO5j0Q2ZUcRBGN9UVx9uzs,info@mn-ograje.si,,info@mn-ograje.si
Slovenia,Flexvar montaža kovinskega in drugega pohištva Marko Zaplotnik s.p.,"Goriče 43 C, 4204 Golnik, Slovenia",Kranj,,https://www.flexvar.si/,ponudba@flexvar.si,ChIJmbzFJC26ekcRjPJSQCYR3bI,"info@flexvar.si, ponudba@flexvar.si",,"info@flexvar.si, ponudba@flexvar.si"
Slovenia,"SYLIQI - ZAUNBAU, montaža in gradbeništvo d.o.o.","Bevče 9d, 3320 Velenje, Slovenia",Velenje,,https://www.moja-dejavnost.si/kvalitetne-panelne-ograje-slovenija/syliqi---zaunbau-doo/MM1lqDxe,info@mediaorbis.si,ChIJ-Wn724xnZUcRXPcF5pdJOko,,,info@mediaorbis.si
Slovenia,"Megatehnika, trgovina in storitve, d.o.o.","Goriška cesta 75, 5270 Ajdovščina, Slovenia",Ajdovščina,,http://www.megatehnika.si/,info@megatehnika.si,ChIJRaRDqTAZe0cR2u4b5xu-Epc,,SSL Error,info@megatehnika.si
Slovenia,Prodaja Parketa in izdelkov iz Bambusa Herman Gabrovšek s.p.,"IOC Zapolje I 5, 1370 Logatec, Slovenia",Logatec,,http://wpc-talne-obloge.si/,,ChIJf3Mp5IzWekcRqczD4EMBNQA,bambusparket@gmail.com,,bambusparket@gmail.com
Slovenia,"Kovinski izdelki Marušič, Andraž Marušič s.p.","Ograde 36a, 1370 Logatec, Slovenia",Logatec,,http://www.kim-ograje.com/,,ChIJz2dgIU8oe0cRZPNv-R0oUAU,info@kim-ograje.com,,info@kim-ograje.com
Slovenia,Kovinarstvo Jože Mihevc s.p.,"Cesta 5. maja 25, 1370 Logatec, Slovenia",Logatec,,http://www.kovinarstvo-mihevc.si/,,ChIJVz0Kwk4oe0cR4-5JHUKjIzE,info@kovinarstvo-mihevc.si,,info@kovinarstvo-mihevc.si
Slovenia,"Mizarstvo in tesarstvo NAGODE, Andraž Nagode s.p.","Režiška cesta 28, 1370 Logatec, Slovenia",Logatec,,http://www.mizarstvo-tesarstvo.si/,,ChIJ9brPUHooe0cRLHf35K4TYEI,info@mizarstvo-tesarstvo.si,,info@mizarstvo-tesarstvo.si
Slovenia,Gracia d.o.o. Rakek,"Obrtniška ulica 8a, 1370 Logatec, Slovenia",Logatec,,http://www.gracia.si/,,ChIJY0d_RDcoe0cRTFtlcoSRQLo,"graciap@siol.net, info@gracia.si, janez@gracia.si,  graciap@siol.net,  info@gracia.si",,"graciap@siol.net, info@gracia.si, janez@gracia.si"
Slovenia,Gracia salon keramike,"Obrtniška ulica 8a, 1370 Logatec, Slovenia",Logatec,,http://www.gracia.si/,,ChIJrTbFH0ooe0cRRtcuwR61Euk,"graciap@siol.net, info@gracia.si, janez@gracia.si,  graciap@siol.net,  info@gracia.si",,"graciap@siol.net, info@gracia.si, janez@gracia.si"
Austria,Sofortzaun e.U,"Leopold Gattringer-Straße 82, 2345 Brunn am Gebirge, Austria",Vienna,,https://www.sofortzaun.at/,office@sofortzaun.at,ChIJwdHy-Y673oARmwpwDCgV8Vw,office@sofortzaun.at,,office@sofortzaun.at
Austria,RS-Zaunsysteme e.U.,"Ungargasse 5, Grasbergergasse 7, 1030 Wien, Austria",Vienna,,http://www.rs-zaun.at/,office@rs-zaun.at,ChIJYSwY0HMHbUcRxODcZW9-86g,office@rs-zaun.at,,office@rs-zaun.at
Austria,Fritz Zaunbau GmbH,"Brückenkopfgasse 7, 8020 Graz, Austria",Graz,,http://www.fritz-zaun-graz.at/,info@zaunbau-fritz.at,ChIJ1fI9NHo1bkcRr_DWOTnbets,,Access forbidden (403),info@zaunbau-fritz.at
Austria,mobilzaunshop.ch,"Kirchweg 1, 3510 Konolfingen, Switzerland",Graz,,http://mobilzaunshop.ch/,info@mobilzaunshop.ch,ChIJj--M_KNKjkcRVPHbC0wbq9g,info@mobilzaunshop.ch,,info@mobilzaunshop.ch
Austria,A.L. Zauntechnik Linz | GUARDI Fachpartner Linz,"Hartheimerstraße 24, 4030 Linz, Austria",Linz,,https://www.al-zauntechnik.at/,office@al-zauntechnik.at,ChIJk51ULYW7c0cRTmopnL85Yd8,,,office@al-zauntechnik.at
Austria,Anhängerverleih Zaunmüller verleih-linz,"Donatusgasse 21, 4020 Linz, Austria",Linz,,http://www.verleih-linz.at/,anfrage@verleih-linz.at,ChIJy9LPKKWXc0cRoP9uXAIRTp8,anfrage@verleih-linz.at,,anfrage@verleih-linz.at
Austria,Asllani Zaunbau,"Adolf-Schemel-Straße 16/66, 5020 Salzburg, Austria",Salzburg,,https://zaunbau-asllani.at/,anfrage@zaunbau-asllani.at,ChIJd7NDmj2RdkcRLIH-PNyP5xQ,anfrage@zaunbau-asllani.at,,anfrage@zaunbau-asllani.at
Austria,Grabner-Zaun,"Laschenskystraße 60, 5071 Viehhausen, Austria",Salzburg,,https://www.grabner-zaun.at/,office@grabner-zaun.at,ChIJORMPx9ORdkcR6Xg91pg9TRc,office@grabner-zaun.at,,office@grabner-zaun.at
Austria,Zaunbau,"Johann-Herbst-Straße 23, 5061 Elsbethen, Austria",Salzburg,,http://www.zaunbau.co.at/,office@zaunbau.co.at,ChIJ5fdtmCqRdkcRtFYuiBDchgA,office@zaunbau.co.at,,office@zaunbau.co.at
Austria,Zaunmontage-Tirol,"Mozartstraße 7, 6020 Innsbruck, Austria",Innsbruck,,https://www.zaunmontage-tirol.at/,info@zaunmontage-tirol.at,ChIJF1Tij9lvnUcRO9pblgTEf2o,info@zaunmontage-tirol.at,,info@zaunmontage-tirol.at
Austria,ZBK Zaunbau OG,"Berthold-Schwarz-Straße 126, 9020 Klagenfurt am Wörthersee, Austria",Klagenfurt,,https://www.zb-k.at/,office@zb-k.at,ChIJj95F_zfKB6MRXvYINW8GApE,"office@zb-k.at, mz-bau@gmx.at, peter.kreimer@​happynet.at",,"mz-bau@gmx.at, office@zb-k.at, peter.kreimer@​happynet.at"
Austria,Zaunteam Kärnten-Mitte,"Heizhausweg 11, 9601 Arnoldstein, Austria",Klagenfurt,,https://www.zaunteam.at/de/partner/134-kaernten-mitte,kaernten-mitte@zaunteam.at,ChIJH2tzuiF9cEcRd_tZXKXZggQ,,SSL Error,kaernten-mitte@zaunteam.at
Austria,Zaunteam Kärnten-Ost,"Eschenweg 15, 9551 Bodensdorf, Austria",Klagenfurt,,https://www.zaunteam.at/de/partner/129-zaunteam-karnten-ost,kaernten-ost@zaunteam.at,ChIJ3W5k9t99cEcR1-0GeGYsAMw,,Timeout,kaernten-ost@zaunteam.at
Austria,Zauntechnik Schellander,"Koglstraße 25, 9020 Klagenfurt am Wörthersee, Austria",Klagenfurt,,https://zb-k.at/,office@zb-k.at,ChIJKZM50L9zcEcRsptRGYSVoI8,"office@zb-k.at, mz-bau@gmx.at, peter.kreimer@​happynet.at",,"mz-bau@gmx.at, office@zb-k.at, peter.kreimer@​happynet.at"
Austria,Zaunteam Kärnten-West-Osttirol,"Kirchbach 89, 9632 Kirchbach, Austria",Villach,,https://www.zaunteam.at/de/partner/135-zaunteam-kaernten-west-osttirol,name@email.at,ChIJWyRul2kBekcRyK6x3y-jrMc,,Timeout,name@email.at
Austria,Drei-S - Zaun- und Toranlagen,"Warmbaderstraße 22, 9584 Finkenstein am Faaker See, Austria",Villach,,http://www.drei-s-gmbh.at/,office@drei-s-gmbh.at,ChIJ_URQeZmBekcRhOrb5NKn-6o,office@drei-s-gmbh.at,,office@drei-s-gmbh.at
Austria,Reci Zaun,"Billingerstraße 37, 4614 Marchtrenk, Austria",Wels,,https://www.recizaun.at/,605a7baede844d278b89dc95ae0a9123@sentry-next.wixpress.com,ChIJIU3hCRiTc0cRbN9K783KsYE,reci.zaun@live.at,,"605a7baede844d278b89dc95ae0a9123@sentry-next.wixpress.com, reci.zaun@live.at"
Austria,"Zaunwerk Müller - Zäune, Einfriedungen und Metallbau","Rainerstraße 15, 4600 Wels, Austria",Wels,,https://www.zaunwerk.at/,office@rundrweb.com,ChIJ5RWX_K7zc0cRGevbd5w3HwU,"office%40z%61%75nw%65r%6B.%61%74, office@zaunwerk.at",,"office@rundrweb.com, office@zaunwerk.at"
Austria,KIWIZAUN,"Aigenstraße 21, 4600 Thalheim bei Wels, Austria",Wels,,http://kiwizaun.com/,office@kiwizaun.com,ChIJI4vY45zyc0cRjwn4tjhx_rk,office@kiwizaun.com,,office@kiwizaun.com
Austria,Der Zaunprofi Julia Cservenka,"Negrellistraße, Industriegebiet 38, 4600 Wels, Austria",Wels,,https://www.derzaunprofi.at/,office@derzaunprofi.at,ChIJsxIEhlDtc0cRhsPaJtqLe1o,office@derzaunprofi.at,,office@derzaunprofi.at
Austria,Zaun 4 You e.U.,"Gutlederergasse 3/7, 3100 St. Pölten, Austria",Sankt Pölten,,http://www.zaun4you.co.at/,office@zaun4you.co.at,ChIJnRdrc2yHbUcRI-BhP4N1C9k,office@zaun4you.co.at,,office@zaun4you.co.at
Austria,Zaunteam Vorarlberg,"Bobletten 28, 6850 Dornbirn, Austria",Dornbirn,,https://www.zaunteam.at/de/partner/29-zaunteam-vorarlberg,vorarlberg@zaunteam.at,ChIJfS2s5jtrm0cRSqYiJQbzcBw,,Timeout,vorarlberg@zaunteam.at
Austria,ATM Zaunsysteme,"Eulenweg 40, 2230 Gänserndorf, Austria",Klosterneuburg,,https://www.atm-zaunsysteme.at/,office@atm-zaunsysteme.at,ChIJTdcWhoHjbEcR6kLIAHhGuzI,office@atm-zaunsysteme.at,,office@atm-zaunsysteme.at
Austria,Zaunteam Obersteiermark-Ost,"Parschluger Str. 20, 8605 Kapfenberg, Austria",Leoben,,https://www.zaunteam.at/de/partner/190-zaunteam-obersteiermark-ost,obersteiermark-ost@zaunteam.at,ChIJ_QecyyMdbkcRY6MPzPQz8bQ,,Timeout,obersteiermark-ost@zaunteam.at
Austria,zaunfabrik.at,"Neubauerstraße 24, 4050 Traun, Austria",Traun,,http://www.zaunfabrik.at/,office@zaunfabrik.at,ChIJmTT_QQqVc0cRf-HbVVn44gE,office@zaunfabrik.at,,office@zaunfabrik.at
Austria,Zaunmax - GUARDI Fachpartner,"Gatterkreuzweg 7, 3133 Traismauer, Austria",Krems,,https://www.zaunmax.at/,info@zaunmax.at,ChIJnQkQB4R-bUcRe3gHTQX509s,info@zaunmax.at,,info@zaunmax.at
Austria,RD Doppelstabmattenzaun | Purgstall an der Erlauf,"Feichsenstraße 11, 3251 Purgstall an der Erlauf, Austria",Amstetten,,https://www.rdbau.at/,info@rdbau.at,ChIJbYJgoJprckcRPo-r_dMsjvc,info@rdbau.at,,info@rdbau.at
Austria,Brandstetter Tor und Zaun GmbH - Ihr HÖRMANN und GUARDI Fachpartner,"Betriebsgebiet Nord 9, 3300 Ardagger Stift, Austria",Amstetten,,http://www.torundzaun.at/,office@torundzaun.at,ChIJVfRvFW9JckcR953KKjT6Tqw,,HTTP 503,office@torundzaun.at
Austria,Zaunteam Haunschmid,"Bach 28, 3321 Ardagger Markt, Austria",Amstetten,,https://www.zaunteam.at/de/partner/162-zaunteam-haunschmid,name@email.at,ChIJuwhNS0dPckcR6sakC04RNdE,,Timeout,name@email.at
Austria,Zaunteam Tirol Unterland,"Amberg 18, 6334 Schwoich, Austria",Kufstein,,https://www.zaunteam.at/de/partner/26-zaunteam-tirol-unterland,tirol-unterland@zaunteam.at,ChIJjwzDgMc2dkcRc-TiYp1C4gk,,Timeout,tirol-unterland@zaunteam.at
Austria,NADA Zaun & Montage GmbH,"Triester Str. 131, 2512 Traiskirchen, Austria",Traiskirchen,,https://www.fztechnik.at/,zftechnik@yahoo.at,ChIJaZnC2UOxbUcRcKNcLzh1hNg,,SSL Error,zftechnik@yahoo.at
Austria,Zaunteam Schneebergland,"Auestraße 101, 2640 Gloggnitz, Austria",Ternitz,,https://www.zaunteam.at/de/partner/24-zaunteam-schneebergland,schneebergland@zaunteam.at,ChIJv2j_1dPebUcRmZxM5815shs,,Timeout,schneebergland@zaunteam.at
Austria,Zaun-Profi Helmut Pechhacker,"Bahnhofstraße 7, 6781 Bartholomäberg, Austria",Bludenz,,http://www.zaunprofi.eu/,office@zaun-profi.at,ChIJrUh7hppRm0cR5M7Cy2TEufE,office@zaun-profi.at,,office@zaun-profi.at
Austria,Zauntechnik Hausensteiner,"Theodor Kery-Straße 17, 7332 Kobersdorf, Austria",Eisenstadt,,http://www.zmh-hausensteiner.at/,dsa-poc@group.one,ChIJiViY7JMobEcRXP5arkSQEKY,,,dsa-poc@group.one
Austria,Creativ Zaun Design GmbH,"Gewerbepark Str. 7, 4615 Holzhausen, Austria",Marchtrenk,,https://www.creativ-zaun-design.at/,office@creativ-zaun-design.at,ChIJw1rEtt2Sc0cRfIqg5Wu58lA,office@creativ-zaun-design.at,,office@creativ-zaun-design.at
Austria,Pongauer Jägerzaun Komenda GmbH,"Postweg 3, 2620 Neunkirchen, Austria",Neunkirchen,,https://www.komenda.cc/,office@komenda.cc,ChIJle7FF0TQbUcRyRZrDG68vX4,office@komenda.cc,,office@komenda.cc
Austria,Gittermattenzaun - Abhollager Oberösterreich,"Molkereistraße 3, 4690 Schwanenstadt, Austria",Vöcklabruck,,http://www.gittermattenzaun.at/,beratung@gittermattenzaun.at,ChIJhynPeSQJdEcRqSfD4AHyRA4,"vertrieb@gittermattenzaun.at, support@gittermattenzaun.at, beratung@gittermattenzaun.at, ",,"beratung@gittermattenzaun.at, support@gittermattenzaun.at, vertrieb@gittermattenzaun.at"
Hungary,"Pepe Fence - Mobilkerítés, Táblás kerítés","Vecsés, Hrsz 0220/10, 2220 Hungary",Budapest,,http://pepefence.hu/,info@pepefence.hu,ChIJ6fb5x93rQUcR377lenV3LyM,info@pepefence.hu,,info@pepefence.hu
Hungary,BudaKerítés | 3D táblás - Mobil kerítés,"Solymár, Valkó út 5, 2083 Hungary",Budapest,,https://www.bggroup.hu/hu/kerites,info@budakerites.hu,ChIJxySYVJN3akcRlsXrdW_68wo,info@budakerites.hu,,info@budakerites.hu
Hungary,Alfafence Magyarország Kft.,"Szigetszentmiklós, Mester u. 7, 2310 Hungary",Budapest,,https://www.alfafence.hu/,info@alfafence.hu,ChIJ5SpSbgPlQUcRKTRs1gUGCl4,info@alfafence.hu,,info@alfafence.hu
Hungary,Komplex Kerítés Kft.,"Budapest, Erdősáv u. 35, 1188 Hungary",Budapest,,https://www.komplexkerites.hu/,info@komplexkerites.hu,ChIJS5XER6fpQUcR4HPF7BKVU7A,,,info@komplexkerites.hu
Hungary,Kerítés-Speciál Kft.,"Nagytarcsa, Naplás út 5, 2142 Hungary",Budapest,,http://kerites-special.hu/,info@kerites-special.hu,ChIJldqPr7_FQUcRSB3idVgYwKk,"keritesspecial2@gmail.com, info@kerites-special.hu, keritesspecial@gmail.com",,"info@kerites-special.hu, keritesspecial2@gmail.com, keritesspecial@gmail.com"
Hungary,Kerítéscentrum Kft.,"Budapest, Rétifarkas u. 6, 1171 Hungary",Budapest,,http://keritescentrum.hu/munkavedelmi-keritesek/,info@keritescentrum.hu,ChIJM7M2fAzEQUcRxljOJ8L7g48,info@keritescentrum.hu,,info@keritescentrum.hu
Hungary,Kerítés24,"Budapest, Angyalföldi út 38, 1134 Hungary",Budapest,,http://www.kerites24.hu/,info@miazemailcim.hu,ChIJV6_BGUzbQUcRAcjKxh-JQcs,info@miazemailcim.hu,,info@miazemailcim.hu
Hungary,Mobilkerítés,"Budapest, 532. u., 1173 Hungary",Budapest,,https://mobilkerites.hu/ugyfelszolgalat,kormoczi.norbert@keritesrendszerek.hu,ChIJ5w584IzDQUcR7qWmBdCUNw4,"molnar.barna@keritesrendszerek.hu, kormoczi.norbert@keritesrendszerek.hu, nemeth.sandor@keritesrendszerek.hu, dudas.attila@keritesrendszerek.hu",,"dudas.attila@keritesrendszerek.hu, kormoczi.norbert@keritesrendszerek.hu, molnar.barna@keritesrendszerek.hu, nemeth.sandor@keritesrendszerek.hu"
Hungary,Mobilkerítés,"Budapest, Varsó u. 31, 1145 Hungary",Budapest,,https://mobilkerites.hu/aszf,info@keritesrendszerek.hu,ChIJxZiUgXrbQUcRtzhx8mZQB9E,"csom.szabolcs@keritesrendszerek.hu, szentpetery.hajnalka@keritesrendszerek.hu, info@keritesrendszerek.hu, hoffer.kata@keritesrendszerek.hu",,"csom.szabolcs@keritesrendszerek.hu, hoffer.kata@keritesrendszerek.hu, info@keritesrendszerek.hu, szentpetery.hajnalka@keritesrendszerek.hu"
Hungary,REWIAN KERÍTÉS,"Ecser, Ipar u. 2, 2233 Hungary",Budapest,,https://www.rewian.hu/,info@rewian.hu,ChIJU_ehMh7BQUcRScoh-MxWT3A,info@rewian.hu,,info@rewian.hu
Hungary,Kerítésland,"Pécel, Pesti út 3/A, 2119 Hungary",Budapest,,https://keritesland.hu/,info@keritesland.hu,ChIJafRKBz7HQUcR4d0_clvkLMU,,HTTP 503,info@keritesland.hu
Hungary,Kerítésmegoldások.hu,"Csép, Dózsa György u. 8-10, 2946 Hungary",Budapest,,https://keritesmegoldasok.hu/,info@keritesmegoldasok.hu,ChIJK8CfFs2za0cR1KOijAqnTh8,info@keritesmegoldasok.hu,,info@keritesmegoldasok.hu
Hungary,"Térkövezés, terasz és kerítés építés - Budapest, Dunakeszi, Fót, Göd, Vác, Veresegyház","Dunakeszi, Erzsébet utca 4 ,b, 2120 Hungary",Budapest,,https://terkogyar.hu/,info@terkogyar.hu,ChIJZeZXe5TQQUcRid8q59pvBoc,"gressesgress@gmail.com, info@terkogyar.hu",,"gressesgress@gmail.com, info@terkogyar.hu"
Hungary,ÁszKerítés,"Taksony, Fő út 84, 2335 Hungary",Budapest,,https://keritesasz.hu/,KERITES@KERITESASZ.HU,ChIJAQDktkbbQUcR_Skd3DYSDd0,,HTTP 503,KERITES@KERITESASZ.HU
Hungary,"Ker-x Pro Hungary Kft. Kerítés Építés, Forgalmazás","Győr, Déryné utca 45, 9011 Hungary",Budapest,,http://www.kerites.pro/,info@kerites.pro,ChIJdfhWkGu_a0cRGKP6x85_dSU,info@kerites.pro,,info@kerites.pro
Hungary,Betonpanel-betonkerítés,"Alsónémedi, GLS Európa u. 2, 2351 Hungary",Budapest,,http://www.betonpanel.hu/,info@betonpanel.hu,ChIJs_Fjv4brQUcRsck8EdQrM8g,info@betonpanel.hu,,info@betonpanel.hu
Hungary,Kerítésléc,"Budapest, Akadály u., 1183 Hungary",Budapest,,https://keriteslecshop.hu/adatkezelesi-tajekoztato,ugyfelszolgalat@naih.hu,ChIJE04mxjbCQUcR6uVOmiXVENo,"info@pannonxp.hu, info@keriteslecshop.hu, ugyfelszolgalat@naih.hu, janosradai@gmail.com, info@gls-hungary.com",,"info@gls-hungary.com, info@keriteslecshop.hu, info@pannonxp.hu, janosradai@gmail.com, ugyfelszolgalat@naih.hu"
Hungary,Bíró Kerítés,"Kótaj, Árpád u. 10, 4482 Hungary",Budapest,,https://birokerites.hu/,info@birokerites.hu,ChIJrRczuCSjOEcRVrNBsWKqxyw,info@birokerites.hu,,info@birokerites.hu
Hungary,DUNAMENTI REGIONÁLIS KERÍTÉSGYÁRTÓ,"Dunavecse, Bajcsy-Zsilinszky u. 47, 6087 Hungary",Budapest,,http://kerites.hupont.hu/11/kerites-epites,keritesnagyker@gmail.com,ChIJvxMDdtI9QkcR9bDEa-Ut2OA,keritesnagyker@gmail.com,,keritesnagyker@gmail.com
Hungary,Kerítésmánia,"Veszprém, Szövetkezet u. 4, 8411 Hungary",Budapest,,https://keritesmania.hu/,info@keritesmania.hu,ChIJ6zWlEqGbaUcRFh4prwV0rM8,,,info@keritesmania.hu
Hungary,Árvai Kerítés,"Mályi, Pesti u. 23, 3434 Hungary",Budapest,,https://www.arvai-kerites.hu/,info@arvai-kerites.hu,ChIJX4GjpdijQEcRbn6zhfEvHeo," info@arvai-kerites.hu, info@arvai-kerites.hu",,info@arvai-kerites.hu
Hungary,Plastic Fence Specialists,"Budapest, Baross u 104, 1082 Hungary",Budapest,,http://muanyagkerites.hu/,info@furjes.hu,ChIJoTpIB_TcQUcRJIlGPC-azF0,info@furjes.hu,,info@furjes.hu
Hungary,DIGNITAS Kerítés Kft.,"Fényeslitke, Hunyadi u. 13, 4621 Hungary",Budapest,,https://www.dignitas.hu/,info@dignitas.hu,ChIJf3AFEhPtOEcRyUUyShVsZ1Q,info@dignitas.hu,,info@dignitas.hu
Hungary,"Viva Kővilág 21 Kft - Térkövezés, Kerítés építés, Hőszigetelés","Szigethalom, Rákóczi u. 107, 2315 Hungary",Budapest,,https://vivakovilag.hu/,vivakovilag@gmail.com,ChIJM22mL_L7_ksRGvaBIC6nQWU,vivakovilag@gmail.com,,vivakovilag@gmail.com
Hungary,"Garanciális Kivitelezés (lakásfelújítás, Homlokzati hőszigetelés, házfelújítás, kerítés építés, felújítás)","Budapest, Erzsébet királyné útja 36.b, 1142 Hungary",Budapest,,https://www.homehouse.hu/,iroda@homehouse.hu,ChIJFcdwKXDbQUcRpe1MMBos3J0,iroda@homehouse.hu,,iroda@homehouse.hu
Hungary,WPC Nagyker - WPC teraszburkolatok és kerítések,"Budapest, Fehérvári út 78, 1117 Hungary",Budapest,,https://www.wpcnagyker.hu/,info@wpcnagyker.hu,ChIJP00BIADdQUcR5YPkpiW_S1U,info@wpcnagyker.hu,,info@wpcnagyker.hu
Hungary,Kerítésrendszer Debrecen,"Debrecen, Kishatár u. 18, 4031 Hungary",Debrecen,,https://www.keritesrendszer.hu/,keritesdebrecen@gmail.com,ChIJkQYfvqsLcEARzsONEAZLkPU,keritesdebrecen@gmail.com,,keritesdebrecen@gmail.com
Hungary,Kerítésker Kft.,"Győr Győr Koroncói út Hrsz, 01628/2, 9012 Hungary",Debrecen,,http://keritesker.hu/kapcsolat/,info@keritesker.hu,ChIJPSo8KnzAa0cRCrs2lo8ny_g,"info@keritesker.hu,  info@keritesker.hu",,info@keritesker.hu
Hungary,"Nívó Debrecen–Biztonsági ajtó, gondozásmentes kerítés és pergola értékesítés, tanácsadás","Debrecen, Balmazújvárosi út 12, 4031 Hungary",Debrecen,,http://www.nivo.hu/,debrecen@nivo.hu,ChIJ-6WoMm8RR0cRV7oK44eTc_I,,,debrecen@nivo.hu
Hungary,Kovácsoltvas kerítés,"Debrecen, Hét vezér u. 83, 4034 Hungary",Debrecen,,https://www.metalmarket.hu/?m=62,metalmarket.keritescentrum@gmail.com,ChIJz1Nz54EOR0cR2Vtwd3BbunY,"metalmarket.keritescentrum@gmail.com, info@metalmarket.hu",,"info@metalmarket.hu, metalmarket.keritescentrum@gmail.com"
Hungary,"Árk Bau - Generálkivitelezés, térkövezés, kerítésjavítás, betonozás, tereprendezés","Debrecen, Bethlen u. 52, 4026 Hungary",Debrecen,,https://www.arkbau.hu/,info@arkbau.hu,ChIJ8zf4GwUNR0cRKjTE62AbWw4,info@arkbau.hu,,info@arkbau.hu
Hungary,"Kovácsoltvas kerítés, korlát - KovacsoltvasDebrecen.hu","Hajdúsámson, Zöldfa u. 3/B, 4251 Hungary",Debrecen,,https://www.kovacsoltvasdebrecen.hu/,vargaimre6363@gmail.com,ChIJh_AeQy9zR0cRxyo3fZYHBQ0,vargaimre6363@gmail.com,,vargaimre6363@gmail.com
Hungary,Betongarden kerítès,"Derecske, Köztársaság út 20, 4130 Hungary",Debrecen,,http://www.beton.ucoz.hu/,betongarden1@gmail.com,ChIJr5oJoOEDR0cRMuQ8AHWVkyw,betongarden1@gmail.com,,betongarden1@gmail.com
Hungary,Kerítés1.hu,"Szeged, Szabadkai út 108, 6729 Hungary",Szeged,,http://www.kerites1.hu/,,ChIJZ1iZAVuHREcRV4lr4xqPjIk,"%20ajanlat@kerites1.hu, ajanlat@kerites1.hu",,"%20ajanlat@kerites1.hu, ajanlat@kerites1.hu"
Hungary,GyurMó Kerítés Mintabolt,"Szeged, Dorozsmai út 35, 6791 Hungary",Szeged,,http://gyurmokerites.hu/,info@gyurmokerites.hu,ChIJIayR2eSHREcRd5MND79XnZE,info@gyurmokerites.hu,,info@gyurmokerites.hu
Hungary,Drót-kerítés és Barkács Szaküzlet,"Miskolc, Csabavezér út 101, 3508 Hungary",Miskolc,,http://drot-kerites.hu/,info@domainem.hu,ChIJa3225DKgQEcR7IgeNdy7cB4,"iroda@drot-kerites.hu, keritesesbarkacs@gmail.com",,"info@domainem.hu, iroda@drot-kerites.hu, keritesesbarkacs@gmail.com"
Hungary,Silver Fence Elemes betonkerítés építés Miskolc,"Miskolc, Győri kapu 136, 3532 Hungary",Miskolc,,https://silverfence.hu/,mlinarcsiki@gmail.com,ChIJ9wG132efQEcRyQcdEf9KxUQ,,,mlinarcsiki@gmail.com
Hungary,Simer-95 Bt. - Drótkerítés gyártás,"Miskolc, Kalló u. 39, 3531 Hungary",Miskolc,,https://www.simerdrot.hu/,simon.gyorgy72@gmail.com,ChIJ5WgpHsSfQEcRI42sUvmBfZw,simon.gyorgy72@gmail.com,,simon.gyorgy72@gmail.com
Hungary,DE-FENCE-Trade Kft.,"Miskolc, Vágóhíd u. 4-6, 3527 Hungary",Miskolc,,http://www.de-fence.hu/,info@de-fence.hu,ChIJszmiKPmfQEcRVt0fAxO2tZQ,info@de-fence.hu,,info@de-fence.hu
Hungary,SM-Huzal Kft.- Drótkerítés gyártó és forgalmazó,"Kozármisleny, Pécsi u. 1/a, 7761 Hungary",Pécs,,https://www.keritesneked.hu/,info@keritesneked.hu,ChIJwUGrChy0QkcRwSETCC4eWYI,info@keritesneked.hu,,info@keritesneked.hu
Hungary,BaranyaiKerítés,"Győrzámoly, Nyírfa Liget 35, 9172 Hungary",Pécs,,https://keritesbaranyai.hu/,info@keritesbaranyai.hu,ChIJoROJ1uGVa0cRM4euk6PNsjA,info@keritesbaranyai.hu,,info@keritesbaranyai.hu
Hungary,Kerítés Neked,"Győr, Fehérvári út, 9000 Hungary",Győr,,https://keritesnekedgyor.hu/,lakatosgyor01@gmail.com,ChIJswzc4L2_a0cRq7MC5GBpAcY,lakatosgyor01@gmail.com,,lakatosgyor01@gmail.com
Hungary,Alu-Kerítés Győr,"Győr, Hűtőház u. 2, 9027 Hungary",Győr,,http://www.alu-kerites.hu/,info@alu-kerites.hu,ChIJPw4Wcsi_a0cRV5nxWjmdSdo,"alukeritesgyor@gmail.com, info@alu-kerites.hu",,"alukeritesgyor@gmail.com, info@alu-kerites.hu"
Hungary,lamellás kerítéselem györ,"Győr, Tőzike u., 9026 Hungary",Győr,,http://keritesgyor.hu/ajanlatkeres/,info@torland.hu,ChIJBT0kSdG_a0cRGxEwRnm0YbM,,HTTP 503,info@torland.hu
Hungary,Fence e.v P Wild tech Wild Braid Wire Mesh,"Nyíregyháza, Bogyó u. 2, 4400 Hungary",Nyíregyháza,,http://www.vadhalo.eu/,info@ptechkerites.com,ChIJ4wZtKYufOEcR5BMRqzjMLSs,info@ptechkerites.com,,info@ptechkerites.com
Hungary,ALUkerítések Kft.,"Nyíregyháza, Búvár u., 4400 Hungary",Nyíregyháza,,http://www.alukeritesek.hu/,info@alukeritesek.hu,ChIJ4VscJsGhOEcR1yeG1Swqa8I,info@alukeritesek.hu,,info@alukeritesek.hu
Hungary,Kerítéstrend - Guardi Magyarország Kft.,"Hajdúböszörmény, Baltazár Dezső utca 58, 4220 Hungary",Nyíregyháza,,http://www.keritestrend.hu/,info@keritestrend.hu,ChIJfdTd4VVrR0cROYsQK385lOs,info@keritestrend.hu,,info@keritestrend.hu
Hungary,Kerítésléc,"Kecskemét, Petőfi Sándor u., 6000 Hungary",Kecskemét,,https://keriteslecshop.hu/rolunk,info@keriteslecshop.hu,ChIJvWL_zxLaQ0cRotrW-WARSks,"janosradai@gmail.com, info@keriteslecshop.hu",,"info@keriteslecshop.hu, janosradai@gmail.com"
Hungary,Perfekt Kerítés Kft,"Székesfehérvár, Berényi út 72-100, 8000 Hungary",Székesfehérvár,,https://www.perfektkerites.hu/,2062d0a4929b45348643784b5cb39c36@sentry.wixpress.com,ChIJeZA3a5b3aUcRQkwfc9GTyRI,ajanlatkeres@perfektkerites.hu,,"2062d0a4929b45348643784b5cb39c36@sentry.wixpress.com, ajanlatkeres@perfektkerites.hu"
Hungary,"Nexxus Kft - Tetővilág Bevilágító, Kerítés, Trapézlemez, Szendvicspanel","Székesfehérvár, a vasúti átjáró előtt jobbra, Új Csóri út, 8000 Hungary",Székesfehérvár,,http://tetovilag.hu/,,ChIJ8-IOIUT3aUcR-CycLmBsiv4,"szfvar@nexxus.hu, iroda@nexxus.hu",,"iroda@nexxus.hu, szfvar@nexxus.hu"
Hungary,Kerítéslécek,"Székesfehérvár, Seregélyesi út 70/a, 8000 Hungary",Székesfehérvár,,https://keriteslecek.hu/partnerek/,ugyfelszolgalat@impralan.hu,ChIJOyXevI73aUcR6c78lgiSHaI,ugyfelszolgalat@impralan.hu,,ugyfelszolgalat@impralan.hu
Hungary,Fiber Laser Kft. Egyedi lézervágott kerítés - Lézervágás,"Veszprém, Házgyári út 1, 8200 Hungary",Székesfehérvár,,https://www.keritesuzem.hu/,,ChIJbQATpc6baUcRgZGvEG_meqc,info@fblaser.hu,,info@fblaser.hu
Hungary,NagyKerítés,"Szombathely, Rumi út 278, 9700 Hungary",Szombathely,,http://www.nagykerites.hu/,iroda.nagykerites@gmail.com,ChIJ64PF8M-Ja0cRsE46sG_gJQk,iroda.nagykerites@gmail.com,,iroda.nagykerites@gmail.com
Hungary,RU-TE Kerítéseket építünk.,"Szombathely, Stromfeld Aurél u. 53, 9700 Hungary",Szombathely,,http://www.ru-te.hu/,lodurfkft@lodurfkft.hu,ChIJc4fagI-5bkcRMUpzbmXaESw,lodurfkft@lodurfkft.hu,,lodurfkft@lodurfkft.hu
Hungary,"Murugan Kft, NagyKerítés","Szombathely, Rumi út 278, 9700 Hungary",Szombathely,,http://nagykerites.hu/,iroda.nagykerites@gmail.com,ChIJObcsQXi3bkcR7IeVV0MKxJg,iroda.nagykerites@gmail.com,,iroda.nagykerites@gmail.com
Hungary,"Cont-Eco Kerítéstechnika-vadhálók, villanypásztor, elektromos kerítésrendszerek, napelem","Szombathely, Csaba u. 10, 9700 Hungary",Szombathely,,http://www.cont-eco.hu/,info@cont-eco.hu,ChIJsY_wW9a5bkcRLVqr4ZksDak,info@cont-eco.hu,,info@cont-eco.hu
Hungary,Plate-Kerítés Kft.,"Szolnok, Újszászi út 15, 5000 Hungary",Szolnok,,http://www.plate-kerites.hu/,platekerites@gmail.com,ChIJacuINhtBQUcRh6JVwuVj3hQ,,,platekerites@gmail.com
Hungary,GATECH Kaputechnika,"Szolnok, Jávorfa u. 8, 5000 Hungary",Szolnok,,https://gatech.hu/,info@gatech.hu,ChIJOwFHOsFFQUcRcuXP_gWRf9M,info@gatech.hu,,info@gatech.hu
Hungary,"HURON Solutions Kft - Járórács, Kerítés és Polikarbonát rendszerek","Tatabánya, Búzavirág u. 8, 2800 Hungary",Tatabánya,,https://huronsolutions.hu/,info@huronsolutions.hu,ChIJdW6-e8hHakcR4_YzWRflWbg,info@huronsolutions.hu,,info@huronsolutions.hu
Hungary,"AlCuProduct Kft Alumínium cső, Alumínium lemez, Alumínium profil, Alumínium rúd, kerítés profil, Rozsdamentes acél termék","Tatabánya, Búzavirág u. 5, 2800 Hungary",Tatabánya,,http://alcuproduct.hu/,alcuproduct@gmail.com,ChIJgVfiRidBakcRbfICOFETboc,,SSL Error,alcuproduct@gmail.com
Hungary,FENCE MANUFACTURER,"Kaposvár, Pécsi u. 11, 7400 Hungary",Kaposvár,,http://kerites.hupont.hu/,keritesnagyker@gmail.com,ChIJr036Qh0WaEcRLeeRSNGLpRI,keritesnagyker@gmail.com,,keritesnagyker@gmail.com
Hungary,"Egrokorr Zrt. - Beltéri Falfesték, Parkettalakk, Kerítésfesték, Műanyag Festék, Sziloplaszt","Érd, Fehérvári út 63/a, 2030 Hungary",Érd,,http://www.egrokorr.hu/,egrokorr@egrokorr.hu,ChIJowZYS8_jQUcRCAa588Za3mU,egrokorr@egrokorr.hu,,egrokorr@egrokorr.hu
Hungary,Assemblock Bt. - Kerítésmester,"Budapest, Őszirózsa u. 10, 1238 Hungary",Érd,,https://www.keritesmester.com/,assemblockbt@gmail.com,ChIJW9NR31vpQUcRNi_0Pdxd-Cw,,SSL Error,assemblockbt@gmail.com
Hungary,"Erdei Máté E.V. Műköves munkák, kerítés fedlap,műkő lépcsők, ablakpárkányok, medence szegélykő,","Érd, Iparos u. 73-12 lakás, 2030 Hungary",Érd,,http://mukomunkakerd.wixsite.com/mukoves,605a7baede844d278b89dc95ae0a9123@sentry-next.wixpress.com,ChIJP4LsOtrhQUcRtCjmIY0F5t4,,SSL Error,605a7baede844d278b89dc95ae0a9123@sentry-next.wixpress.com
Hungary,Kerítés Veszprém,"Veszprém, Házgyári út 1, 8200 Hungary",Veszprém,,https://keritesveszprem.hu/,ajanlat@keritesveszprem.hu,ChIJE5gPiqybaUcRZVWSX8LwCt4,ajanlat@keritesveszprem.hu,,ajanlat@keritesveszprem.hu
Hungary,Kerítésmester Bemutatóterem Veszprém,"Veszprém, Szövetkezet u., 8411 Hungary",Veszprém,,http://keritesmester.hu/,info@keritesmania.hu,ChIJZRZvlA6baUcRqC99kLb4EJY,info@keritesmania.hu,,info@keritesmania.hu
Hungary,Mi kerítésünk - Alumínium kerítés,"Ajka, Kiskert utca 5, 8400 Hungary",Veszprém,,https://mikeritesunk.hu/,arajanlat@mikeritesunk.hu,ChIJ8UuQM29zaUcRH-t5sHKYbvI,arajanlat@mikeritesunk.hu,,arajanlat@mikeritesunk.hu
Hungary,Kerítéspark,"Kőröshegy, Árpád u. 175/1, 8617 Hungary",Veszprém,,https://koroshegyfem.hu/index.php/keritespark,,ChIJu9Aq58-5aUcRi2c23ftEITQ,keritespark@gmail.com,,keritespark@gmail.com
Hungary,KerítésFedlap,"Sarkad, Bartók Béla u. 4, 5720 Hungary",Békéscsaba,,https://www.keritesfedlap.com/,kapcsolat@keritesfedlap.com,ChIJj3_BWNt5RkcRlunBcCBI99U,kapcsolat@keritesfedlap.com,,kapcsolat@keritesfedlap.com
Hungary,Boma Kerítésrendszer Kft.,"Sopron, Somfalvi utca 2, 9400 Hungary",Sopron,,http://www.bomakerites.hu/,bomakerites@gmail.com,ChIJuXJsp6M7bEcRkXqaGYST4BE,bomakerites@gmail.com,,bomakerites@gmail.com
Hungary,"Kerítés építés, előtető és korlát gyártás - HVR Metal Kft.","Gyöngyöspata, Jókai Mór út 22/a, 3035 Hungary",Eger,,https://hvrmetal.hu/,info@hvrmetal.hu,ChIJk6fmZx9FQEcRmcrbpHkZsgY,info@hvrmetal.hu,,info@hvrmetal.hu
Hungary,Plasztik Kerítésrendszer-Szabó Gábor E.V,"Sirok, Petőfi út 59, 3332 Hungary",Eger,,https://plasztik-keritesrendszer.webnode.hu/,gabesz17807@gmail.com,ChIJYzltJX2KQEcRk6Yffor81Bc,gabesz17807@gmail.com,,gabesz17807@gmail.com
Hungary,Kerítéstipp.hu,"Szigethalom, Mű út 270, 2315 Hungary",Szigetszentmiklós,,http://keritestipp.hu/,keritestipp.magyarorszag@gmail.com,ChIJ7cGYfoPvQUcRMV6-8rxwjB4,keritestipp.magyarorszag@gmail.com,,keritestipp.magyarorszag@gmail.com
Hungary,"Marosi György, Multiferro Kft. - Kerítés, inox és üvegkorlát, drótfonatgyártás,","Budapest, Rézmű u. 1, 1211 Hungary",Szigetszentmiklós,,https://inoxkorlat.hu/,marosigy@hu.inter.net,ChIJ4-uEXPLnQUcRQgGW_Pthz9M,marosigy@hu.inter.net,,marosigy@hu.inter.net
Hungary,"Cserepeslemez Shop (Cserepeslemez, Trapézlemez, kerítésléc shop)","Jászberény, Jásztelki út 70, 5100 Hungary",Jászberény,,https://cserepeslemezshop.hu/,info@cserepeslemezshop.hu,ChIJbZwmZTsHQUcR1qBXBVD-YqI,,HTTP 503,info@cserepeslemezshop.hu
Hungary,"Lemezkereskedés (lemeznagyker.hu) - Trapézlemezek, Cserepeslemezek, kerítéslécek","Jászberény, Jásztelki út 70, 5100 Hungary",Jászberény,,https://lemeznagyker.hu/,info@lemeznagyker.hu,ChIJodkvUeAHQUcR7p3JyFbDAIs,,HTTP 503,info@lemeznagyker.hu
Hungary,"Passive Solar Kft - WPC Kerítés és Teraszburkolat, WPC Burkolat, Terasztető, Teraszfedés, Kerítés Építés","Mosonmagyaróvár, Nagy Lajos király út 15, 9200 Hungary",Mosonmagyaróvár,,https://wpc1.hu/,info@wpc-terasz-kerites.hu,ChIJr8w74LiHa0cR2-H2y4m5O1k,info@wpc-terasz-kerites.hu,,info@wpc-terasz-kerites.hu
Hungary,Óvár Kerítés Kft.,"Kimle, Szabadság u. 1, 9181 Hungary",Mosonmagyaróvár,,http://ovarkerites.hu/,info@ovarkerites.hu,ChIJdaDVPNOJa0cRiypi21SWjwg,info@ovarkerites.hu,,info@ovarkerites.hu
Hungary,Fence Center PRI-MO-RA Ltd.,"Törökszentmiklós, Dózsa György u. 13, 5200 Hungary",Törökszentmiklós,,https://www.primora.hu/,info@primora.hu,ChIJDfs5CgRBQUcR45ZyZ6GZrc0,,,info@primora.hu
Hungary,Bugovics Kerítés Kft,"Esztergályhorváti, Arany János u. 14, 8742 Hungary",Keszthely,,https://www.bugovicskerites.hu/,info@bugovicskerites.hu,ChIJDRjngXfnaEcRs_qzYnxMP3w,,,info@bugovicskerites.hu
Hungary,"Nívó Siófok–Biztonsági ajtó, gondozásmentes kerítés és pergola értékesítés, tanácsadás","Siófok, Wesselényi u. 94, 8600 Hungary",Siófok,,https://nivo.hu/,debrecen@nivo.hu,ChIJrRfCd5HBaUcRTUC3-tP_bkQ,,,debrecen@nivo.hu
Hungary,"L-GATE Kaputechnika - Garázskapuk, kapunyitó motorok","Dorog, Esztergomi út 125, 2500 Hungary",Esztergom,,http://www.premiumkaputechnika.hu/,lgatekaputechnika@gmail.com,ChIJVfQn-_ZhakcRFthzPhuCj7o,lgatekaputechnika@gmail.com,,lgatekaputechnika@gmail.com
Hungary,WPC DECK Budaörs patio enclosure - fence - wall paneling,"Budaörs, Gyár u. 2, 2040 Hungary",Budaörs,,https://www.wpcdeck.hu/,budaors@wpcdeck.hu,ChIJW04Du4HgQUcR_iHWnoJqFnM,"budaors@wpcdeck.hu, bekescsaba@wpcdeck.hu",,"bekescsaba@wpcdeck.hu, budaors@wpcdeck.hu"
Hungary,"LemezPartner | Cserepeslemez, trapézlemez, kerítéslemez, szendvicspanel, ereszcsatorna","Budaörs, Sport u. 6, 2040 Hungary",Budaörs,,https://www.lemezpartner.hu/,,ChIJ98aA4xLhQUcR6Dhg9OugwFo,info@lemezpartner.hu,,info@lemezpartner.hu
Hungary,Motors For Gates Kft.,"Budaörs, Gyár u. 2, 2040 Hungary",Budaörs,,http://www.motorsforgates.hu/,ertekesites@m4g.hu,ChIJI9zxhWDgQUcRbaiT5Rk8Rqs,"ertekesites@m4g.hu, penzugy@m4g.hu, iroda@m4g.hu, marketing@m4g.hu, uzlet@m4g.hu",,"ertekesites@m4g.hu, iroda@m4g.hu, marketing@m4g.hu, penzugy@m4g.hu, uzlet@m4g.hu"
Hungary,"Donogate Kft. Garázskapu szerviz, Lakossági-Ipari garázskapu, kerítés építés, motorizálás, beltéri-kültéri ajtók telepítése","Vecsés, Táncsics Mihály u. 74, 2220 Hungary",Vecsés,,https://donokapuszerviz.hu/,,ChIJszNeDE3BQUcRfh-OBu4ClLI,donokft@gmail.com,,donokft@gmail.com
Hungary,Reti Hungary Kft. - Csavar- és kerítésbolt,"Kiskőrös, Petőfi Sándor út 101, 6200 Hungary",Kiskőrös,,https://retihungary.hu/,reti@retihungary.hu,ChIJ345vXkuzQ0cRAcAofoIJmGo,reti@retihungary.hu,,reti@retihungary.hu
Moldova,Garduri MD,"Strada Uzinelor 17, MD-2023, Chișinău, Moldova",Chișinău,,https://garduri.md/,,ChIJ8eO9-Qt8yUART4H4yXeFvGY,GMDfences@gmail.com,,GMDfences@gmail.com
Moldova,"DENAME construct Producator de garduri, porti, mobilier, consrtuctii metalice!","Chisinau sec.Ciocana str. Uzinelor 161 Causeni, strada.Livezilor 44, Chișinău, Moldova",Chișinău,,http://www.dename.md/,garduri.fundatii@gmail.com,ChIJi-rCUft9yUAR7QfWqCaUiLE,garduri.fundatii@gmail.com,,garduri.fundatii@gmail.com
Moldova,IMPERLUX: Acoperișuri și Garduri jaluzele,"Strada Uzinelor 12, Chișinău, Moldova",Chișinău,,http://www.imperlux.md/,,ChIJeRLdCfd7yUARRCruEysEGME,info@imperlux.md,,info@imperlux.md
Moldova,GARDLINE,"ул. Каля Орхеюлуй 125/1, MD-2020, Chișinău, Moldova",Chișinău,,https://www.gardline.md/,office@rultehcom.com,ChIJFxI2-xp9yUARjHz92XN8jTU,"office@rultehcom.com, office@gardline.md",,"office@gardline.md, office@rultehcom.com"
Moldova,Garduri.md,"Strada Alexei Mateevici 59A, Stăuceni, Moldova",Chișinău,,http://www.garduri.md/,GMDfences@gmail.com,ChIJ69U2IeFjyUAR-_M4GTk-cHw,,SSL Error,GMDfences@gmail.com
Moldova,"Garduri,Porți,Acoperiș","Str. Mihail Sadoveanu, Orhei, Moldova",Chișinău,,https://gardurikeops.md/,info@keops.md,ChIJ5RQFStnvy0ARtRLLNiT7vXY,info@keops.md,,info@keops.md
Moldova,Garduri MD,"Strada Aerodromului 3B, MD-3102, Bălți, Moldova",Chișinău,,https://garduri.md/,,ChIJ-TiTpV9hy0ARE1f4WMiWKNk,GMDfences@gmail.com,,GMDfences@gmail.com
Moldova,IMPERLUX: Acoperișuri și Garduri jaluzele,"Strada Dumitru Dragomir 4A, Bălți, Moldova",Chișinău,,http://www.imperlux.md/,info@imperlux.md,ChIJBQVpb9xhy0AR_Pa_JeffClI,info@imperlux.md,,info@imperlux.md
Moldova,"Premium Acoperis - Țiglă metalică clasică și dublu modulară, Tablă cutată, Șindrilă bituminoasă, Gard din jaluzele metalice","Strada Uzinelor 60, MD-2023, Chișinău, Moldova",Chișinău,,https://premiumacoperis.md/,premiumacoperis@gmail.com,ChIJqa-i9J17yUAR2nsnjAqLXcA,premiumacoperis@gmail.com,,premiumacoperis@gmail.com
Moldova,GARDECOR,"Grenoble St 149 B, MD-2043, Chișinău, Moldova",Chișinău,,https://www.gardecor.md/,office@gardecor.md,ChIJt4M7Q7h-yUARqG5mwZ6pYLs,office@gardecor.md,,office@gardecor.md
Moldova,Garduri MD Uzina - GMD Gates & Fences,"Vadul Bicului St 26, MD-2002, Chișinău, Moldova",Chișinău,,https://garduri.md/,,ChIJFdSZMqd5yUARFqztOiDI-tY,GMDfences@gmail.com,,GMDfences@gmail.com
Moldova,LIDER - Acoperișuri și garduri,"Petricani St 31, MD-2059, Chișinău, Moldova",Chișinău,,http://lider.md/krovli/ro/,,ChIJoTG56it9yUARZenQ0IcSgA4,info@lider.md,,info@lider.md
Moldova,Garduri MD,"Strada Alexandru cel Bun 31, MD-3606, Ungheni, Moldova",Ungheni,,https://garduri.md/,,ChIJf-QUasgBy0ARuwPrxAozUAs,GMDfences@gmail.com,,GMDfences@gmail.com
Moldova,Garduri MD,"strada 31 August 36, MD-3506, Orhei, Moldova",Orhei,,https://garduri.md/,,ChIJ78AzIUvvy0ARNji92TfYLTE,GMDfences@gmail.com,,GMDfences@gmail.com
Moldova,Garduri MD,"Bulevardul Mihai Eminescu 53, MD-4301, Căușeni, Moldova",Strășeni,,https://garduri.md/,,ChIJ7ctFvxGtyUAR6maJwLQL_ME,GMDfences@gmail.com,,GMDfences@gmail.com
Moldova,Garduri MD,"Strada Independenței 190, MD-4601, Edineţ, Moldova",Dubăsari,,https://garduri.md/,GMDfences@gmail.com,ChIJv1SGFKxbM0cRbf6YDu3_sIc,GMDfences@gmail.com,,GMDfences@gmail.com
Moldova,FABRICA DE GARDURI,"Șoseaua Alexandriei 335, Bragadiru 077025, Romania",Cantemir,,http://fabricadegarduri.ro/,admin@themedraft.net,ChIJs06AZTX-rUARqD6mQGc1uFM,"fabricadegarduri@yahoo.ro, admin@themedraft.net",,"admin@themedraft.net, fabricadegarduri@yahoo.ro"
Croatia,Betafence Croatia Ltd.,"Zagrebačka ul. 8, 10431, Novaki, Croatia",Zagreb,,http://www.betafence.hr/,info@betafence.hr,ChIJE0RSuwvRZUcRSRz9bx98nTE,info@betafence.hr,,info@betafence.hr
Croatia,PLETIVO Ltd.,"Samoborska cesta 308, 10000, Zagreb, Croatia",Zagreb,,http://www.pletivo.hr/,info@pletivo.hr,ChIJ_3wO2b3RZUcRjrBYjKnApFU,info@pletivo.hr,,info@pletivo.hr
Croatia,Kelava d.o.o. PC SPLIT Centar za ograde BETAFENCE,"Put Svetog Lovre, 21311, Stobreč, Croatia",Split,,http://www.kelava.com.hr/,info@kelava.com.hr,ChIJrXCaZ_FfNRMR-Rq9Yg4-ou4,info@kelava.com.hr,,info@kelava.com.hr
Croatia,NY Gardens,"Cesta dalmatinskih brigada 17, 51211, Matulji, Croatia",Rijeka,,https://nygardens.hr/,info@nygardens.hr,ChIJOSCTCNSpZEcRA2ylRuPRT8g,info@nygardens.hr,,info@nygardens.hr
Croatia,Eurogarden,"Samostalne satnije Briševo 169, 23000, Zadar, Croatia",Zadar,,http://www.eurogarden.hr/,info@kalelarga.net,ChIJG2s7G5zxYUcR_FS4Rhch62M,info@eurogarden.hr,,"info@eurogarden.hr, info@kalelarga.net"
Croatia,Perfence j.d.o.o.,"Gornje Plavnice 1I, 43000, Bjelovar, Croatia",Bjelovar,,http://www.perfence.hr/,info.perfence@gmail.com,ChIJXQ5Liq43ZkcRFJDaZ8Md4Gs,info.perfence@gmail.com,,info.perfence@gmail.com
Croatia,"Future Fence ""Poslovnica Velika Gorica""","Pokupska ul. 32, 10410, Velika Gorica, Croatia",Velika Gorica,,https://futurefencehr.com/,fencefuturezg@gmail.com,ChIJcc9ugBCBZkcRtgz_lZPHOaA,,,fencefuturezg@gmail.com
Croatia,Adriafence d.o.o.,"Zagrebačka ul. 8, 10431, Novaki, Croatia",Sveta Nedelja,,https://www.adriafence.hr/,info@adriafence.hr,ChIJBwg0HI_PZUcRPuQD_hrbfcg,,SSL Error,info@adriafence.hr
Romania,GarduriMD SRL,"Şoseaua Olteniţei 181, București 759331, Romania",Bucharest,,http://www.gardurimd.ro/,garduriMD@gmail.com,ChIJy8Z6v2X_sUARrvgH6bi7hlA,garduriMD@gmail.com,,garduriMD@gmail.com
Romania,gardultau.com,"Centura București 45, Glina 077105, Romania",Bucharest,,https://gardultau.com/,info@website.com,ChIJH_N4vuf9sUARSN016nH1TV4,"office@gardultau.com, info@website.com",,"info@website.com, office@gardultau.com"
Romania,Garduri Mobile,"Strada Libertăţii nr. 115, Târgu Mureș 547525, Romania",Bucharest,,http://www.sistemedegarduri.ro/,office@toaleteecologicesrl.ro,ChIJSxtsY9y3S0cRx83L8XDiPao,"mures@toaleteecologicesrl.ro, office@toaleteecologicesrl.ro, contact@toaleteecologicesrl.ro, bucuresti@toaleteecologicesrl.ro, marketing@toaleteecologicesrl.ro",,"bucuresti@toaleteecologicesrl.ro, contact@toaleteecologicesrl.ro, marketing@toaleteecologicesrl.ro, mures@toaleteecologicesrl.ro, office@toaleteecologicesrl.ro"
Romania,Garduri Mobile,"Strada Codrului 2, Arad, Romania",Bucharest,,http://gardurimobile.ro/,office@toaleteecologicesrl.ro,ChIJKffZYAqYRUcRmu2X76nSk84,"mures@toaleteecologicesrl.ro, office@toaleteecologicesrl.ro, contact@toaleteecologicesrl.ro, bucuresti@toaleteecologicesrl.ro, marketing@toaleteecologicesrl.ro",,"bucuresti@toaleteecologicesrl.ro, contact@toaleteecologicesrl.ro, marketing@toaleteecologicesrl.ro, mures@toaleteecologicesrl.ro, office@toaleteecologicesrl.ro"
Romania,Garduri Placi Beton,"Str. Codrului, Ștefăneștii de Sus 077010, Romania",Bucharest,,http://www.gpf.ro/,comenzi@gpf.ro,ChIJ_ffMF-L3sUARqkb7uNADHJ0,,SSL Error,comenzi@gpf.ro
Romania,Gard Jaluzea - Panouri Gard Tip Jaluzea,"Bulevardul Biruinței 92F, Pantelimon 077145, Romania",Bucharest,,https://www.jaluzele-gard.ro/,contact@jaluzele-gard.ro,ChIJzcbfqXb7sUARRtMIxOX9zBQ,contact@jaluzele-gard.ro,,contact@jaluzele-gard.ro
Romania,Garduri Beton Armopav Fundeni,"Șoseaua Fundeni 96, București 022325, Romania",Bucharest,,http://www.armopav.ro/,office@armopav.ro,ChIJFzjKU-35sUARfb7Ilde7l6s,,SSL Error,office@armopav.ro
Romania,Porti si garduri din aluminiu - E-garduri.ro,"E-Garduri.ro, Bulevardul Poitiers 14, Iași 700671, Romania",Bucharest,,https://e-garduri.ro/,comenzi@e-garduri.ro,ChIJK_fkuLb7ykARqmE5qBjRIVQ,"comenzi@e-garduri.ro, contact@e-garduri.ro",,"comenzi@e-garduri.ro, contact@e-garduri.ro"
Romania,GarduriMD,"Bulevardul Aurel Vlaicu 220, Constanța 900498, Romania",Bucharest,,https://gardurimd.ro/,,ChIJ9f2jl_PvukARG5FvSOxbUWU,garduriMD@gmail.com,,garduriMD@gmail.com
Romania,Gard Beton,"Strada Ghioceilor 140, Zurbaua, Romania",Bucharest,,http://gardbeton.ro/contact/,gardbeton.ro@gmail.com,ChIJ0dmpwXoGskARnmvieuMv8Sk,"gardbeton.ro@gmail.com, gardbeton.ro@gmail.ro",,"gardbeton.ro@gmail.com, gardbeton.ro@gmail.ro"
Romania,FABRICA DE GARDURI,"Șoseaua Alexandriei 335, Bragadiru 077025, Romania",Bucharest,,http://fabricadegarduri.ro/,admin@themedraft.net,ChIJs06AZTX-rUARqD6mQGc1uFM,"fabricadegarduri@yahoo.ro, admin@themedraft.net",,"admin@themedraft.net, fabricadegarduri@yahoo.ro"
Romania,PanouriGard.ro,"Strada Oașului 293, Cluj-Napoca 400645, Romania",Cluj-Napoca,,https://www.panourigard.ro/contact/,zaunsrl@gmail.com,ChIJE_kGR0UJSUcRg6_qcNjnff8,zaunsrl@gmail.com,,zaunsrl@gmail.com
Romania,"MIHU Acoperișuri, Garduri, Garaje metalice","Strada Plevnei 117, Cluj-Napoca 400394, Romania",Cluj-Napoca,,https://www.acoperisuri-mihu.ro/,info@acoperisuri-mihu.ro,ChIJP_BrxTENSUcRHCSI-gFs7b4,,,info@acoperisuri-mihu.ro
Romania,GARD BETON TIMIS | MATEU MARIUS,"STRADA GARII 58, Jebel 307235, Romania",Timișoara,,http://www.gardbetontimis.ro/,contact@gardbetontimis.ro,ChIJryzAVNZdRUcRH6RfND2IM5E,contact@gardbetontimis.ro,,contact@gardbetontimis.ro
Romania,Gard Electric,"Strada Memorandului 96, Timișoara 300592, Romania",Timișoara,,https://www.gard-electric.ro/page/contact,,ChIJq5seV5BdRUcRAhC6YIjhZdg,office@bentleyromania.ro,,office@bentleyromania.ro
Romania,IMPERLUX (România): Garduri jaluzele și Acoperișuri,"Șos. Nicolina 189, Iași 707317, Romania",Iași,,http://gardurijaluzele.ro/,contact@imperluxromania.ro,ChIJLbMdlzj7ykARc6qXRlwhtuE,contact@imperluxromania.ro,,contact@imperluxromania.ro
Romania,Fence Construct,"DJ248B, Lețcani 707280, Romania",Iași,,http://www.fence-construct.ro/,office@fence-construct.ro,ChIJP1WJzCLkykAR_7sZDNh1leg,office@fence-construct.ro,,office@fence-construct.ro
Romania,Garduri Prefabricate Constanta,"Str. Tractorului 2, Cumpăna 900007, Romania",Constanța,,http://garduri-constanta.ro/contact,manybet@yahoo.com,ChIJR_M77rvlukAR6cj5RY4lvnc,"manybet@yahoo.com, contact@garduri-constanta.ro, %63%6f%6e%74%61%63%74@%67%61%72%64%75%72%69-%63%6f%6e%73%74%61%6e%74%61.%72%6f",,"%63%6f%6e%74%61%63%74@%67%61%72%64%75%72%69-%63%6f%6e%73%74%61%6e%74%61.%72%6f, contact@garduri-constanta.ro, manybet@yahoo.com"
Romania,"King Pavaj - pavele, dale, borduri, garduri, stâlpi","DN 38 nr. LOT2, Techirghiol 906100, Romania",Constanța,,http://www.kingpavaj.ro/,king_pavaj@yahoo.com,ChIJsamLpEfnukARbhunGuys5QY,"king_pavaj@yahoo.com, big.bigger@mail.com, big.bigger@gmail.com",,"big.bigger@gmail.com, big.bigger@mail.com, king_pavaj@yahoo.com"
Romania,clemecolieregard.ro,"Șoseaua Mangaliei 80A, Constanța 900007, Romania",Constanța,,http://clemecolieregard.ro/,contact@clemecolieregard.ro,ChIJr-JBb6zlukARcJGbGIv3tyk,contact@clemecolieregard.ro,,contact@clemecolieregard.ro
Romania,RAY Prefabricate - Garduri Beton Armat,"Tarlaua 74, Parcela 12,13/1, Craiova 200531, Romania",Craiova,,https://www.rayprefabricate.ro/,office@rayprefabricate.ro,ChIJ4S57w6bXUkcRrfSBnb9rrFE,office@rayprefabricate.ro,,office@rayprefabricate.ro
Romania,AlumGates,"Șoseaua Popoveni 43A, Craiova 200633, Romania",Craiova,,https://alumgates.ro/,office@alumgates.ro,ChIJR7yRbUrUUkcROBTyDZ-8Mu8,,SSL Error,office@alumgates.ro
Romania,Gard 2 fețe,"Drumul Industriilor 111, Craiova 200865, Romania",Craiova,,https://www.gard2fete.ro/,valla_2@yahoo.com,ChIJB9s6L97ZUkcRjUf5cYIK8fU,,,valla_2@yahoo.com
Romania,Oltenia Garden,"Calea București km 9, Craiova 207450, Romania",Craiova,,http://olteniagarden.ro/,office@olteniagarden.ro,ChIJdYv353vXUkcRAbUWU-BrWd0,office@olteniagarden.ro,,office@olteniagarden.ro
Romania,GARDMAN.RO,"Strada Ecaterina Teodoroiu 38, Brașov 500450, Romania",Brașov,,http://gardman.ro/,info@gardman.ro,ChIJb_9p8s1bs0AR4MAu25kj_Zs,,HTTP 503,info@gardman.ro
Romania,Garduri Electrice Animale - Eurofence,"Calea Feldioarei 60 A, Brașov 500171, Romania",Brașov,,http://www.eurofence.ro/,office@eurofence.ro,ChIJ9YvrfyNbs0ARbDBh8ic3Iss,,SSL Error,office@eurofence.ro
Romania,S.C. Producător de Garduri Brașov S.R.L.,"Nr.1, Strada Ion Costache Frimu, Lunca Câlnicului 507170, Romania",Brașov,,http://gard.hupont.hu/,keritesnagyker@gmail.com,ChIJf5gapV6gtEARLZzKXVLspE0,keritesnagyker@gmail.com,,keritesnagyker@gmail.com
Romania,GardenLogistic - Tehnică mecanizată săpături șanțuri,"DN13 154, Brașov 507015, Romania",Brașov,,https://gardenlogistic.ro/,office@curti-gradini.ro,ChIJ6Q2Yi-tZs0AR3oSfCzK4a28,office@curti-gradini.ro,,office@curti-gradini.ro
Romania,"Poarta Metal - Porti si Garduri Personalizate, Confectii Metalice","Strada Paris 14, Prejmer 507165, Romania",Brașov,,https://poarta-metal.ro/,john@domeniu.ro,ChIJGUxDdpBfs0ARdCwUNEMfsZ8,,,john@domeniu.ro
Romania,DAVOS EUROPE porti si garduri din aluminiu,"Calea Prutului 9, Galați 800205, Romania",Galați,,https://davos-europe.com/,info@davos-europe.com,ChIJxwRFQy9ftkAROwuCizkKOos,,,info@davos-europe.com
Romania,Garduri beton Concrete Fence SRL,"DN1B, Albești-Paleologu 107010, Romania",Ploiești,,https://www.concrete-fence.ro/,contact@concrete-fence.ro,ChIJGw2e0ajTs0AR06Zs-8saq7Y,contact@concrete-fence.ro,,contact@concrete-fence.ro
Romania,Garduri Beton FORTLINE,"GHIOCEILOR , NR.473A, Lipănești 107340, Romania",Ploiești,,https://garduribeton.ro/,,ChIJIX01Yqazs0AR9JqSdDIMj7g,contact@garduribeton.ro,,contact@garduribeton.ro
Romania,Alugard,"Strada Principală 407A, Sîntandrei 417515, Romania",Oradea,,http://www.alugard.ro/,office@alugard.ro,ChIJLVEbAQlGRkcRcqQ6GOVVlrY,,,office@alugard.ro
Romania,Alugard Concept,"Calea Borșului 47, Oradea 410605, Romania",Oradea,,http://alugard.ro/,office@alugard.ro,ChIJy7UWcDBPRkcRKCeHTuWhy2U,,,office@alugard.ro
Romania,"STAR STONE - Producător dale pavaj, bolțari finisați, piatră decorativă, borduri piscină și accesorii de gard","DN79, km 104, Nojorid - Oradea, Oradea 417234, Romania",Oradea,,http://starstone.ro/,contact@starstone.ro,ChIJEyTNTDk4RkcRTIYC1nDmdu0,contact@starstone.ro,,contact@starstone.ro
Romania,PLASA GARD BRAILA,"Șoseaua Baldovinești 36, Brăila 810440, Romania",Brăila,,https://primetal.ro/plasa-gard/,office@primetal.ro,ChIJczHNYv8rt0ARSAPMocvLnh0,,HTTP 503,office@primetal.ro
Romania,Plotter Design,"Str. Vădeni 6, Brăila 810512, Romania",Brăila,,http://www.plotter-design.ro/,comenzi@plotter-design.ro,ChIJsUqr_f4pt0ARR08uknwDsY4,comenzi@plotter-design.ro,,comenzi@plotter-design.ro
Romania,Ana Gardens,"Str. Carpați 2, Brăila 810103, Romania",Brăila,,https://anagardens.ro/,office.anagardens@gmail.com,ChIJO_6jPpMpt0AR9EkDlqO4KU4,office.anagardens@gmail.com,,office.anagardens@gmail.com
Romania,Garduri Beton Arad,"Strada Eftimie Murgu nr 78A, Arad 310049, Romania",Arad,,https://garduribetonarad.ro/,contact@garduribetonarad.ro,ChIJyf4j3xCZRUcRK1_Y_vQHUaQ,contact@garduribetonarad.ro,,contact@garduribetonarad.ro
Romania,Plasa de Gard,"Strada Vrabiei, Arad, Romania",Arad,,http://www.wiremesh.ro/,garduri.ro@gmail.com,ChIJA6gI5FyYRUcRPKhqj02gYQQ,garduri.ro@gmail.com,,garduri.ro@gmail.com
Romania,Porti Garduri Vopsitorie in Camp Electrostatic Mures,"Str. Principală 227, Nazna 547526, Romania",Târgu Mureș,,http://portigarduri.ro/,silviu_0701@yahoo.com,ChIJTel3Bb_JS0cRRG4HFuAylmM,silviu_0701@yahoo.com,,silviu_0701@yahoo.com
Romania,Gard Electric,"Strada Horticolei 15, Buzău, Romania",Buzău,,https://www.gard-electric.ro/page/contact,office@bentleyromania.ro,ChIJY1XL4C1esUARoTOigZSXcdk,office@bentleyromania.ro,,office@bentleyromania.ro
Romania,dinTabla.ro - Decoratiuni si Garduri,"Bulevardul Industriei 5, Buzău 120945, Romania",Buzău,,https://dintabla.ro/,productie@dintabla.ro,ChIJR9CFrGJhsUAR7sqbjMl7L5g,productie@dintabla.ro,,productie@dintabla.ro
Romania,Garduri si Garaje Metalice | Ludwik,"Strada Apeductului 5, Suceava 720019, Romania",Botoșani,,https://garduriludwik.ro/,acoperisurimetalicesv@gmail.com,ChIJjZc9rWH9NEcRyvaxQZUH-bo," acoperisurimetalicesv@gmail.com, acoperisurimetalicesv@gmail.com",,acoperisurimetalicesv@gmail.com
Romania,Floraria Avantgarde,"Strada Traian 12, Drobeta-Turnu Severin 220100, Romania",Drobeta-Turnu Severin,,https://floraria.avantgarde.ro/,nume@exemplu.com,ChIJYfgJS84xUkcRQo2ZIygsQuQ,floraria@avantgarde.ro,,"floraria@avantgarde.ro, nume@exemplu.com"
Romania,Avantgarde Maison,"Strada Traian 10 BIS, Drobeta-Turnu Severin 220100, Romania",Drobeta-Turnu Severin,,https://avantgarde.ro/,office@avantgarde.ro,ChIJeShGH9wxUkcRUvFkr9ZZakg,", office@avantgarde.ro",,office@avantgarde.ro
Romania,Garduri Premium - Master Vision Neamt,"Strada Bistriței 259, Săvinești 617410, Romania",Piatra Neamț,,http://garduripremium.ro/,contact@garduripremium.ro,ChIJpQv9PQBVtUARH3Yck53lS5U,contact@garduripremium.ro,,contact@garduripremium.ro
Romania,GARD FORJAT,"Strada Războieni NR 1, Focșani 620009, Romania",Focșani,,http://www.gardforjat.ro/,contact@gardforjat.ro,ChIJq6qqqqYYtEARPWqqVe9wTEE,,Timeout,contact@gardforjat.ro
Romania,MGR GARDFORJAT,"Strada Profesor Gheorghe Longinescu, Focșani 620107, Romania",Focșani,,https://mgr-gardforjat.ro/,contact@mgr-gardforjat.ro,ChIJzYFYf68ZtEARKXqP02C6FNo,", contact@mgr-gardforjat.ro, Galati, Romania, 0758 345 756, contact@gardforjat.ro",,"contact@gardforjat.ro, contact@mgr-gardforjat.ro"
Romania,Edline - garduri beton prefabricat,"Calea Câmpulung 128, Târgoviște 130098, Romania",Târgoviște,,https://edline.ro/,office@edline.ro,ChIJqznNvan1skAR-4uWjcjV4Xw,office@edline.ro,,office@edline.ro
Romania,Avangarde Cons S.R.L.,"Bd. Revoluția din Decembrie 26A, Reșița 320092, Romania",Reșița,,https://www.listafirme.ro/avangarde-cons-srl-8927860/,anca.tudor@listafirme.ro,ChIJp-X9FxsqUEcRXCmiUOqoXro,,,anca.tudor@listafirme.ro
Romania,Garduri prefabricate din Beton - Malciu Enterprise srl,"DN31 485 b, Ciocănești 917035, Romania",Călărași,,http://bropavaj.ro/,malciuenterprises@yahoo.com,ChIJVX99DKopsEARoFbZOqeHIqE,"contact@ekko-theme.com, malciuenterprises@yahoo.com",,"contact@ekko-theme.com, malciuenterprises@yahoo.com"
Romania,Inchiriere toalete ecologice | Garduri mobile | DAMIPROD,"Strada Octavian Goga 59, Teiuș 515900, Romania",Mediaș,,http://www.damiprod.ro/,gina.danila@damiprod.ro,ChIJVZif6sCqTkcRakifozM5-qM,,HTTP 503,gina.danila@damiprod.ro
Romania,Green Tehnic Garden,"Bloc 5, Bulevardul Iuliu Maniu 5, Deva 330058, Romania",Deva,,https://www.greentehnic.ro/,contact@greentehnic.ro,ChIJ2RiAqcfzTkcRb8Y0nquHa0c,,,contact@greentehnic.ro
Romania,Gard Viu Minune,"Strada Salcâmilor, Sfântu Gheorghe, Romania",Sfântu Gheorghe,,https://www.gardviu.ro/,officegardviu@homa88.ro,ChIJq59GmOiktEAReaZfqG0pajo,officegardviu@homa88.ro,,officegardviu@homa88.ro
Romania,Stil Garden S.R.L.,"Bulevardul Voluntari 85, Voluntari 077190, Romania",Voluntari,,http://www.stil-garden.ro/,office@stil-garden.ro,ChIJaQrMxEz4sUARGqAe5QS4uTE,,,office@stil-garden.ro
Romania,Depozit de Agregate,"Strada Medgidiei, Cuza Vodă 907041, Romania",Medgidia,,https://depozit-agregate.ro/,,ChIJc1IX1M-RukARFjBffvd_gNk,contact@depozit-agregate.ro,,contact@depozit-agregate.ro
Romania,Gardenia Decor S.R.L.,"Strada Câmpului 50/A, Odorheiu Secuiesc 535600, Romania",Odorheiu Secuiesc,,http://gardeniadecor.ro/,comenzi@gardeniadecor.ro,ChIJx-9XKZgXS0cRB4p6oCLBVFA,,SSL Error,comenzi@gardeniadecor.ro
Romania,RETIC GARDURI SRL,"Sat Gheghie Nr. 59A, 417551, Romania",Marghita,,http://www.igard.ro/,garduri@retic.ro,ChIJu88gp6vVR0cRXR-FZTbkgJ4,,SSL Error,garduri@retic.ro
Romania,Showroom Green Garden Bucovina,"DN2H 81, Rădăuți 725400, Romania",Rădăuți,,https://greengardenbucovina.ro/,office@greengardenbucovina.ro,ChIJuYUt6C5PNEcRAqqHqLiBrDA,office@greengardenbucovina.ro,,office@greengardenbucovina.ro
Romania,KROVTEH - Garduri Moderne,"DN65 391 Județul Argeș Muntenia, Albota 117030, Romania",Curtea de Argeș,,https://krovteh.ro/,office@krovteh.ro,ChIJH3I27y-jskARJ4OZFUOs_m4,,HTTP 503,office@krovteh.ro
Bulgaria,"FENCING SYSTEMS manufacturer, wholesale prices","Индустриална зона, ул. „Места“ 3, 2850 Petrich, Bulgaria",Sofia,,https://www.fences.bg/,sofia@fences.bg,ChIJ593GeHMoqhQRRXIQbGT_3fc,"office@fences.bg, sofia@fences.bg",,"office@fences.bg, sofia@fences.bg"
Bulgaria,New Fences модулни оградни системи,"5-ти километър, 8008 Burgas, Bulgaria",Burgas,,http://www.new-fences.com/,605a7baede844d278b89dc95ae0a9123@sentry-next.wixpress.com,ChIJ7-JS1JjrpkARdK5gZpm_ENU,"stebostil@gmail.com, newfencesbg@gmail.com",,"605a7baede844d278b89dc95ae0a9123@sentry-next.wixpress.com, newfencesbg@gmail.com, stebostil@gmail.com"
Bulgaria,Izo - Gard,"8120 Kameno, Bulgaria",Burgas,,http://www.ogradi-bg.com/,izogard@gmail.com,ChIJZ9v5i2-MpkARdgfYryoBfeQ,,,izogard@gmail.com
Bulgaria,Лазерно рязане Avangard metal,"Промишлена зона, ul. ""Dimcho Debelyanov"", 4400 Pazardzhik, Bulgaria",Pazardzhik,,http://www.avangardmetal.com/,avangardmetal.eu@gmail.com,ChIJcQojRKO6rBQRk4IB5NAHmSM,"avangardmetal.eu@gmail.com, avangard666666@gmail.com",,"avangard666666@gmail.com, avangardmetal.eu@gmail.com"
Bulgaria,GardenMAX | Garden equipment service superstore,"Запад, Veliko Tarnovo, Bulgaria",Veliko Tarnovo,,https://www.garden-max.eu/,,ChIJy5nLWJUlqUARnz_cSLZf5DE,"gardenmax@abv.bg, GardenMAX@abv.bg",,GardenMAX@abv.bg
Bulgaria,Professional gardeners Ltd.,"Northern Industrial Zone, бул. „Освобождение“ 5, 5500 Lovech, Bulgaria",Lovech,,http://gradinari.bg/,profesionalni_gradinari@abv.bg,ChIJuUMr8O7dq0AR1ZSfc2wrs-8,,,profesionalni_gradinari@abv.bg
Bulgaria,Home Garden Decor - изделия от бетон за декорация,"ул. Шипка 14, 9793 Velino, Bulgaria",Velingrad,,https://homegardendecor.eu/,store@homegardendecor.eu,ChIJjxopgwB9r0ARNWc2xwsZtOk,store@homegardendecor.eu,,store@homegardendecor.eu
Bulgaria,Garden Decor - Градинско Обзавеждане,"bul, 2900 Gotse Delchev, Bulgaria",Gotse Delchev,,https://www.garden-decor.eu/,office@garden-decor.eu,ChIJ-20tBfu_qxQRdT6BmQJppgY,,,office@garden-decor.eu
Serbia,Ploting doo,"Put za Ovču 116, Beograd 11211, Serbia",Belgrade,,https://ploting.rs/,info@ploting.rs,ChIJb0QZaRBjWkcRgBZ3Rw2Ta_0,info@ploting.rs,,info@ploting.rs
Serbia,EUROFENCE DOO,"Dositeja Obradovića 44A, Ratina 36212, Serbia",Belgrade,,http://www.eurofence.rs/,jelenais517@gs.viser.edu.rs,ChIJ0-iR1QIBV0cR8yHVinntqLQ,prodaja@eurofence.rs,,"jelenais517@gs.viser.edu.rs, prodaja@eurofence.rs"
Serbia,Majstor Miki Kovane Kapije,"Žabaljska 104, Zrenjanin 23000, Serbia",Zrenjanin,,https://kovane-kapije.rs/,prodaja@kovane-kapije.rs,ChIJsyXNqRzbWkcRK0x_A45EN4c,prodaja@kovane-kapije.rs,,prodaja@kovane-kapije.rs
Albania,Thaci Gardening,"Hidrovor Sukth, Rruga Hamallaj, Durres 2010, Albania",Durrës,,http://www.thacigardening.com/,dd0a55ccb8124b9c9d938e3acf41f8aa@sentry.wixpress.com,ChIJXSi56Y0rThMRZ08ac53AnKw,shpresim.thaci@gmail.com,,"dd0a55ccb8124b9c9d938e3acf41f8aa@sentry.wixpress.com, shpresim.thaci@gmail.com"
Albania,Villa Green Garden,"AL, Rruga Skënderbeu, 9701, Albania",Sarandë,,http://green-garden.al/,info@green-garden.al,ChIJtT5cBowUWxMRK15A5qftKA4,info@green-garden.al,,info@green-garden.al
Montenegro,Motori za kapije,"B2 Ulica Jovana Tomasevica, Bar 85000, Montenegro",Bar,,http://www.bftmontenegro.me/,,ChIJ0bHLbpNzThMR8K6tEoBobE0,bftmontenegro@gmail.com,,bftmontenegro@gmail.com
Montenegro,Ploting doo,"Put za Ovču 116, Beograd 11211, Serbia",Petnjica,,https://ploting.rs/,info@ploting.rs,ChIJb0QZaRBjWkcRgBZ3Rw2Ta_0,info@ploting.rs,,info@ploting.rs
North Macedonia,DIMBAFENCE,"Bulevar Gevgelija br.1, Gevgelija 1480, North Macedonia",Gevgelija,,https://www.dimbafence.com/,,ChIJDfjKtmclVhMR5nBA94vrXk8,dimbafence@gmail.com,,dimbafence@gmail.com
North Macedonia,"FENCING SYSTEMS manufacturer, wholesale prices","Индустриална зона, ул. „Места“ 3, 2850 Petrich, Bulgaria",Resen,,https://www.fences.bg/,sofia@fences.bg,ChIJ593GeHMoqhQRRXIQbGT_3fc,"office@fences.bg, sofia@fences.bg",,"office@fences.bg, sofia@fences.bg"
